time,->1,3->1,1->2,3->2,2->2,->3,1->3,->4,2->4,4->4,->5,"2,3->5",5->5,->6,"4,5->6",5->6,6->6,->7,"4,5->7",5->7,7->7,6->8,7->8,8->8,->9,6->9,7->9,9->9,->10,"6,7->10",10->10
0.0,1.0,-0.49999999999999994,2.5000000000000004,1.9999999999999998,-1.9999999999999998,-1.5,4.000000000000001,20.0,-3.9999999999999996,-20.0,15.0,-0.19999999999999996,-15.0,12.0,9.0,15.0,-27.0,10.0,9.0,15.0,-27.0,8.1,10.8,-19.999999999999996,25.0,-5.4,-8.1,-7.999999999999999,30.0,-14.58,-8.0
0.10050251256281408,1.0,-0.6488373410316224,2.6103177986067454,2.5953493641264895,-2.5870051228237227,-1.5,4.176508477770793,20.0,-5.1740102456474455,-16.098212416689964,15.0,-0.335709105025626,-14.784547016904607,12.0,7.140143350880109,14.784547016904607,-34.0141637317282,10.0,7.140143350880109,14.784547016904607,-32.076493086051165,10.20424911951846,12.830597234420466,-22.344799673674522,25.0,-6.802832746345641,-9.62294792581535,-8.589861190945701,30.0,-21.821101755371842,-8.79139338415758
0.20100502512562815,1.0,-0.8543224177664454,2.677757094963666,3.4172896710657814,-3.382745992630073,-1.5,4.284411351941865,20.0,-6.765491985260146,-14.36824041639772,15.0,-0.5779911470226956,-14.585118583301941,12.0,6.286874709196572,14.585118583301941,-33.173599788095935,10.0,6.286874709196572,14.585118583301941,-31.19313806798201,9.95207993642878,12.477255227192805,-22.6164132404713,25.0,-6.634719957619187,-9.357941420394603,-8.71429921833388,30.0,-20.695773568041105,-8.783290008614467
0.30150753768844224,1.0,-1.1316633600238328,2.6814046504877993,4.526653440095331,-4.454649872406787,-1.5,4.290247440780479,20.0,-8.909299744813573,-12.609620146918134,15.0,-1.0082328084675205,-14.27265238711957,12.0,5.399181752717463,14.27265238711957,-32.06132080672755,10.0,5.399181752717463,14.27265238711957,-30.084544224892984,9.618396242018266,12.033817689957194,-21.995381404183163,25.0,-6.412264161345511,-9.025363267467895,-9.070149089759939,30.0,-19.291004474369533,-9.57437075454669
0.4020100502512563,1.0,-1.4901404755414724,2.6006921433956407,5.96056190216589,-5.8642892862444205,-1.5,4.1611074294330255,20.0,-11.728578572488841,-10.48184058825101,15.0,-1.7477229651434045,-13.742398858014031,12.0,4.321369023895975,13.742398858014031,-30.607064231550506,10.0,4.321369023895975,13.742398858014031,-28.640101267457684,9.18211926946515,11.456040506983074,-21.114659794182305,25.0,-6.121412846310101,-8.592030380237304,-9.615493112544092,30.0,-17.531788381823766,-10.952523641569188
0.5025125628140704,1.0,-1.9220505893691437,2.423777533224621,7.688202357476575,-7.62163839651902,-1.5,3.8780440531593943,20.0,-15.24327679303804,-7.995383541756043,15.0,-2.929834914397576,-12.88365074623214,12.0,3.090291874024722,12.88365074623214,-28.70800367725796,10.0,3.090291874024722,12.88365074623214,-26.755500097053137,8.612401103177387,10.702200038821255,-19.96081831047021,25.0,-5.741600735451592,-8.02665002911594,-10.381040993937717,30.0,-15.361939903461543,-12.912167535449605
0.6030150753768845,1.0,-2.3918230075746925,2.1579079537449912,9.56729203029877,-9.616707314013633,-1.5,3.452652725991986,20.0,-19.233414628027266,-5.399285964189943,15.0,-4.600292362153926,-11.631231941845313,12.0,1.884010421095294,11.631231941845313,-26.422827817567082,10.0,1.884010421095294,11.631231941845313,-24.487519004092864,7.926848345270124,9.795007601637145,-18.540464069312026,25.0,-5.284565563513417,-7.346255701227859,-11.389556951744842,30.0,-12.94058996649095,-15.36700056453027
0.7035175879396985,1.0,-2.836965679599195,1.8337819998055107,11.34786271839678,-11.590648824608229,-1.5,2.9340511996888172,20.0,-23.181297649216457,-3.121141890235789,15.0,-6.576454583940059,-10.061459826843764,12.0,0.9420973122745979,10.061459826843764,-23.994269354281496,10.0,0.9420973122745979,10.061459826843764,-22.074584382463968,7.1982808062844486,8.829833752985587,-16.96395247406804,25.0,-4.798853870856299,-6.62237531473919,-12.589175711486366,30.0,-10.593270471133122,-17.99262189917772
0.8040201005025126,1.0,-3.1886735210845183,1.4963931176876668,12.754694084338073,-13.221439235408175,-1.5,2.394228988300267,20.0,-26.44287847081635,-1.5212444123313218,15.0,-8.431770640114797,-8.422168871699832,12.0,0.3843653200735248,8.422168871699832,-21.74901680017986,10.0,0.3843653200735248,8.422168871699832,-19.837956615721037,6.5247050400539575,7.935182646288415,-15.413393721692252,25.0,-4.349803360035972,-5.951386984716311,-13.83279932577283,30.0,-8.62912103433112,-20.344350634210144
0.9045226130653267,1.0,-3.400756513013392,1.1866910029860431,13.603026052053568,-14.277516690432188,-1.5,1.8987056047776691,20.0,-28.555033380864376,-0.6388615288851449,15.0,-9.710871574928936,-7.013237854331375,12.0,0.13441463574159945,7.013237854331375,-19.929071995631862,10.0,0.13441463574159945,7.013237854331375,-18.01615660340327,5.9787215986895585,7.206462641361309,-14.053869266129226,25.0,-3.9858143991263724,-5.404846981020981,-14.94408808391009,30.0,-7.180905640676043,-22.144883292559054
1.0050251256281408,1.0,-3.464355864314239,0.9282102615271534,13.857423457256957,-14.700354791940386,-1.5,1.4851364184434455,20.0,-29.400709583880772,-0.24607159167015527,15.0,-10.185452066191722,-6.032177095242526,12.0,0.04453042257187746,6.032177095242526,-18.629550217266495,10.0,0.04453042257187746,6.032177095242526,-16.703874652880984,5.588865065179948,6.681549861152394,-12.977333161159791,25.0,-3.725910043453299,-5.011162395864295,-15.80770677929706,30.0,-6.223713433375425,-23.366985095548674
1.105527638190955,1.0,-3.4009609402478773,0.7262141521941197,13.60384376099151,-14.57285844159804,-1.5,1.1619426435105915,20.0,-29.14571688319608,-0.09460357627128298,15.0,-9.912344469527298,-5.539201833897586,12.0,0.015720849095254823,5.539201833897586,-17.850146179815468,10.0,0.015720849095254823,5.539201833897586,-15.902447072711494,5.3550438539446406,6.360978829084598,-12.212186102435965,25.0,-3.570029235963094,-4.770734121813448,-16.389857241879064,30.0,-5.677220097293575,-24.104062793154306
1.206030150753769,1.0,-3.2455488140226354,0.574634629028394,12.982195256090542,-14.040967767072512,-1.5,0.9194154064454305,20.0,-28.081935534145025,-0.03933958449937386,15.0,-9.11412925683045,-5.518543526996073,12.0,0.006512916281812039,5.518543526996073,-17.558513364505863,10.0,0.006512916281812039,5.518543526996073,-15.582305401106847,5.267554009351759,6.232922160442739,-11.756870821256934,25.0,-3.5117026729011727,-4.674691620332054,-16.702725490570618,30.0,-5.47204235270293,-24.454299629263833
1.306532663316583,1.0,-3.032884631142486,0.4633061762503368,12.131538524569944,-13.251863835393678,-1.5,0.7412898820005389,20.0,-26.503727670787356,-0.018789926265104964,15.0,-8.038274832071682,-5.931980259958101,12.0,0.0033438441507201264,5.931980259958101,-17.7218589651982,10.0,0.0033438441507201264,5.931980259958101,-15.714335383901405,5.316557689559461,6.285734153560562,-11.60443636734108,25.0,-3.5443717930396406,-4.714300615170421,-16.769893548220164,30.0,-5.569744708106489,-24.480593769652316
1.407035175879397,1.0,-2.790997825432378,0.3822535481138459,11.163991301729512,-12.324954026529902,-1.5,0.6116056769821534,20.0,-24.649908053059804,-0.0106965828561682,15.0,-6.879783977319798,-6.720493422443112,12.0,0.002156589441824884,6.720493422443112,-18.30335876119532,10.0,0.002156589441824884,6.720493422443112,-16.266727824296268,5.491007628358596,6.506691129718508,-11.750214354439906,25.0,-3.660671752239064,-4.88001834728888,-16.614188749569937,30.0,-5.954715104776255,-24.21304532603206
1.5075376884422111,1.0,-2.5399010740802273,0.3233351313179314,10.159604296320909,-11.345961149451972,-1.5,0.5173362101086902,20.0,-22.691922298903943,-0.0073874610371111316,15.0,-5.763523781993118,-7.777093922381147,12.0,0.001723589350006335,7.777093922381147,-19.230426625842,10.0,0.001723589350006335,7.777093922381147,-17.173141090409068,5.7691279877526,6.869256436163628,-12.180482916768746,25.0,-3.8460853251684,-5.15194232712272,-16.265351787250975,30.0,-6.604936593486878,-23.67363660983507
1.6080402010050252,1.0,-2.2927122210299236,0.28045677826638565,9.170848884119694,-10.371488892348053,-1.5,0.4487308452262171,20.0,-20.742977784696105,-0.006214766631731982,15.0,-4.755767866752497,-8.94501066069933,12.0,0.0016677346132380312,8.94501066069933,-20.3678680226628,10.0,0.0016677346132380312,8.94501066069933,-18.303006144849146,6.11036040679884,7.321202457939659,-12.846738837874486,25.0,-4.073573604532561,-5.490901843454743,-15.774771762162397,30.0,-7.455864271525473,-22.911370680451
1.7085427135678393,1.0,-2.057389455766612,0.24924746081228497,8.229557823066449,-9.436292953914744,-1.5,0.39879593729965596,20.0,-18.87258590782949,-0.006337504867446593,15.0,-3.8828259249817947,-10.068047618414365,12.0,0.0019141890236215532,10.068047618414365,-21.542966964425446,10.0,0.0019141890236215532,10.068047618414365,-19.482688638769563,6.462890089327634,7.793075455507825,-13.65043515981102,25.0,-4.308593392885089,-5.844806591630869,-15.216507820287893,30.0,-8.394298354463993,-22.02008938793408
1.8090452261306533,1.0,-1.8383106135225802,0.22663306355270302,7.353242454090321,-8.55993518544945,-1.5,0.36261290168432486,20.0,-17.1198703708989,-0.007754422484143651,15.0,-3.1471639404954206,-11.04791232781123,12.0,0.0025701053927288165,11.04791232781123,-22.614411641882302,10.0,0.0025701053927288165,11.04791232781123,-20.56511952920249,6.784323492564691,8.226047811680997,-14.468243976193081,25.0,-4.52288232837646,-6.169535858760747,-14.66555817261739,30.0,-9.301361569957958,-21.11366096275545
1.9095477386934674,1.0,-1.6374855996684055,0.2104669030994675,6.549942398673622,-7.75190236403771,-1.5,0.33674704495914803,20.0,-15.50380472807542,-0.011236730859157341,15.0,-2.538725698229444,-11.854808968820553,12.0,0.003996278933080834,11.854808968820553,-23.51557574503736,10.0,0.003996278933080834,11.854808968820553,-21.477975838347792,7.054672723511207,8.591190335339117,-15.20362975073781,25.0,-4.7031151490074725,-6.443392751504337,-14.17277568186214,30.0,-10.101339353534996,-20.280647441865128
2.0100502512562817,1.0,-1.4554161306434084,0.1992509549049698,5.821664522573633,-7.015239889658805,-1.5,0.3188015278479517,20.0,-14.03047977931761,-0.019007491460826507,15.0,-2.0420186591485017,-12.500900843509898,12.0,0.007128322981069597,12.500900843509898,-24.2424167010373,10.0,0.007128322981069597,12.500900843509898,-22.214440923269475,7.27272501031119,8.88577636930779,-15.814527165565343,25.0,-4.84848334020746,-6.664332276980843,-13.758220174079113,30.0,-10.770634672849488,-19.56306335495036
2.1105527638190957,1.0,-1.2916800322132043,0.1919380600224222,5.166720128852817,-6.349023467306186,-1.5,0.30710089603587554,20.0,-12.698046934612371,-0.036974026894774026,15.0,-1.6401813673544887,-13.01273534218952,12.0,0.014433996795500755,13.01273534218952,-24.82066490542729,10.0,0.014433996795500755,13.01273534218952,-22.799775692493075,7.446199471628186,9.11991027699723,-16.302194475387587,25.0,-4.964132981085458,-6.839932707747923,-13.420442777703485,30.0,-11.318111847645541,-18.965777474683605
2.21105527638191,1.0,-1.145318415346716,0.18779549766154496,4.581273661386864,-5.749998584839433,-1.5,0.30047279625847195,20.0,-11.499997169678865,-0.08143205826674169,15.0,-1.3171158534868317,-13.417048882945243,12.0,0.03277733719211155,13.417048882945243,-25.284747028790658,10.0,0.03277733719211155,13.417048882945243,-23.268762554590413,7.585424108637197,9.307505021836166,-16.687956719603886,25.0,-5.056949405758132,-6.980628766377124,-13.147845941074376,30.0,-11.766895497316305,-18.47384336599525
2.311557788944724,1.0,-1.0150876613671609,0.1863119569629194,4.0603506454686435,-5.2136490344374735,-1.5,0.29809913114067105,20.0,-10.427298068874947,-0.1995000326709735,15.0,-1.0584621611112583,-13.736392038741988,12.0,0.0822123198153098,13.736392038741988,-25.67495414856068,10.0,0.0822123198153098,13.736392038741988,-23.66192943513396,7.702486244568203,9.464771774053585,-16.999901026537852,25.0,-5.1349908297121365,-7.098578830540188,-12.9244558924747,30.0,-12.150379066270855,-18.061433106525435
2.412060301507538,1.0,-0.8996207163469829,0.18713425059857788,3.5984828653879317,-4.734882277109289,-1.5,0.2994148009577246,20.0,-9.469764554218578,-0.5301219737617311,15.0,-0.8519196371903386,-13.988792298247184,12.0,0.22247298551069097,13.988792298247184,-26.05465744625717,10.0,0.22247298551069097,13.988792298247184,-24.042101913083208,7.816397233877151,9.616840765233285,-17.274990649006153,25.0,-5.2109314892514345,-7.212630573924962,-12.728060455113688,30.0,-12.528174592667742,-17.68590329615208
2.512562814070352,1.0,-0.7975282613837712,0.1900241535188564,3.190113045535085,-4.308460657076412,-1.5,0.30403864563017025,20.0,-8.616921314152824,-1.4553164722181613,15.0,-0.6872238274157063,-14.188467751629085,12.0,0.6194613250344596,14.188467751629085,-26.56251551457529,10.0,0.6194613250344596,14.188467751629085,-24.545632274491027,7.968754654372586,9.818252909796412,-17.581679981659804,25.0,-5.312503102915058,-7.3636896823473075,-12.516908473236978,30.0,-13.039874762124557,-17.255987683832547
2.613065326633166,1.0,-0.7074603075910576,0.19482882819174244,2.8298412303642304,-3.9292651992662444,-1.5,0.31172612510678793,20.0,-7.858530398532489,-3.71607435867047,15.0,-0.5559598332959471,-14.346609503518012,12.0,1.599392031296441,14.346609503518012,-27.490037486900185,10.0,1.599392031296441,14.346609503518012,-25.460316535463008,8.247011246070056,10.184126614185203,-18.06981949079579,25.0,-5.498007497380037,-7.638094960638902,-12.201152958294921,30.0,-13.998101119764456,-16.56262800967701
2.71356783919598,1.0,-0.6281418950930844,0.2014604579585777,2.5125675803723375,-3.5924497461161056,-1.5,0.3223367327337243,20.0,-7.184899492232211,-7.480746943868754,15.0,-0.45131363831040816,-14.472026337225708,12.0,3.2478470038136797,14.472026337225708,-29.088454178501706,10.0,3.2478470038136797,14.472026337225708,-27.043702903828223,8.726536253550512,10.81748116153129,-18.957786330228984,25.0,-5.817690835700342,-8.113110871148466,-11.652588653327737,30.0,-15.733190254700418,-15.300179589511535
2.814070351758794,1.0,-0.5583919687856254,0.20988217022777686,2.2335678751425014,-3.29352376753344,-1.5,0.335811472364443,20.0,-6.58704753506688,-10.950529655026832,15.0,-0.36781544415904954,-14.571650384164055,12.0,4.787018689634148,14.571650384164055,-30.860513305637756,10.0,4.787018689634148,14.571650384164055,-28.82008041890947,9.258153991691326,11.528032167563788,-20.181547351460118,25.0,-6.172102661127552,-8.64602412567284,-10.894878077251303,30.0,-17.788049504746116,-13.538552967317877
2.9145728643216082,1.0,-0.49713144418261257,0.22009830134432995,1.9885257767304503,-3.0283892817249103,-1.5,0.35215728215092795,20.0,-6.056778563449821,-12.910257506546257,15.0,-0.3011015074342099,-14.650933915882144,12.0,5.674419886962918,14.650933915882144,-32.0558082486213,10.0,5.674419886962918,14.650933915882144,-30.03247465724165,9.616742474586388,12.01298986289666,-21.23553830528629,25.0,-6.41116164972426,-9.009742397172495,-10.182468514155937,30.0,-19.254304976882338,-11.90998494385535
3.0150753768844223,1.0,-0.4433844499850764,0.23214769570259425,1.7735377999403057,-2.793348780320272,-1.5,0.3714363131241508,20.0,-5.586697560640544,-13.893701775022723,15.0,-0.24770548251575755,-14.71416267049989,12.0,6.133025640392922,14.71416267049989,-32.70201116448063,10.0,6.133025640392922,14.71416267049989,-30.690081049710184,9.81060334934419,12.276032419884075,-21.87426091251499,25.0,-6.540402232896127,-9.207024314913054,-9.672970563343494,30.0,-20.072547462528757,-10.768948735883223
3.1155778894472363,1.0,-0.39627539021997654,0.24609915486030964,1.5851015608799062,-2.5850953815006177,-1.5,0.39375864777649544,20.0,-5.170190763001235,-14.487624504551436,15.0,-0.20488193621200332,-14.764703974465402,12.0,6.417164613087388,14.764703974465402,-33.08673099452136,10.0,6.417164613087388,14.764703974465402,-31.079648302420424,9.926019298356408,12.43185932096817,-22.233571878002014,25.0,-6.617346198904272,-9.323894490726127,-9.341851649795744,30.0,-20.566479255730343,-10.028386922500935
3.2160804020100504,1.0,-0.35502357543485646,0.2620484328599704,1.4200943017394259,-2.4006926597052125,-1.5,0.4192774925759527,20.0,-4.801385319410425,-14.931590936140825,15.0,-0.17046049831375196,-14.805203135118374,12.0,6.631957108201717,14.805203135118374,-33.363820535458366,10.0,6.631957108201717,14.805203135118374,-31.358714155630906,10.00914616063751,12.543485662252364,-22.465421548428004,25.0,-6.672764107091673,-9.407614246689272,-9.120765565779132,30.0,-20.924930226224145,-9.522974396469328
3.3165829145728645,1.0,-0.3189365768260949,0.2801163606573072,1.2757463073043795,-2.2375490774785685,-1.5,0.44818617705169156,20.0,-4.475098154957137,-15.301759462616213,15.0,-0.14272724865028025,-14.837738552422069,12.0,6.8113051889504925,14.837738552422069,-33.58816305411269,10.0,6.8113051889504925,14.837738552422069,-31.584055497985986,10.076448916233806,12.633622199194395,-22.640787342266616,25.0,-6.717632610822538,-9.475216649395795,-8.961265629738946,30.0,-21.217008119529957,-9.146053492383217
3.4170854271356785,1.0,-0.2874030597304052,0.30044780740839516,1.1496122389216208,-2.093390255639809,-1.5,0.4807164918534323,20.0,-4.186780511279618,-15.622405570418778,15.0,-0.12032935293613928,-14.863943896861466,12.0,6.966316797981623,14.863943896861466,-33.778386497239666,10.0,6.966316797981623,14.863943896861466,-31.774937690549724,10.1335159491719,12.70997507621989,-22.785411054402726,25.0,-6.7556772994479335,-9.532481307164916,-8.837217113816296,30.0,-21.46612252474193,-8.843582679174789
3.5175879396984926,1.0,-0.25988559339361916,0.32321127174107817,1.0395423735744767,-1.9662312087754263,-1.5,0.5171380347857251,20.0,-3.9324624175508527,-15.903145443693775,15.0,-0.10219903288833095,-14.885104087591486,12.0,7.101599257484644,14.885104087591486,-33.94212606977451,10.0,7.101599257484644,14.885104087591486,-31.93918723553473,10.182637820932353,12.775674894213893,-22.90869650776936,25.0,-6.788425213954902,-9.58175617066042,-8.735617060220816,30.0,-21.681678394293055,-8.58978322176915
3.6180904522613067,1.0,-0.23591370032649212,0.3485989299967891,0.9436548013059685,-1.8543496864551203,-1.5,0.5577582879948626,20.0,-3.7086993729102407,-16.149375033077174,15.0,-0.08749329924617959,-14.902230596539031,12.0,7.219851321987186,14.902230596539031,-34.08368002344369,10.0,7.219851321987186,14.902230596539031,-32.08116290254899,10.225104007033107,12.832465161019597,-23.01492356938356,25.0,-6.816736004688739,-9.624348870764697,-8.649907839616326,30.0,-21.868881823009037,-8.371881505646302
3.7185929648241207,1.0,-0.215077490840537,0.3768270757317611,0.860309963362148,-1.756262047419939,-1.5,0.6029233211708178,20.0,-3.512524094839878,-16.365005342851045,15.0,-0.07554648688350896,-14.9161201498888,12.0,7.32307157842615,14.9161201498888,-34.20611334421558,10.0,7.32307157842615,14.9161201498888,-32.20395414486591,10.261834003264674,12.881581657946365,-23.10670673756635,25.0,-6.841222668843116,-9.661186243459772,-8.57651749546013,30.0,-22.03144211222409,-8.182841663139671
3.819095477386935,1.0,-0.19702177828601392,0.408136769968047,0.7880871131440557,-1.670701281387007,-1.5,0.6530188319488752,20.0,-3.341402562774014,-16.553186672862168,15.0,-0.06583290748871805,-14.92740089407794,12.0,7.412881606209652,14.92740089407794,-34.31184258206017,10.0,7.412881606209652,14.92740089407794,-32.30999270619782,10.293552774618052,12.923997082479127,-23.185984332031964,25.0,-6.862368516412035,-9.692997811859344,-8.513263210608754,30.0,-22.17230767125144,-8.018218508044683
3.919597989949749,1.0,-0.18144096471884083,0.44279468339117034,0.7257638588753633,-1.5965983139220445,-1.5,0.7084714934258726,20.0,-3.193196627844089,-16.716525700700515,15.0,-0.05793766766929809,-14.936567978992755,12.0,7.490625675032782,14.936567978992755,-34.40284244756542,10.0,7.490625675032782,14.936567978992755,-32.40126088500114,10.320852734269625,12.960504354000458,-23.25428951026983,25.0,-6.8805684895130845,-9.720378265500342,-8.458658319174312,30.0,-22.29390946658317,-7.874862739029694
4.020100502512563,1.0,-0.16807465100871846,0.481094003905474,0.6722986040348738,-1.533066398443257,-1.5,0.7697504062487585,20.0,-3.066132796886514,-16.85717813521243,15.0,-0.051533919978308675,-14.944011612932718,12.0,7.557415974416701,14.944011612932718,-34.480717121297026,10.0,7.557415974416701,14.944011612932718,-32.47937254525553,10.344215136389108,12.991749018102212,-23.312879227523627,25.0,-6.896143424259406,-9.743811763576659,-8.41160094274765,30.0,-22.398241140203535,-7.750359963303091
4.120603015075377,1.0,-0.1567040171437809,0.5233552852953555,0.6268160685751236,-1.4793887091059135,-1.5,0.8373684564725687,20.0,-2.958777418211827,-16.976899804247772,15.0,-0.04636523072680979,-14.950038546698991,12.0,7.614159194308522,14.950038546698991,-34.54676990216751,10.0,7.614159194308522,14.950038546698991,-32.54563713639496,10.364030970650253,13.018254854557984,-23.362769317300206,25.0,-6.909353980433503,-9.763691140918487,-8.371236559656326,30.0,-22.486932749409494,-7.642790961973586
4.2211055276381915,1.0,-0.14714917904414468,0.5699271905475547,0.5885967161765787,-1.4350098749149447,-1.5,0.9118835048760876,20.0,-2.8700197498298894,-17.077081560345103,15.0,-0.04223210500279498,-14.954888598720531,12.0,7.661575569786768,14.954888598720531,-34.602040970271446,10.0,7.661575569786768,14.954888598720531,-32.60109918071736,10.380612291081434,13.040439672286945,-23.404772023900804,25.0,-6.920408194054289,-9.780329754215208,-8.336889803817789,30.0,-22.5612913905413,-7.550613067553516
4.3216080402010055,1.0,-0.13926738363057511,0.6211868136876846,0.5570695345223005,-1.399530748633821,-1.5,0.9938989019002954,20.0,-2.799061497267642,-17.158773166969514,15.0,-0.03898179713455447,-14.95874754494929,12.0,7.7002126795724095,14.95874754494929,-34.64732692957534,10.0,7.7002126795724095,14.95874754494929,-32.646561994363275,10.394198078872602,13.05862479774531,-23.439532131236827,25.0,-6.929465385915069,-9.793968598308982,-8.308026255738076,30.0,-22.622322130907072,-7.47259242257243
4.42211055276382,1.0,-0.13295239592335684,0.677539446907325,0.5318095836934273,-1.3727075607679409,-1.5,1.0840631150517201,20.0,-2.7454151215358817,-17.222695864749898,15.0,-0.03650095182124094,-14.961756208656986,12.0,7.730453303526984,14.961756208656986,-34.68321889404491,10.0,7.730453303526984,14.961756208656986,-32.68261947466498,10.404965668213473,13.073047789865994,-23.467526247037902,25.0,-6.936643778808983,-9.804785842399495,-8.284233769589239,30.0,-22.670768905411617,-7.407772797030325
4.522613065326634,1.0,-0.12813527301816038,0.7394174628182656,0.5125410920726415,-1.354455881647438,-1.5,1.183067940509225,20.0,-2.708911763294876,-17.269244959517284,15.0,-0.034710714837189516,-14.964017317259536,12.0,7.7525184189064085,14.964017317259536,-34.71009941727308,10.0,7.7525184189064085,14.964017317259536,-32.70965831815712,10.413029825181923,13.083863327262847,-23.48908903809206,25.0,-6.942019883454616,-9.812897495447135,-8.265208213941365,30.0,-22.707109842565337,-7.355450404201342
4.623115577889448,1.0,-0.12478683847164135,0.8072777799169166,0.4991473538865654,-1.3448600107222046,-1.5,1.2916444478670668,20.0,-2.6897200214444092,-17.298481099380393,15.0,-0.03356416578499232,-14.965599603086028,12.0,7.76646425624635,14.965599603086028,-34.728152710613536,10.0,7.76646425624635,14.965599603086028,-32.72786663941205,10.41844581318406,13.09114665576482,-23.504413389876365,25.0,-6.945630542122707,-9.818359991823614,-8.25074741186975,30.0,-22.731567010921918,-7.31516603849702
4.723618090452262,1.0,-0.12292229705939334,0.8815971991301658,0.49168918823757335,-1.3441885614970062,-1.5,1.4105555186082652,20.0,-2.6883771229940123,-17.310110041335342,15.0,-0.03304614913203472,-14.9665396616716,12.0,7.7721734544463565,14.9665396616716,-34.73735988230779,10.0,7.7721734544463565,14.9665396616716,-32.73722941225427,10.421207964692337,13.09489176490171,-23.513550541264607,25.0,-6.947471976461559,-9.821168823676281,-8.240748743688554,30.0,-22.744098392862966,-7.286704870214158
4.824120603015076,1.0,-0.122609036187947,0.9628647388815467,0.490436144751788,-1.3529189301687266,-1.5,1.5405835822104748,20.0,-2.705837860337453,-17.30344652815901,15.0,-0.033176017213683184,-14.966841049631329,12.0,7.76933801393253,14.966841049631329,-34.73748397062615,10.0,7.76933801393253,14.966841049631329,-32.73751379794381,10.421245191187845,13.095005519177526,-23.516403498492313,25.0,-6.947496794125231,-9.821254139383143,-8.235211658155881,30.0,-22.744377215884512,-7.270107664570996
4.92462311557789,1.0,-0.12397856004074517,1.0515693653872362,0.4959142401629807,-1.3717719914272737,-1.5,1.682510984619578,20.0,-2.7435439828545474,-17.277360648394016,15.0,-0.03401406324027577,-14.966470344665368,12.0,7.757433173348323,14.966470344665368,-34.72804394840526,10.0,7.757433173348323,14.966470344665368,-32.728243514880525,10.418413184521578,13.091297405952211,-23.512712598382798,25.0,-6.945608789681052,-9.818473054464157,-8.234245032569639,30.0,-22.731757582777604,-7.265693888598365
5.025125628140704,1.0,-0.12724448699077914,1.1481810052113486,0.5089779479631166,-1.4017609727002978,-1.5,1.8370896083381578,20.0,-2.8035219454005955,-17.230201135728127,15.0,-0.03567327117098899,-14.965348782406922,12.0,7.735679087615858,14.965348782406922,-34.708273288827485,10.0,7.735679087615858,14.965348782406922,-32.70865706901426,10.412481986648245,13.083462827605704,-23.502032119859507,25.0,-6.941654657765497,-9.812597120704277,-8.23808048134413,30.0,-22.70522016923772,-7.274099855027323
5.125628140703518,1.0,-0.13272934788230029,1.2531216253300428,0.5309173915292011,-1.444259688102245,-1.5,2.0049946005280685,20.0,-2.88851937620449,-17.15968718783745,15.0,-0.03833912931490108,-14.963337643884534,12.0,7.702985797651537,14.963337643884534,-34.67705849553541,10.0,7.702985797651537,14.963337643884534,-32.67764912589058,10.403117548660623,13.071059650356233,-23.483691347642914,25.0,-6.935411699107083,-9.803294737767175,-8.247094025457166,30.0,-22.663295004701787,-7.296338198354294
5.226130653266332,1.0,-0.14090435125303818,1.3667215052229515,0.5636174050121527,-1.501097880508254,-1.5,2.1867544083567227,20.0,-3.002195761016508,-17.06275944656066,15.0,-0.04230224460406523,-14.960213797297122,12.0,7.657875878771957,14.960213797297122,-34.63284553348042,10.0,7.657875878771957,14.960213797297122,-32.633671769452036,10.389853660044126,13.053468707780816,-23.456748694970155,25.0,-6.926569106696085,-9.79010153083561,-8.26183722442369,30.0,-22.60393827163466,-7.333882802992223
5.326633165829146,1.0,-0.1524485367555266,1.4891533375582409,0.6097941470221064,-1.574695960863349,-1.5,2.3826453400931853,20.0,-3.149391921726698,-16.93537075012455,15.0,-0.048012019013691114,-14.955629543196455,12.0,7.598373933466435,14.955629543196455,-34.573512702027536,10.0,7.598373933466435,14.955629543196455,-32.57461780920877,10.37205381060826,13.029847123683508,-23.41989015162337,25.0,-6.914702540405507,-9.77238534276263,-8.2830868193849,30.0,-22.524379251807435,-7.388800855204261
5.42713567839196,1.0,-0.16833686589154812,1.620333257872358,0.6733474635661925,-1.6682581959828626,-1.5,2.592533212595773,20.0,-3.3365163919657252,-16.77219325899616,15.0,-0.05616587124192862,-14.949046088134436,12.0,7.52184870083494,14.949046088134436,-34.4961562321055,10.0,7.52184870083494,14.949046088134436,-32.497596119590945,10.348846869631648,12.999038447836378,-23.371354147907233,25.0,-6.8992312464211,-9.749278835877282,-8.311911472751847,30.0,-22.420843058185493,-7.463932811284637
5.527638190954774,1.0,-0.18997178667857673,1.7597721873966135,0.7598871467143069,-1.7860557911233865,-1.5,2.8156354998345816,20.0,-3.572111582246773,-16.56620004939144,15.0,-0.06786004194946571,-14.939622169009674,12.0,7.424783085424125,14.939622169009674,-34.39680936257274,10.0,7.424783085424125,14.939622169009674,-32.39866488884276,10.31904280877182,12.959465955537105,-23.308701862709412,25.0,-6.879361872514548,-9.719599466652827,-8.349782096452653,30.0,-22.288213995668066,-7.563183891722773
5.628140703517588,1.0,-0.2193790455162996,1.9063533935802852,0.8775161820651984,-1.9338509658161134,-1.5,3.0501654297284566,20.0,-3.8677019316322268,-16.30805783854767,15.0,-0.08484927581030262,-14.926024281510513,12.0,7.30243401847321,14.926024281510513,-34.269962651613184,10.0,7.30243401847321,14.926024281510513,-32.27234675202244,10.280988795483955,12.908938700808978,-23.22859109129307,25.0,-6.853992530322637,-9.681704025606733,-8.39872989553154,30.0,-22.119442357434384,-7.691945287121989
5.728643216080402,1.0,-0.25949588501926085,2.058002320222179,1.0379835400770434,-2.119546497760964,-1.5,3.2928037123554867,20.0,-4.239092995521928,-15.985232627403335,15.0,-0.11000271885519125,-14.906097211216904,12.0,7.148322944639709,14.906097211216904,-34.10784222846217,10.0,7.148322944639709,14.906097211216904,-32.11091781413431,10.23235266853865,12.844367125653726,-23.1263415620215,25.0,-6.821568445692434,-9.633275344240293,-8.461600235944925,30.0,-21.90468237231217,-7.8577660840266494
5.8291457286432165,1.0,-0.3145838585566981,2.2112053491509682,1.2583354342267925,-2.354197635186249,-1.5,3.5379285586415494,20.0,-4.708395270372498,-15.580660410649774,15.0,-0.14811851517638883,-14.876282301547404,12.0,6.953469081401085,14.876282301547404,-33.89924720107038,10.0,6.953469081401085,14.876282301547404,-31.903254841259358,10.169774160321113,12.761301936503743,-22.995277901077085,25.0,-6.779849440214076,-9.570976452377806,-8.542454912501645,30.0,-21.62992644765193,-8.071416267627269
5.9296482412060305,1.0,-0.3907866183408594,2.3603344768447285,1.5631464733634377,-2.653595314681836,-1.5,3.776535162951566,20.0,-5.307190629363672,-15.070791658742735,15.0,-0.20739790789393267,-14.83057532989532,12.0,6.705255329284265,14.83057532989532,-33.62767922035593,10.0,6.705255329284265,14.83057532989532,-31.632986029450066,10.088303766106778,12.653194411780028,-22.82569382143866,25.0,-6.725535844071186,-9.48989580883502,-8.64722296897031,30.0,-21.27487813960695,-8.348598518030379
6.030150753768845,1.0,-0.4967924720229783,2.4967698481422262,1.9871698880919133,-3.040694089240959,-1.5,3.994831757027562,20.0,-6.081388178481918,-14.4228418340165,15.0,-0.3021187866519349,-14.75865447129886,12.0,6.385852173673316,14.75865447129886,-33.26840522818392,10.0,6.385852173673316,14.75865447129886,-31.275582552682156,9.980521568455176,12.510233021072864,-22.60318512183056,25.0,-6.653681045636785,-9.382674765804646,-8.784765886131568,30.0,-20.80977508220298,-8.712721715297272
6.130653266331659,1.0,-0.6443806058502959,2.607941003193264,2.5775224234011835,-3.549070706737221,-1.5,4.172705605109223,20.0,-7.098141413474442,-13.591451641876901,15.0,-0.45739046644257364,-14.642562746255606,12.0,5.9704105043664395,14.642562746255606,-32.78404217924485,10.0,5.9704105043664395,14.642562746255606,-30.794000051973924,9.835212653773455,12.31760002078957,-22.306193173728573,25.0,-6.55680843584897,-9.238200015592177,-8.968580624099536,30.0,-20.191035931431625,-9.199235441497256
6.231155778894473,1.0,-0.8482158539558465,2.6767303066935577,3.392863415823386,-4.226899205963673,-1.5,4.282768490709692,20.0,-8.453798411927346,-12.516358351523268,15.0,-0.7170645839143535,-14.451149692416518,12.0,5.426273044253711,14.451149692416518,-32.118937597919064,10.0,5.426273044253711,14.451149692416518,-30.133132090697938,9.635681279375719,12.053252836279176,-21.902730548296258,25.0,-6.423787519583813,-9.039939627209382,-9.219370469597184,30.0,-19.35688378501959,-9.861791943610877
6.331658291457287,1.0,-1.123552861852009,2.682286076759497,4.494211447408036,-5.138412986386509,-1.5,4.291657722815195,20.0,-10.276825972773018,-11.126689692700767,15.0,-1.154655723246418,-14.132088933679354,12.0,4.717301048241018,14.132088933679354,-31.195150534099955,10.0,4.717301048241018,14.132088933679354,-29.215855954067454,9.358545160229987,11.686342381626982,-21.34755495975123,25.0,-6.239030106819992,-8.764756786220236,-9.568282650582468,30.0,-18.227860489394292,-10.77854374717273
6.432160804020101,1.0,-1.479945913617571,2.603944654718155,5.919783654470284,-6.353725420653635,-1.5,4.166311447549048,20.0,-12.70745084130727,-9.36550837829342,15.0,-1.880633994508886,-13.605079111075165,12.0,3.8225544720635773,13.605079111075165,-29.919760513306922,10.0,3.8225544720635773,13.605079111075165,-27.950259658309914,8.975928153992076,11.180103863323966,-20.584354749117985,25.0,-5.983952102661385,-8.385077897492973,-10.058852926669879,30.0,-16.725301505227527,-12.050043816092655
6.532663316582915,1.0,-1.9102846509695048,2.429506524329285,7.641138603878019,-7.910342704494778,-1.5,3.887210438926856,20.0,-15.820685408989556,-7.253701047235542,15.0,-3.0222012504609954,-12.77068744406243,12.0,2.779042466607403,12.77068744406243,-28.22299977640195,10.0,2.779042466607403,12.77068744406243,-26.267226065111483,8.466899932920585,10.506890426044594,-19.562912152069586,25.0,-5.64459995528039,-7.880167819533445,-10.741191155726284,30.0,-14.826798307246817,-13.765486831453291
6.633165829145729,1.0,-2.379779156554426,2.1656279394931777,9.519116626217704,-9.740323048728085,-1.5,3.4650047031890843,20.0,-19.48064609745617,-4.98251915995759,15.0,-4.635963553893951,-11.561680540799172,12.0,1.7281888444752211,11.561680540799172,-26.137565628647803,10.0,1.7281888444752211,11.561680540799172,-24.198460971395487,7.84126968859434,9.679384388558196,-18.279500003973773,25.0,-5.227513125729561,-7.259538291418646,-11.646777978393368,30.0,-12.649777235042441,-15.909827749208198
6.733668341708543,1.0,-2.8264497210953556,1.8424584351476208,11.305798884381423,-11.615517783413218,-1.5,2.9479334962361934,20.0,-23.231035566826435,-2.9267404606547616,15.0,-6.566135399861287,-10.03707958059938,12.0,0.881277807460558,10.03707958059938,-23.863501990166082,10.0,0.881277807460558,10.03707958059938,-21.940210854005997,7.159050597049824,8.776084341602399,-16.820026560478134,25.0,-4.7727003980332166,-6.582063256201799,-12.742512404007835,30.0,-10.471405307584712,-18.259542864865466
6.834170854271357,1.0,-3.1812778571687694,1.5048426528995338,12.725111428675078,-13.209864189389432,-1.5,2.4077482446392544,20.0,-26.419728378778863,-1.4442772205910706,15.0,-8.404849688382255,-8.426623137541286,12.0,0.36511139532169606,8.426623137541286,-21.70829092065545,10.0,0.36511139532169606,8.426623137541286,-19.79450319790322,6.512487276196635,7.917801279161289,-15.349016608353686,25.0,-4.341658184131091,-5.9383509593709665,-13.904807104237511,30.0,-8.594096680998556,-20.44057223389138
6.934673366834171,1.0,-3.3972119977780944,1.1940501813444704,13.588847991112377,-14.26486719051794,-1.5,1.9104802901511526,20.0,-28.52973438103588,-0.6112001321286836,15.0,-9.692155593267728,-7.026736969264491,12.0,0.1288422769214389,7.026736969264491,-19.926808104342285,10.0,0.1288422769214389,7.026736969264491,-18.01229156710853,5.978042431302685,7.204916626843413,-14.032644378095489,25.0,-3.9853616208684572,-5.403687470132559,-14.968222433232363,30.0,-7.178549551544689,-22.166560478421893
7.035175879396985,1.0,-3.464445766584098,0.9341240053003802,13.857783066336392,-14.698472600345449,-1.5,1.4945984084806083,20.0,-29.396945200690897,-0.23618610327821868,15.0,-10.18441223510383,-6.042323382943304,12.0,0.04281338443692728,6.042323382943304,-18.63697321857528,10.0,0.04281338443692728,6.042323382943304,-16.710674245712852,5.591091965572584,6.684269698285141,-12.974585861392026,25.0,-3.7273946437150567,-5.013202273713856,-15.811249794863475,30.0,-6.228727767633723,-23.365885245664185
7.135678391959799,1.0,-3.403892927404568,0.730724281528245,13.615571709618273,-14.582189188282662,-1.5,1.169158850445192,20.0,-29.164378376565324,-0.09078934448710732,15.0,-9.927242128814143,-5.540987348969825,12.0,0.01509187827672975,5.540987348969825,-17.85463139353996,10.0,0.01509187827672975,5.540987348969825,-15.906990739829762,5.356389418061988,6.362796295931905,-12.214469457230878,25.0,-3.5709262787079923,-4.772097221948928,-16.388127910857953,30.0,-5.680269124802278,-24.100262916327228
7.236180904522613,1.0,-3.2503855633060033,0.5779732996302124,13.001542253224013,-14.058479066814499,-1.5,0.9247572794083398,20.0,-28.116958133628998,-0.03765931351257214,15.0,-9.1390954801627,-5.510657724307909,12.0,0.006225827607005665,5.510657724307909,-17.555317929415164,10.0,0.006225827607005665,5.510657724307909,-15.579568208683016,5.266595378824549,6.231827283473207,-11.757669425788492,25.0,-3.511063585883033,-4.673870462604905,-16.70238160129131,30.0,-5.470085462128789,-24.454206994175923
7.336683417085427,1.0,-3.038804740690461,0.4657433711982751,12.155218962761843,-13.274273994981078,-1.5,0.7451893939172402,20.0,-26.548547989962156,-0.01791664080870992,15.0,-8.067585349034522,-5.9146522694979415,12.0,0.0031791210066304666,5.9146522694979415,-17.709469750781853,10.0,0.0031791210066304666,5.9146522694979415,-15.702567711102231,5.312840925234556,6.281027084440893,-11.6006860649092,25.0,-3.541893950156371,-4.710770313330669,-16.77334733373106,30.0,-5.561682957787376,-24.4861628376737
7.437185929648241,1.0,-2.7973843855763847,0.3840251572046418,11.189537542305539,-12.349674223490197,-1.5,0.614440251527427,20.0,-24.699348446980395,-0.010151580427777633,15.0,-6.909357167949328,-6.695309238974584,12.0,0.0020390391068487944,6.695309238974584,-18.282031725111736,10.0,0.0020390391068487944,6.695309238974584,-16.24596629126222,5.484609517533521,6.498386516504889,-11.74054588417511,25.0,-3.656406345022347,-4.873789887378666,-16.622030432843182,30.0,-5.940185422839035,-24.22489742984084
7.5376884422110555,1.0,-2.546334146799859,0.3246235758658085,10.185336587199435,-11.371197194068854,-1.5,0.5193977213852936,20.0,-22.742394388137708,-0.006976110837252216,15.0,-5.790973541050453,-7.747303142063006,12.0,0.0016213813622647166,7.747303142063006,-19.202329333013243,10.0,0.0016213813622647166,7.747303142063006,-17.145359947774313,5.760698799903973,6.858143979109726,-12.164843779857552,25.0,-3.8404658666026488,-5.143607984332294,-16.27708795884282,30.0,-6.584616965004342,-23.691472064768302
7.63819095477387,1.0,-2.298927312546675,0.28139497622464693,9.1957092501867,-10.39609605317737,-1.5,0.4502319619594351,20.0,-20.79219210635474,-0.005839530460774692,15.0,-4.779973832101629,-8.914757152673806,12.0,0.0015617398783034323,8.914757152673806,-20.33693179577252,10.0,0.0015617398783034323,8.914757152673806,-18.272060197086496,6.1010795387317565,7.308824078834599,-12.826638410306412,25.0,-4.067386359154504,-5.481618059125949,-15.788974623828398,30.0,-7.431952839927958,-22.93357443663207
7.738693467336684,1.0,-2.063233236303066,0.24992952860876666,8.252932945212264,-9.459595845544102,-1.5,0.3998872457740267,20.0,-18.919191691088205,-0.005926435518726651,15.0,-3.9034705101041993,-10.040653642686896,12.0,0.0017851585913775524,10.040653642686896,-21.513347181994273,10.0,0.0017851585913775524,10.040653642686896,-19.452825256413465,6.454004154598282,7.7811301025653865,-13.628695208563576,25.0,-4.302669436398855,-5.835847576924039,-15.231266962086112,30.0,-8.369907668237794,-22.04394328286187
7.839195979899498,1.0,-1.843704778708945,0.22712485332391918,7.37481911483578,-8.581576721205677,-1.5,0.36339976531827073,20.0,-17.163153442411353,-0.0072190743184428075,15.0,-3.1643788019488692,-11.02489032013176,12.0,0.0023876850772113567,11.02489032013176,-22.58871281883088,10.0,0.0023876850772113567,11.02489032013176,-20.539104688962773,6.776613845649265,8.21564187558511,-14.447745852230005,25.0,-4.517742563766176,-6.161731406688832,-14.679261440184334,30.0,-9.279038747497657,-21.13649535409458
7.939698492462312,1.0,-1.6424004650718302,0.2108143526348243,6.569601860287321,-7.771732550842149,-1.5,0.33730296421571887,20.0,-15.543465101684298,-0.01041813316503367,15.0,-2.5528594311834056,-11.836212200694957,12.0,0.003699337046293089,11.836212200694957,-23.494479462605938,10.0,0.003699337046293089,11.836212200694957,-21.456599379793655,7.048343838781781,8.582639751917462,-15.186074449273297,25.0,-4.698895892521188,-6.4369798139380965,-14.18458434603225,30.0,-10.082232669318506,-20.3008525363574
8.040201005025127,1.0,-1.4598523852355711,0.19948614608896453,5.839409540942285,-7.033238766194903,-1.5,0.31917783374234326,20.0,-14.066477532389806,-0.017557844112102962,15.0,-2.053498077752183,-12.486126904047852,12.0,0.0065768840923562085,12.486126904047852,-24.22541172457759,10.0,0.0065768840923562085,12.486126904047852,-22.19722596470772,7.267623517373277,8.878890385883087,-15.800256759357355,25.0,-4.845082344915518,-6.659167789412316,-13.76799676072312,30.0,-10.75473876277057,-19.580194674992736
8.14070351758794,1.0,-1.2956565239256128,0.19208343890929197,5.182626095702451,-6.365249436169118,-1.5,0.30733350225486716,20.0,-12.730498872338236,-0.03404400440125288,15.0,-1.6494353916772693,-13.001059567099736,12.0,0.013278243873698827,13.001059567099736,-24.806732436726495,10.0,0.013278243873698827,13.001059567099736,-22.785702372909824,7.442019731017949,9.11428094916393,-16.29072551710155,25.0,-4.961346487345299,-6.835710711872947,-13.428460049219618,30.0,-11.304776442953159,-18.980161649033434
8.241206030150755,1.0,-1.1488641377318338,0.1878667623819306,4.595456550927335,-5.764554466465458,-1.5,0.300586819811089,20.0,-11.529108932930916,-0.07478129987937597,15.0,-1.324537979304806,-13.407829140180834,12.0,0.03007964674989896,13.407829140180834,-25.27247261017471,10.0,0.03007964674989896,13.407829140180834,-23.256415904840566,7.581741783052412,9.302566361936227,-16.678407739752522,25.0,-5.054494522034942,-6.976924771452169,-13.154607606382205,30.0,-11.754942679318294,-18.486323641852227
8.341708542713569,1.0,-1.018236582122157,0.18632002253017219,4.072946328488628,-5.226660119865352,-1.5,0.2981120360482755,20.0,-10.453320239730704,-0.18289847198786213,15.0,-1.064395307273176,-13.72910804591716,12.0,0.07533098650063537,13.72910804591716,-25.661837560917565,10.0,0.07533098650063537,13.72910804591716,-23.648838848240555,7.698551268275269,9.459535539296223,-16.990908239065874,25.0,-5.132367512183514,-7.094651654472166,-12.930784210409564,30.0,-12.13745322055732,-18.073638046900832
8.442211055276383,1.0,-0.902408498671065,0.1870865865767192,3.60963399468426,-4.74648237789483,-1.5,0.2993385385227507,20.0,-9.49296475578966,-0.486175179368282,15.0,-0.8566532073209482,-13.983032732341899,12.0,0.20394610340276642,13.983032732341899,-26.03482130124002,10.0,0.20394610340276642,13.983032732341899,-24.022500541605712,7.810446390372006,9.609000216642286,-17.263768029461993,25.0,-5.206964260248004,-7.206750162481713,-12.735667340310068,30.0,-12.508430176192926,-17.701603878665722
8.542713567839197,1.0,-0.7999902350467196,0.18992569836452364,3.1999609401868785,-4.318783439142872,-1.5,0.30388111738323786,20.0,-8.637566878285744,-1.341669376751247,15.0,-0.6909969157191573,-14.183908891651244,12.0,0.5709034860767459,14.183908891651244,-26.521400684265668,10.0,0.5709034860767459,14.183908891651244,-24.505224743674162,7.9564202052797,9.802089897469665,-17.561392648174103,25.0,-5.304280136853134,-7.3515674231022485,-12.529949088801189,30.0,-12.998257685699278,-17.28480314763133
8.643216080402011,1.0,-0.7096302600587681,0.1946826174591481,2.8385210402350722,-3.938438987370701,-1.5,0.311492187934637,20.0,-7.876877974741402,-3.4791421149115322,15.0,-0.5589670965666923,-14.342996580459458,12.0,1.497039703713258,14.342996580459458,-27.402750119135945,10.0,1.497039703713258,14.342996580459458,-25.37433664173569,8.220825035740782,10.149734656694278,-18.026110022383477,25.0,-5.480550023827189,-7.612300992520707,-12.228157362436665,30.0,-13.906532128646365,-16.624811997690646
8.743718592964825,1.0,-0.6300513974570482,0.20126805789104912,2.5202055898281928,-3.60059459432419,-1.5,0.32202889262567863,20.0,-7.20118918864838,-7.189948841085486,15.0,-0.4537119311660499,-14.469158829853772,12.0,3.1209753528056683,14.469158829853772,-28.959874342461518,10.0,3.1209753528056683,14.469158829853772,-26.91568336655683,8.687962302738455,10.766273346622732,-18.880164502673118,25.0,-5.791974868492304,-8.07470500996705,-11.69980796129683,30.0,-15.58949616273935,-15.410562264156102
8.84422110552764,1.0,-0.5600700474349551,0.2096439777370701,2.2402801897398206,-3.300749996508139,-1.5,0.3354303643793122,20.0,-6.601499993016278,-10.769313257619887,15.0,-0.36973024142304833,-14.569370531466806,12.0,4.707063456591058,14.569370531466806,-30.759003264953318,10.0,4.707063456591058,14.569370531466806,-28.71737467636221,9.227700979485995,11.486949870544883,-20.0983527320447,25.0,-6.151800652990664,-8.615212402908663,-10.948112922313435,30.0,-17.666356428622258,-13.66122309102405
8.944723618090453,1.0,-0.4986044728935402,0.21981375119477825,1.9944178915741608,-3.0347969522651654,-1.5,0.35170200191164525,20.0,-6.069593904530331,-12.835883861498628,15.0,-0.30263266694461904,-14.649117675309872,12.0,5.641031194611128,14.649117675309872,-32.007072812534865,10.0,5.641031194611128,14.649117675309872,-29.982559158419956,9.60212184376046,11.993023663367984,-21.18349628021239,25.0,-6.401414562506973,-8.994767747525987,-10.221988928432461,30.0,-19.193079081793634,-11.997870048648082
9.045226130653267,1.0,-0.44467617933488424,0.231815402392772,1.778704717339537,-2.7990277506715904,-1.5,0.37090464382843524,20.0,-5.598055501343181,-13.863859250484907,15.0,-0.24893219320419158,-14.71271256411521,12.0,6.1192492854520255,14.71271256411521,-32.68161016882381,10.0,6.1192492854520255,14.71271256411521,-30.669159819186262,9.804483050647143,12.267663927674505,-21.850453942940565,25.0,-6.536322033764762,-9.200747945755879,-9.696276751067606,30.0,-20.046350508320007,-10.8191978787675
9.145728643216081,1.0,-0.39740705926226133,0.24571700788465925,1.5896282370490453,-2.590125714298581,-1.5,0.3931472126154548,20.0,-5.180251428597162,-14.472015693859,15.0,-0.20586684864779264,-14.763543423131509,12.0,6.40974696349584,14.763543423131509,-33.07645992920787,10.0,6.40974696349584,14.763543423131509,-31.069201853145973,9.922937978762361,12.42768074125839,-22.22282985979694,25.0,-6.615291985841575,-9.320760555943792,-9.354703170233533,30.0,-20.553184202561074,-10.05588619362988
9.246231155778895,1.0,-0.35601406924249124,0.26161365817838717,1.424056276969965,-2.4051452233914614,-1.5,0.4185818530854195,20.0,-4.810290446782923,-14.92063717494808,15.0,-0.171253107619747,-14.804271978197288,12.0,6.626675124777978,14.804271978197288,-33.35698302712941,10.0,6.626675124777978,14.804271978197288,-31.351816834226018,10.007094908138823,12.540726733690407,-22.45940177916115,25.0,-6.671396605425882,-9.405545050267804,-9.12814448920919,30.0,-20.91604044017895,-9.539111454399897
9.34673366834171,1.0,-0.3198026059527167,0.27962555729320526,1.2792104238108668,-2.241486239831467,-1.5,0.44740089166912844,20.0,-4.482972479662934,-15.292796874874336,15.0,-0.1433666281410519,-14.836989514001926,12.0,6.8069720061681585,14.836989514001926,-33.582764460639225,10.0,6.8069720061681585,14.836989514001926,-31.578630637234145,10.074829338191767,12.63145225489366,-22.636501334113028,25.0,-6.7165528921278455,-9.473589191170243,-8.965951896247446,30.0,-21.209954293595196,-9.156744519171292
9.447236180904524,1.0,-0.2881593464121381,0.29989696563700524,1.1526373856485523,-2.0968666042711983,-1.5,0.47983514501920843,20.0,-4.193733208542397,-15.61467836209917,15.0,-0.12084634204004559,-14.863339804326936,12.0,6.962588112934533,14.863339804326936,-33.77383620482609,10.0,6.962588112934533,14.863339804326936,-31.770371359243157,10.132150861447826,12.708148543697263,-22.78193969497212,25.0,-6.754767240965219,-9.531111407772947,-8.840546011876075,30.0,-21.460146369071527,-8.85152532705343
9.547738693467338,1.0,-0.2605450436033311,0.3225957733861548,1.0421801744133243,-1.9692942123333408,-1.5,0.5161532374178477,20.0,-3.9385884246666816,-15.896390030221609,15.0,-0.10261796928403558,-14.884615712914476,12.0,7.098349704673606,14.884615712914476,-33.93821409937243,10.0,7.098349704673606,14.884615712914476,-31.935263133816903,10.181464229811729,12.774105253526763,-22.90574991785006,25.0,-6.7876428198744865,-9.58057894014507,-8.738197718429166,30.0,-21.67651595110547,-8.596163657310814
9.648241206030152,1.0,-0.2364876076101916,0.34791355358352033,0.9459504304407664,-1.8570404770832032,-1.5,0.5566616857336325,20.0,-3.7140809541664064,-16.14345674108719,15.0,-0.08783341193213912,-14.901834874134746,12.0,7.217013799602561,14.901834874134746,-34.080299402593546,10.0,7.217013799602561,14.901834874134746,-32.077772255077775,10.224089820778063,12.831108902031112,-23.012386713081728,25.0,-6.81605988051871,-9.623331676523332,-8.652021449406384,30.0,-21.864401652425176,-8.377237582029194
9.748743718592966,1.0,-0.2155756546764692,0.3760659686364149,0.8623026187058768,-1.7586158604855597,-1.5,0.6017055498182639,20.0,-3.5172317209711195,-16.35983092919898,15.0,-0.07582295308971936,-14.915798961114621,12.0,7.3205984753327105,14.915798961114621,-34.20319142067397,10.0,7.3205984753327105,14.915798961114621,-32.2010237258107,10.26095742620219,12.880409490324281,-23.104516626897713,25.0,-6.840638284134794,-9.66030711774321,-8.578299091159804,30.0,-22.027555568711346,-8.187433156537377
9.84924623115578,1.0,-0.19745266608890338,0.4072934356509993,0.7898106643556135,-1.6727480577387035,-1.5,0.6516694970415989,20.0,-3.345496115477407,-16.54868146682701,15.0,-0.06605771273910838,-14.92713989286377,12.0,7.4107344989330635,14.92713989286377,-34.30932395312484,10.0,7.4107344989330635,14.92713989286377,-32.30746611821412,10.29279718593745,12.92298644728565,-23.184092855613155,25.0,-6.861864790624968,-9.692239835464237,-8.514786217959527,30.0,-22.16894642308826,-8.022191139482421
9.949748743718594,1.0,-0.18181183669460857,0.44186196109729875,0.7272473467784343,-1.5983631535813818,-1.5,0.706979137755678,20.0,-3.1967263071627636,-16.712628770050824,15.0,-0.058120268131523545,-14.93635589985894,12.0,7.488773139951026,14.93635589985894,-34.40067909860511,10.0,7.488773139951026,14.93635589985894,-32.399091032440744,10.320203729581532,12.959636412976298,-23.252663881605393,25.0,-6.880135819721023,-9.719727309732223,-8.459966265055137,30.0,-22.29101467386977,-7.878306751658564
10.050251256281408,1.0,-0.16839164789102884,0.4800640382752982,0.6735665915641154,-1.5345698606818943,-1.5,0.7681024612404772,20.0,-3.0691397213637885,-16.853839371432702,15.0,-0.05168174952882615,-14.943839619344647,12.0,7.555832176106601,14.943839619344647,-34.478872526770424,10.0,7.555832176106601,14.943839619344647,-32.47752224834094,10.343661758031127,12.991008899336377,-23.31148937575295,25.0,-6.895774505354085,-9.743256674502282,-8.412723377019443,30.0,-22.395766991717952,-7.753339368502895
10.150753768844222,1.0,-0.15697224092633824,0.5222195005413268,0.627888963705353,-1.4806470727838645,-1.5,0.835551200866123,20.0,-2.961294145567729,-16.974078771520762,15.0,-0.046484097807181254,-14.949899499762163,12.0,7.6128231520584535,14.949899499762163,-34.54521468803282,10.0,7.6128231520584535,14.949899499762163,-32.54407699004717,10.363564406409846,13.017630796018867,-23.361592129449615,25.0,-6.909042937606564,-9.76322309701415,-8.372194962958918,30.0,-22.484842528900966,-7.645353613891589
10.251256281407036,1.0,-0.1473727868571617,0.5686762984276207,0.5894911474286468,-1.4360354695121753,-1.5,0.9098820774841931,20.0,-2.8720709390243506,-17.074747111391044,15.0,-0.042326509833548395,-14.954777288676759,12.0,7.660471209339896,14.954777288676759,-34.60074972547637,10.0,7.660471209339896,14.954777288676759,-32.59980375201487,10.380224917642911,13.03992150080595,-23.40378926728403,25.0,-6.920149945095274,-9.779941125604461,-8.337700390173373,30.0,-22.55955301446224,-7.552796103594988
10.35175879396985,1.0,-0.13944957314802742,0.6198107864283003,0.5577982925921097,-1.40033184826775,-1.5,0.9916972582852805,20.0,-2.8006636965355,-17.15690244713965,15.0,-0.03905513570130521,-14.958659719693712,12.0,7.699327966522271,14.958659719693712,-34.64628481326555,10.0,7.699327966522271,14.958659719693712,-32.6455155940656,10.393885443979665,13.05820623762624,-23.438727192377165,25.0,-6.929256962653111,-9.79365467821968,-8.308701765281048,30.0,-22.620916622957974,-7.474425281096074
10.452261306532664,1.0,-0.13309541880148895,0.6760275345826658,0.5323816752059558,-1.3732883966981622,-1.5,1.0816440553322655,20.0,-2.7465767933963243,-17.221274528271174,15.0,-0.03655567885875344,-14.961688751173359,12.0,7.729780481715093,14.961688751173359,-34.682412104282015,10.0,7.729780481715093,14.961688751173359,-32.681808596046814,10.404723631284604,13.072723438418727,-23.466890089097664,25.0,-6.936482420856404,-9.804542578814043,-8.284783306133098,30.0,-22.66967908082724,-7.409276547997133
10.552763819095478,1.0,-0.12824043643139502,0.737758268731277,0.5129617457255801,-1.35481665117387,-1.5,1.1804132299700434,20.0,-2.70963330234774,-17.268266823642247,15.0,-0.03474845572621163,-14.963968014245753,12.0,7.752053772313311,14.963968014245753,-34.709521591891345,10.0,7.752053772313311,14.963968014245753,-32.709076249204315,10.412856477567404,13.083630499681727,-23.488613428100926,25.0,-6.94190431837827,-9.812722874761294,-8.265638588757257,30.0,-22.70632776645155,-7.356640727410964
10.653266331658292,1.0,-0.12485434326018222,0.8054593120687679,0.49941737304072886,-1.3449962594537366,-1.5,1.2887348993100287,20.0,-2.689992518907473,-17.297949115926286,15.0,-0.03358572493229959,-14.965567133436124,12.0,7.766208562954707,14.965567133436124,-34.72779994530938,10.0,7.766208562954707,14.965567133436124,-32.72751003654275,10.418339983592814,13.091004014617102,-23.50409723593945,25.0,-6.945559989061876,-9.818253010962826,-8.251062350376511,30.0,-22.73108842514323,-7.316051177264876
10.753768844221106,1.0,-0.12295115294655692,0.879607045707592,0.4918046117862277,-1.344090961574602,-1.5,1.4073712731321473,20.0,-2.688181923149204,-17.31003635531493,15.0,-0.03305150667812873,-14.966523467129747,12.0,7.772131959860699,14.966523467129747,-34.73723481793097,10.0,7.772131959860699,14.966523467129747,-32.73710066926863,10.42117044537929,13.094840267707452,-23.513395111638612,25.0,-6.947446963586194,-9.821130200780589,-8.240949548161455,30.0,-22.743927064132585,-7.287287054515865
10.85427135678392,1.0,-0.12259679445573314,0.9606903036698788,0.49038717782293256,-1.3525724497597063,-1.5,1.5371044858718061,20.0,-2.7051448995194125,-17.303853826243664,15.0,-0.03316420932193563,-14.96684147465105,12.0,7.769521113537688,14.96684147465105,-34.73759746596799,10.0,7.769521113537688,14.96684147465105,-32.73762308796761,10.421279239790396,13.095049235187046,-23.516410538866698,25.0,-6.947519493193598,-9.821286926390284,-8.235297324221856,30.0,-22.744527456447976,-7.270383229188904
10.954773869346734,1.0,-0.12392090283279153,1.0491982446167945,0.4956836113311661,-1.3711546862556099,-1.5,1.6787171913868713,20.0,-2.7423093725112198,-17.27828413862379,15.0,-0.033982945328841635,-14.96648877040917,12.0,7.757857365979554,14.96648877040917,-34.728410889288035,10.0,7.757857365979554,14.96648877040917,-32.72860582863622,10.41852326678641,13.091442331454488,-23.51289221606797,25.0,-6.945682177857607,-9.818581748590866,-8.234211161579685,30.0,-22.732249421008518,-7.265650542247342
11.055276381909549,1.0,-0.12713472186290342,1.1456015940859066,0.5085388874516137,-1.4008427249800603,-1.5,1.8329625505374505,20.0,-2.8016854499601207,-17.23169038452445,15.0,-0.03561915004280234,-14.96538789026403,12.0,7.736367918280239,14.96538789026403,-34.70891751456217,10.0,7.736367918280239,14.96538789026403,-32.70929641363688,10.412675254368649,13.083718565454753,-23.502397913759758,25.0,-6.9417835029124335,-9.812788924091063,-8.237919515956717,30.0,-22.70608542360573,-7.273717040923774
11.155778894472363,1.0,-0.13255753841047427,1.250324039088595,0.5302301536418971,-1.4430000215886123,-1.5,2.000518462541752,20.0,-2.8860000431772246,-17.161809814931377,15.0,-0.038256106157609535,-14.963401917340866,12.0,7.703971736693504,14.963401917340866,-34.67801270114532,10.0,7.703971736693504,14.963401917340866,-32.67859755145855,10.403403810343596,13.071439020583421,-23.48426529027278,25.0,-6.935602540229064,-9.803579265437564,-8.24679410075577,30.0,-22.66457641890192,-7.295584201795305
11.256281407035177,1.0,-0.14065613818949954,1.3636988885709171,0.5626245527579982,-1.4994432133028222,-1.5,2.1819182217134676,20.0,-2.9988864266056443,-17.06560508023011,15.0,-0.0421811783635258,-14.960310299539646,12.0,7.659202423489278,14.960310299539646,-34.634157894905464,10.0,7.659202423489278,14.960310299539646,-32.63497699042528,10.39024736847164,13.053990796170112,-23.457556021906804,25.0,-6.926831578981093,-9.790493097127584,-8.261381934949721,30.0,-22.60569891965992,-7.33271378241657
11.35678391959799,1.0,-0.15210326463585552,1.485903958620568,0.6084130585434221,-1.5725754227082676,-1.5,2.377446333792909,20.0,-3.145150845416535,-16.939057641131306,15.0,-0.047838771136007596,-14.955769219244546,12.0,7.600099106167221,14.955769219244546,-34.57524271119315,10.0,7.600099106167221,14.955769219244546,-32.5763397956841,10.372572813357944,13.03053591827364,-23.420975910906705,25.0,-6.91504854223863,-9.77290193870523,-8.282452437410239,30.0,-22.52669710156156,-7.387153885216636
11.457286432160805,1.0,-0.16786487509854325,1.6168635606509627,0.671459500394173,-1.6655777585619076,-1.5,2.5869816970415407,20.0,-3.331155517123815,-16.77687716440909,15.0,-0.055918400481581254,-14.949245918792917,12.0,7.52404987440398,14.949245918792917,-34.49839437135725,10.0,7.52404987440398,14.949245918792917,-32.49982471278898,10.349518311407175,12.999929885115591,-23.372762814492454,25.0,-6.8996788742714505,-9.749947413836693,-8.311066823909629,30.0,-22.423835398835532,-7.461724830813479
11.557788944723619,1.0,-0.18933033782255917,1.7561014072441863,0.7573213512902367,-1.7826895156052383,-1.5,2.809762251590698,20.0,-3.5653790312104765,-16.572086838900887,15.0,-0.06750344164445483,-14.939908836404403,12.0,7.427563998064693,14.939908836404403,-34.39967228407898,10.0,7.427563998064693,14.939908836404403,-32.40151591167923,10.319901685223694,12.960606364671694,-23.31050948585655,25.0,-6.879934456815796,-9.72045477350377,-8.348682986872225,30.0,-22.292030577382725,-7.560297706744867
11.658291457286433,1.0,-0.21850628239774544,1.9025204355514294,0.8740251295909818,-1.9296277734564307,-1.5,3.044032696882287,20.0,-3.8592555469128613,-16.31542220330256,15.0,-0.08432715823788073,-14.92644042002886,12.0,7.3059353233563495,14.92644042002886,-34.27361642714796,10.0,7.3059353233563495,14.92644042002886,-32.27598494845015,10.282084928144387,12.91039397938006,-23.23089766385142,25.0,-6.854723285429592,-9.682795484535045,-8.397315437518289,30.0,-22.12429455863163,-7.688219321244005
11.758793969849247,1.0,-0.2583020255864588,2.0540759096327994,1.0332081023458353,-2.1142297152174465,-1.5,3.2865214554124793,20.0,-4.228459430434893,-15.994445650642685,15.0,-0.1092219635991497,-14.906712395265014,12.0,7.152738037074837,14.906712395265014,-34.11252245270508,10.0,7.152738037074837,14.906712395265014,-32.115577426311106,10.233756735811523,12.846230970524443,-23.129288789983235,25.0,-6.822504490541016,-9.634673227893332,-8.459784395680918,30.0,-21.91086712073252,-7.852972132045587
11.859296482412061,1.0,-0.31293880053681067,2.2072986688324705,1.2517552021472427,-2.3474528930871044,-1.5,3.531677870131953,20.0,-4.694905786174209,-15.592230852581379,15.0,-0.14692181853586891,-14.877212496933444,12.0,6.959067950852846,14.877212496933444,-33.90529189905801,10.0,6.959067950852846,14.877212496933444,-31.909275380726502,10.171587569717401,12.763710152290601,-22.999074012331622,25.0,-6.7810583798116015,-9.57278261421795,-8.540113101857944,30.0,-21.63786592141915,-8.065224118936625
11.959798994974875,1.0,-0.38850396784047486,2.3566250565660893,1.5540158713618994,-2.644940853620937,-1.5,3.7706000905057433,20.0,-5.289881707241874,-15.085425050351915,15.0,-0.20551400326702135,-14.832017979740144,12.0,6.712418867365259,14.832017979740144,-33.63560912367712,10.0,6.712418867365259,14.832017979740144,-31.640876631382888,10.090682737103135,12.656350652553156,-22.83062925972282,25.0,-6.727121824735424,-9.492262989414867,-8.644173290813557,30.0,-21.28520317407369,-8.340526834851014
12.06030150753769,1.0,-0.4936124037042686,2.493524127177111,1.9744496148170745,-3.0294255498882974,-1.5,3.9896386034833777,20.0,-6.058851099776595,-14.441521162578619,15.0,-0.29907240550469766,-14.76095148424075,12.0,6.395117797183771,14.76095148424075,-33.27898567329137,10.0,6.395117797183771,14.76095148424075,-31.28610551348978,9.983695701987411,12.514442205395913,-22.60970920703402,25.0,-6.655797134658275,-9.385831654046934,-8.780731799916381,30.0,-20.823397143130173,-8.702041302819982
12.160804020100503,1.0,-0.6399612906837727,2.6055372732030957,2.559845162735091,-3.5341609277177293,-1.5,4.168859637124953,20.0,-7.0683218554354585,-13.615522663211362,15.0,-0.45234523775727953,-14.646309920552074,12.0,5.982514939670825,14.646309920552074,-32.79843477021846,10.0,5.982514939670825,14.646309920552074,-30.80830603621096,9.839530431065539,12.323322414484386,-22.31497448788298,25.0,-6.559686954043693,-9.242491810863289,-8.963138933533802,30.0,-20.20928431819186,-9.184839517622686
12.261306532663317,1.0,-0.8421573547874334,2.675662484794772,3.3686294191497335,-4.206905610435627,-1.5,4.281059975671635,20.0,-8.413811220871255,-12.547543813504875,15.0,-0.7085753001449762,-14.457372466947694,12.0,5.442135433715557,14.457372466947694,-32.13884186902151,10.0,5.442135433715557,14.457372466947694,-30.15290337602845,9.641652560706452,12.061161350411382,-21.914747085309195,25.0,-6.4277683738043025,-9.045871012808535,-9.211874035693347,30.0,-19.381587869881265,-9.842020317954809
12.361809045226131,1.0,-1.115497785534414,2.683112049534898,4.461991142137656,-5.111528346895344,-1.5,4.292979279255837,20.0,-10.223056693790689,-11.166805351597604,15.0,-1.1403797103316282,-14.142463265895717,12.0,4.7377840344713045,14.142463265895717,-31.2228274270366,10.0,4.7377840344713045,14.142463265895717,-29.243329246020686,9.36684822811098,11.697331698408275,-21.364135628801375,25.0,-6.24456548540732,-8.772998773806206,-9.557778207151975,30.0,-18.261188448810323,-10.751064474294852
12.462311557788945,1.0,-1.469803181504895,2.607132629135014,5.87921272601958,-6.318313194545162,-1.5,4.171412206616022,20.0,-12.636626389090324,-9.41541383645361,15.0,-1.8573353670173676,-13.62200527926901,12.0,3.8477045096002067,13.62200527926901,-29.957559064759018,10.0,3.8477045096002067,13.62200527926901,-27.987759034094644,8.987267719427704,11.195103613637858,-20.606988421859835,25.0,-5.991511812951804,-8.396327710228393,-10.04408732551327,30.0,-16.768898887082663,-12.012166406275032
12.56281407035176,1.0,-1.8985476789540003,2.4351748236996493,7.594190715816001,-7.866403831149362,-1.5,3.8962797179194393,20.0,-15.732807662298724,-7.311105956361089,15.0,-2.9869485470686956,-12.796652369508214,12.0,2.8067304408058127,12.796652369508214,-28.2718293392903,10.0,2.8067304408058127,12.796652369508214,-26.315657375379686,8.48154880178709,10.526262950151875,-19.59252023292187,25.0,-5.65436586785806,-7.894697212613906,-10.720950045346209,30.0,-14.879835485359411,-13.715702321822171
12.663316582914574,1.0,-2.367722070386322,2.1733074080889776,9.470888281545289,-9.691539021418228,-1.5,3.4772918529423644,20.0,-19.383078042836456,-5.039891486838656,15.0,-4.589374167404439,-11.597250798104117,12.0,1.7534665670429324,11.597250798104117,-26.19459146173031,10.0,1.7534665670429324,11.597250798104117,-24.25504802329483,7.858377438519093,9.702019209317932,-18.31518202444738,25.0,-5.238918292346063,-7.276514406988449,-11.620849372005758,30.0,-12.707021477097149,-15.85085161619692
12.763819095477388,1.0,-2.815873117565089,1.85112492012349,11.263492470260356,-11.569546995137848,-1.5,2.9617998721975844,20.0,-23.139093990275697,-2.973377765493052,15.0,-6.515675273202925,-10.078513530590264,12.0,0.8990168412323392,10.078513530590264,-23.921660229590586,10.0,0.8990168412323392,10.078513530590264,-21.998019660118988,7.176498068877176,8.799207864047595,-16.858374779743837,25.0,-4.784332045918117,-6.599405898035696,-12.712895751293498,30.0,-10.524583040664405,-18.199775619846772
12.864321608040202,1.0,-3.173789439375447,1.5133101916123488,12.695157757501788,-13.174957255530517,-1.5,2.4212963065797584,20.0,-26.349914511061034,-1.4737671996553923,15.0,-8.362908040365134,-8.46646390815096,12.0,0.37432790414697265,8.46646390815096,-21.759688802815383,10.0,0.37432790414697265,8.46646390815096,-19.845775032368802,6.5279066408446145,7.938310012947522,-15.385406364897927,25.0,-4.351937760563077,-5.95373250971064,-13.875565497317616,30.0,-8.636757775100572,-20.38957045846576
12.964824120603016,1.0,-3.393568407147648,1.201443278333581,13.574273628590593,-14.245614875651462,-1.5,1.9223092453337298,20.0,-28.491229751302924,-0.6257488774343137,15.0,-9.668693716480675,-7.058002399536949,12.0,0.13249611235316816,7.058002399536949,-19.966574852707755,10.0,0.13249611235316816,7.058002399536949,-18.052217490271065,5.989972455812326,7.220886996108426,-14.063455931207201,25.0,-3.993314970541551,-5.41566524708132,-14.943357084283935,30.0,-7.208819035537147,-22.128975922350413
13.06532663316583,1.0,-3.464451077103661,0.9400750569418531,13.857804308414645,-14.694748952039458,-1.5,1.504120091106965,20.0,-29.389497904078915,-0.24212201144688372,15.0,-10.1818477669322,-6.061586477272372,12.0,0.0440293053130925,6.061586477272372,-18.66364432318362,10.0,0.0440293053130925,6.061586477272372,-16.737776601269683,5.599093296955086,6.695110640507874,-12.998063050286728,25.0,-3.7327288646367247,-5.021332980380905,-15.792901123442727,30.0,-6.247758184940052,-23.341321979963567
13.165829145728644,1.0,-3.40676377130966,0.7352675349885699,13.62705508523864,-14.590917031537469,-1.5,1.176428055981712,20.0,-29.181834063074938,-0.09298307100359413,15.0,-9.941561506645387,-5.547830182285354,12.0,0.015475628632659647,5.547830182285354,-17.86852799118621,10.0,0.015475628632659647,5.547830182285354,-15.921532937979164,5.360558397355862,6.3686131751916655,-12.230159462729324,25.0,-3.573705598237242,-4.776459881393749,-16.37668685492404,30.0,-5.689887139297477,-24.086507197184854
13.266331658291458,1.0,-3.255184276479197,0.5813382922150804,13.020737105916789,-14.075743466049921,-1.5,0.9301412675441286,20.0,-28.151486932099843,-0.038460843018394454,15.0,-9.1638277620881,-5.505829604209152,12.0,0.0063527654428055125,5.505829604209152,-17.55720772737706,10.0,0.0063527654428055125,5.505829604209152,-15.582234841504809,5.267162318213118,6.232893936601924,-11.765623779439597,25.0,-3.5114415454754124,-4.674670452451442,-16.697450697131522,30.0,-5.471610679381446,-24.449330714323324
13.366834170854272,1.0,-3.044705315995096,0.46820029907887545,12.178821263980383,-13.296574121589186,-1.5,0.7491204785262008,20.0,-26.593148243178373,-0.018223468267812626,15.0,-8.096829982505083,-5.899268012248567,12.0,0.0032251537027360145,5.899268012248567,-17.700102055830495,10.0,0.0032251537027360145,5.899268012248567,-15.693998856271921,5.310030616749148,6.277599542508769,-11.60098903709242,25.0,-3.540020411166099,-4.708199656881576,-16.774397277079732,30.0,-5.5557076284020015,-24.489084010445467
13.467336683417086,1.0,-2.803764568886601,0.38581115945846073,11.215058275546404,-12.374354283789968,-1.5,0.6172978551335372,20.0,-24.748708567579936,-0.010276200074716508,15.0,-6.938955220748089,-6.671329167586677,12.0,0.002056677398712379,6.671329167586677,-18.262584893902293,10.0,0.002056677398712379,6.671329167586677,-16.227191384899374,5.478775468170688,6.49087655395975,-11.73330693488127,25.0,-3.652516978780459,-4.868157415469812,-16.628485185654654,30.0,-5.927009205126495,-24.235110701773827
13.5678391959799,1.0,-2.552769449188764,0.3259224346356445,10.211077796755056,-11.396433597385563,-1.5,0.5214758954170312,20.0,-22.792867194771127,-0.007026181141467967,15.0,-5.818493503422854,-7.718162224555545,12.0,0.0016268761760688786,7.718162224555545,-19.17535723701625,10.0,0.0016268761760688786,7.718162224555545,-17.118772575103,5.7526071711048745,6.847509030041201,-12.150693657557238,25.0,-3.83507144740325,-5.135631772530901,-16.287992975347684,30.0,-6.565171591736734,-23.708250215628006
13.668341708542714,1.0,-2.3051498545424143,0.2823407425727198,9.220599418169657,-10.420727266473572,-1.5,0.45174518811635167,20.0,-20.841454532947143,-0.00585193517367988,15.0,-4.804267588507545,-8.88475897154807,12.0,0.001559791006058101,8.88475897154807,-20.3065839308029,10.0,0.001559791006058101,8.88475897154807,-18.24174496414379,6.09197517924087,7.2966979856575165,-12.807408884716011,25.0,-4.061316786160581,-5.472523489243137,-15.802701443909223,30.0,-7.408550503173741,-22.955130063396478
13.768844221105528,1.0,-2.069087346479378,0.2506171670591789,8.276349385917513,-9.482935904227345,-1.5,0.40098746729468626,20.0,-18.96587180845469,-0.0059104125568997,15.0,-3.924204537382356,-10.013287405872456,12.0,0.0017754797885854256,10.013287405872456,-21.483982428204627,10.0,0.0017754797885854256,10.013287405872456,-19.42323820781396,6.445194728461388,7.769295283125584,-13.607403951722018,25.0,-4.296796485640925,-5.826971462344187,-15.245782114336839,30.0,-8.345770167110157,-22.06744509413485
13.869346733668342,1.0,-1.8491106063547484,0.22762082065491324,7.396442425418994,-8.603261778501198,-1.5,0.3641933130478612,20.0,-17.206523557002395,-0.007167046148235105,15.0,-3.1816765207745963,-11.00180064060984,12.0,0.002365512387147998,11.00180064060984,-22.563128429106293,10.0,0.002365512387147998,11.00180064060984,-20.51321124472496,6.768938528731888,8.205284497889984,-14.427447041886836,25.0,-4.512625685821258,-6.153963373417488,-14.692850003420437,30.0,-9.256844396162332,-21.15915097955864
13.969849246231156,1.0,-1.6473273411251568,0.21116500885496897,6.589309364500627,-7.79160835365301,-1.5,0.33786401416795037,20.0,-15.58321670730602,-0.010300005727491093,15.0,-2.567065894462355,-11.817525824177672,12.0,0.0036516175102141173,11.817525824177672,-23.473508729290504,10.0,0.0036516175102141173,11.817525824177672,-21.435347499412767,7.042052618787151,8.574138999765108,-15.168622851897927,25.0,-4.694701745858101,-6.43060424982383,-14.196323454905617,30.0,-10.06325633285682,-20.320930601106753
14.07035175879397,1.0,-1.4643003952250178,0.19972386624688737,5.857201580900071,-7.051282742901777,-1.5,0.31955818599501984,20.0,-14.102565485803554,-0.017293058738589055,15.0,-2.065039221454884,-12.471270315732628,12.0,0.006469992303443592,12.471270315732628,-24.208676950376326,10.0,0.006469992303443592,12.471270315732628,-22.18027510653327,7.2626030851128975,8.872110042613308,-15.786118153705436,25.0,-4.841735390075265,-6.654082531959981,-13.777680862462118,30.0,-10.739102294490756,-19.597133497674115
14.170854271356784,1.0,-1.2996441652910968,0.19223087318434245,5.198576661164387,-6.381518462042427,-1.5,0.30756939709494796,20.0,-12.763036924084854,-0.03341660794437751,15.0,-1.658740646978171,-12.989315253481733,12.0,0.013021765658745648,12.989315253481733,-24.793423757478454,10.0,0.013021765658745648,12.989315253481733,-22.77223938492661,7.438027127243536,9.108895753970645,-16.279543308874963,25.0,-4.958684751495691,-6.831671815477983,-13.436285165833901,30.0,-11.292035619544519,-18.99413254411315
14.271356783919598,1.0,-1.1524202171098727,0.1879397527029462,4.609680868439491,-5.7791505323247705,-1.5,0.30070360432471394,20.0,-11.558301064649541,-0.07318353302288538,15.0,-1.3320019822344698,-13.398554550072392,12.0,0.02941660678122462,13.398554550072392,-25.261673400736818,10.0,0.02941660678122462,13.398554550072392,-23.24551329052023,7.578502020221045,9.298205316208092,-16.66953386133541,25.0,-5.052334680147364,-6.9736539871560685,-13.160929906985913,30.0,-11.744411295552181,-18.497843556174598
14.371859296482413,1.0,-1.0213949852642903,0.1863295866281149,4.085579941057161,-5.23970813464434,-1.5,0.29812733860498386,20.0,-10.47941626928868,-0.17854354663578847,15.0,-1.0703623225948478,-13.721780653221833,12.0,0.07349806151953718,13.721780653221833,-25.652400742075166,10.0,0.07349806151953718,13.721780653221833,-23.63934886195437,7.695720222622549,9.455739544781748,-16.983575014861202,25.0,-5.1304801484150335,-7.0918046585863115,-12.936052132638553,30.0,-12.12812100577144,-18.083483541927883
14.472361809045227,1.0,-0.9052048727457986,0.18704026872664525,3.6208194909831946,-4.758116052541246,-1.5,0.2992644299626324,20.0,-9.516232105082493,-0.473789452858995,15.0,-0.8614139671700681,-13.97723893667365,12.0,0.19866805164858148,13.97723893667365,-26.02464611200797,10.0,0.19866805164858148,13.97723893667365,-24.01235026544947,7.807393833602391,9.60494010617979,-17.25684852185545,25.0,-5.204929222401595,-7.20370507963484,-12.740567498749668,30.0,-12.498258359518063,-17.71117279687719
14.57286432160804,1.0,-0.8024599339848326,0.18982849255137793,3.2098397359393305,-4.329136511301064,-1.5,0.30372558808220473,20.0,-8.658273022602128,-1.3074480955968706,15.0,-0.6947917198139961,-14.17932305859532,12.0,0.5561618678943974,14.17932305859532,-26.50557478020253,10.0,0.5561618678943974,14.17932305859532,-24.48958714640293,7.951672434060758,9.795834858561172,-17.55252372785507,25.0,-5.301114956040506,-7.346876143920879,-12.53591854669194,30.0,-12.982211668905391,-17.29733600116342
14.673366834170855,1.0,-0.7118071188373574,0.19453760156443645,2.8472284753494295,-3.947639954388402,-1.5,0.31126016250309835,20.0,-7.895279908776804,-3.402251791979776,15.0,-0.5619916444280891,-14.339362406166211,12.0,1.4635836432667926,14.339362406166211,-27.372119380806094,10.0,1.4635836432667926,14.339362406166211,-25.344131622778196,8.211635814241827,10.13765264911128,-18.010244027650902,25.0,-5.474423876161219,-7.603239486833458,-12.238194452922944,30.0,-13.874451927630954,-16.64738409216297
14.773869346733669,1.0,-0.6319670470872532,0.20107683136859483,2.5278681883490126,-3.6087637372765515,-1.5,0.32172293018975173,20.0,-7.217527474553103,-7.085984060573374,15.0,-0.45612395253644444,-14.466274576258138,12.0,3.07523373189729,14.466274576258138,-28.91294304646271,10.0,3.07523373189729,14.466274576258138,-26.86901412768427,8.673882913938813,10.747605651073709,-18.852377406329875,25.0,-5.782588609292542,-8.06070423830528,-11.716801881756332,30.0,-15.537245503766746,-15.450070753582931
14.874371859296483,1.0,-0.5617535795944525,0.2094069644131614,2.24701431837781,-3.307997887576785,-1.5,0.33505114306105827,20.0,-6.61599577515357,-10.695790491355174,15.0,-0.3716559309274292,-14.567077475969818,12.0,4.674192262629363,14.567077475969818,-30.717780464662805,10.0,4.674192262629363,14.567077475969818,-28.675798875953596,9.215334139398841,11.47031955038144,-20.06638355562035,25.0,-6.143556092932561,-8.602739662786078,-10.968298379017522,30.0,-17.617137890407342,-13.7079934371595
14.974874371859297,1.0,-0.5000823275686561,0.2195304084240901,2.0003293102746245,-3.0412239093662303,-1.5,0.35124865347854417,20.0,-6.082447818732461,-12.799344777986784,15.0,-0.3041724662506624,-14.647291016906502,12.0,5.624271833666849,14.647291016906502,-31.983531223928328,10.0,5.624271833666849,14.647291016906502,-29.958598036672367,9.595059367178498,11.983439214668948,-21.16087595402624,25.0,-6.3967062447856655,-8.98757941100171,-10.238342959459414,30.0,-19.163635114620572,-12.034862351419475
15.075376884422111,1.0,-0.4459721715027327,0.23148436433637837,1.7838886860109309,-2.8047238831500727,-1.5,0.3703749829382054,20.0,-5.609447766300145,-13.84450840134449,15.0,-0.25016576012680297,-14.711254227746737,12.0,6.11010248251063,14.711254227746737,-32.668860946162404,10.0,6.11010248251063,14.711254227746737,-30.656203985226814,9.80065828384872,12.262481594090726,-21.837874901635985,25.0,-6.533772189232481,-9.196861195568044,-9.707165656854949,30.0,-20.03006530261129,-10.843466681837183
15.175879396984925,1.0,-0.3985424889845556,0.2453361817803574,1.5941699559382223,-2.5951713231513716,-1.5,0.3925378908485719,20.0,-5.190342646302743,-14.45899953011354,15.0,-0.20685720769401802,-14.762376360071135,12.0,6.403475785608833,14.762376360071135,-33.0681721521204,10.0,6.403475785608833,14.762376360071135,-31.060832853399305,9.920451645636119,12.424333141359723,-22.215469674135786,25.0,-6.61363443042408,-9.318249856019792,-9.361749309479757,30.0,-20.542499359688904,-10.071748275568257
15.27638190954774,1.0,-0.35700787835917647,0.2611802865400594,1.4280315134367059,-2.409611399100457,-1.5,0.4178884584640951,20.0,-4.819222798200914,-14.910267840803224,15.0,-0.17205005065258822,-14.803335659317007,12.0,6.621650988531899,14.803335659317007,-33.35060890614986,10.0,6.621650988531899,14.803335659317007,-31.345407190894814,10.005182671844958,12.538162876357926,-22.45426664854026,25.0,-6.670121781229972,-9.403622157268444,-9.132989080938529,30.0,-20.907768324551007,-9.550342216102008
15.376884422110553,1.0,-0.32067155716264056,0.2791362550594737,1.2826862286505623,-2.245435554317972,-1.5,0.44661800809515795,20.0,-4.490871108635944,-15.283944234212116,15.0,-0.1440094631423002,-14.836236374387541,12.0,6.802686281751856,14.836236374387541,-33.577457638923754,10.0,6.802686281751856,14.836236374387541,-31.57330332615437,10.073237291677126,12.62932133046175,-22.632421363219223,25.0,-6.715491527784751,-9.47199099784631,-8.969569803509328,30.0,-21.203025099096777,-9.165420947686208
15.477386934673367,1.0,-0.28891820843088956,0.29934773833710604,1.1556728337235582,-2.100353827314799,-1.5,0.4789563813393697,20.0,-4.200707654629598,-15.606955848313696,15.0,-0.12136609297175074,-14.862732446839106,12.0,6.958860272493519,14.862732446839106,-33.769293643075855,10.0,6.958860272493519,14.862732446839106,-31.7658140100227,10.130788092922757,12.70632560400908,-22.77850633139254,25.0,-6.753858728615171,-9.52974420300681,-8.843433513405257,30.0,-21.45418202231579,-8.858650389589906
15.577889447236181,1.0,-0.2612067757438768,0.32198202241811097,1.0448271029755072,-1.9723670226546388,-1.5,0.5151712358689776,20.0,-3.9447340453092776,-15.889618801100777,15.0,-0.10303912611423366,-14.884124710440213,12.0,7.095092035108184,14.884124710440213,-33.934293193807456,10.0,7.095092035108184,14.884124710440213,-31.931330297637846,10.180287958142236,12.772532119055139,-22.90280352602068,25.0,-6.786858638761491,-9.579399089291353,-8.740599464989302,30.0,-21.671342487766996,-8.602216235256929
15.678391959798995,1.0,-0.23706352903543948,0.34723006904738535,0.9482541161417579,-1.8597401083956853,-1.5,0.5555681104758166,20.0,-3.7194802167913705,-16.13752019346934,15.0,-0.08817531063700638,-14.901437059948515,12.0,7.214167243998946,14.901437059948515,-34.07690824078856,10.0,7.214167243998946,14.901437059948515,-32.074370953108435,10.223072472236568,12.829748381243375,-23.009842789317847,25.0,-6.815381648157713,-9.62231128593253,-8.654063590808548,30.0,-21.859907917001802,-8.382463483588918
15.77889447236181,1.0,-0.21607560703092593,0.37530691711953984,0.8643024281237037,-1.760977714633379,-1.5,0.6004910673912638,20.0,-3.521955429266758,-16.354638956166085,15.0,-0.07610086573146801,-14.915476062606876,12.0,7.3181167758981935,14.915476062606876,-34.20025834989783,10.0,7.3181167758981935,14.915476062606876,-32.19808228235139,10.260077504969349,12.879232912940559,-23.10231904799388,25.0,-6.840051669979566,-9.659424684705417,-8.58005409274087,30.0,-22.023654648553713,-8.19197686929208
15.879396984924623,1.0,-0.1978851431257461,0.40645233587541896,0.7915405725029844,-1.6748021826222836,-1.5,0.6503237374006704,20.0,-3.3496043652445673,-16.5441604006423,15.0,-0.06628369392310451,-14.926877558507158,12.0,7.40857969826071,14.926877558507158,-34.30679471011224,10.0,7.40857969826071,14.926877558507158,-32.304929481875796,10.292038413033673,12.92197179275032,-23.18219593369658,25.0,-6.861358942022449,-9.691478844562738,-8.516300566701668,30.0,-22.165571677187312,-8.026149280878302
15.979899497487438,1.0,-0.18218411721301683,0.4409316634900351,0.7287364688520673,-1.600134721810799,-1.5,0.7054906615840562,20.0,-3.200269443621598,-16.708717373243974,15.0,-0.05830382634299935,-14.93614271247041,12.0,7.486913616873171,14.93614271247041,-34.398507615677616,10.0,7.486913616873171,14.93614271247041,-32.3969129652258,10.319552284703285,12.958765186090321,-23.251031932080878,25.0,-6.879701523135523,-9.71907388956774,-8.461273049452773,30.0,-22.28810914717529,-7.881750452125475
16.080402010050253,1.0,-0.16870990717671894,0.47903670496155437,0.6748396287068757,-1.5360795662485418,-1.5,0.766458727938487,20.0,-3.0721591324970836,-16.850487254037294,15.0,-0.051830368207569234,-14.94366663818328,12.0,7.55424192645869,14.94366663818328,-34.47702080948049,10.0,7.55424192645869,14.94366663818328,-32.47566473958947,10.343106242844147,12.990265895835789,-23.310093839442395,25.0,-6.895404161896099,-9.742699421876841,-8.413847586597345,30.0,-22.39328338057076,-7.756324067084674
16.180904522613066,1.0,-0.15724164782583805,0.5210866017570163,0.6289665913033522,-1.4819114759651515,-1.5,0.833738562811226,20.0,-2.963822951930303,-16.971245320497573,15.0,-0.046603640482556045,-14.949759887553816,12.0,7.6114812760263,14.949759887553816,-34.54365270944163,10.0,7.6114812760263,14.949759887553816,-32.54250940781665,10.363095812832489,13.017003763126661,-23.36040813747889,25.0,-6.9087305418883265,-9.762752822344995,-8.373156383776594,30.0,-22.482742865547113,-7.647924334096411
16.28140703517588,1.0,-0.14759747082071817,0.5674285372604663,0.5903898832828727,-1.4370667952256007,-1.5,0.907885659616746,20.0,-2.8741335904512013,-17.072400707056033,15.0,-0.042421484875146714,-14.954665307125028,12.0,7.6593611568944295,14.954665307125028,-34.59945405127773,10.0,7.6593611568944295,14.954665307125028,-32.59850328302062,10.37983621538332,13.039401313208248,-23.402800462886162,25.0,-6.919890810255547,-9.779550984906185,-8.338514229751864,30.0,-22.557808329625963,-7.554987586626608
16.381909547738694,1.0,-0.13963276954360837,0.6184381621873267,0.5585310781744335,-1.4011385255503783,-1.5,0.9895010594997228,20.0,-2.8022770511007566,-17.155020275595415,15.0,-0.03912897056736944,-14.958571341406127,12.0,7.698437839672879,14.958571341406127,-34.64523702163011,10.0,7.698437839672879,14.958571341406127,-32.644463251809306,10.393571106489032,13.057785300723722,-23.43791662205856,25.0,-6.929047404326022,-9.793338975542792,-8.30938037231471,30.0,-22.619503336056546,-7.476266176206344
16.48241206030151,1.0,-0.13323944293551068,0.6745193532146481,0.5329577717420427,-1.3738749298678985,-1.5,1.0792309651434369,20.0,-2.747749859735797,-17.219841702573348,15.0,-0.036610866063732525,-14.96162080272751,12.0,7.729102255106882,14.96162080272751,-34.681599584268554,10.0,7.729102255106882,14.96162080272751,-32.68099187709965,10.404479875280567,13.07239675083986,-23.466249062643048,25.0,-6.936319916853711,-9.804297563129895,-8.285336022623154,30.0,-22.668581485966065,-7.410788566209261
16.582914572864322,1.0,-0.1283465814452752,0.7361031280580893,0.5133863257811008,-1.3551831847055824,-1.5,1.177765004892943,20.0,-2.710366369411165,-17.26727724946751,15.0,-0.03478662579781649,-14.963918301703156,12.0,7.751583781616683,14.963918301703156,-34.70893621299304,10.0,7.751583781616683,14.963918301703156,-32.70848704603302,10.412680863897911,13.08339481841321,-23.488135464371435,25.0,-6.941787242598608,-9.812546113809907,-8.26607178573537,30.0,-22.705535810085387,-7.35783853971628
16.683417085427138,1.0,-0.12492285150552147,0.8036452197859505,0.4996914060220859,-1.3451385007044203,-1.5,1.285832351657521,20.0,-2.6902770014088406,-17.29740532217592,15.0,-0.033607707435571614,-14.965534220984319,12.0,7.7659473384978,14.965534220984319,-34.727442778531014,10.0,7.7659473384978,14.965534220984319,-32.72714787362818,10.418232833559303,13.090859149451271,-23.503775371250672,25.0,-6.945488555706203,-9.818144362088452,-8.251380377884697,30.0,-22.73060310171891,-7.316944494708384
16.78391959798995,1.0,-0.12298106844015806,0.877621596453094,0.49192427376063225,-1.3439997206506826,-1.5,1.4041945543249506,20.0,-2.6879994413013653,-17.309950295275222,15.0,-0.03305730432577899,-14.966506842645199,12.0,7.772084686202546,14.966506842645199,-34.73710573204719,10.0,7.772084686202546,14.966506842645199,-32.73696685380942,10.421131719614158,13.09478674152377,-23.513232861688962,25.0,-6.947421146409439,-9.821090056142825,-8.241153596832604,30.0,-22.74374957894604,-7.287877806548765
16.884422110552766,1.0,-0.12258568232485978,0.9585209019614072,0.4903427292994391,-1.3522327453468548,-1.5,1.5336334431382515,20.0,-2.7044654906937096,-17.304248117106233,15.0,-0.03315287475007251,-14.966841452063642,12.0,7.769698140476994,14.966841452063642,-34.73770460392624,10.0,7.769698140476994,14.966841452063642,-32.73772602013048,10.42131138117787,13.095090408052194,-23.51641312658305,25.0,-6.947540920785248,-9.821317806039144,-8.23538604920461,30.0,-22.74466911783125,-7.270666945413028
16.984924623115578,1.0,-0.1238645173983537,1.046832478643615,0.4954580695934148,-1.3705448367028357,-1.5,1.674931965829784,20.0,-2.7410896734056713,-17.279193513894114,15.0,-0.03395237495420044,-14.9665066912476,12.0,7.758274960351751,14.9665066912476,-34.7287707934869,10.0,7.758274960351751,14.9665066912476,-32.72896138876102,10.41863123804607,13.09158455550441,-23.513067146913787,25.0,-6.9457541586973806,-9.818688416628307,-8.234180512353232,30.0,-22.732731967583288,-7.265615780456116
17.085427135678394,1.0,-0.12702643491362495,1.143027835899846,0.5081057396544998,-1.3999328293503261,-1.5,1.8288445374397537,20.0,-2.7998656587006523,-17.233164063804907,15.0,-0.03556569528618321,-14.965426409108304,12.0,7.737049457788864,14.965426409108304,-34.70955351125202,10.0,7.737049457788864,14.965426409108304,-32.709927796500985,10.412866053375605,13.083971118600395,-23.502759210661637,25.0,-6.941910702250404,-9.812978338950295,-8.23776194590282,30.0,-22.706939784036813,-7.273343313249135
17.185929648241206,1.0,-0.1323875227762881,1.2475323331851815,0.5295500911051524,-1.4417499335263073,-1.5,1.9960517330962906,20.0,-2.8834998670526146,-17.163914772155803,15.0,-0.038173940432485176,-14.96346545565853,12.0,7.704949373310615,14.96346545565853,-34.67896165598503,10.0,7.704949373310615,14.96346545565853,-32.67953857570645,10.403688496795509,13.071815430282582,-23.484830155935303,25.0,-6.935792331197006,-9.803861572711936,-8.246498343825497,30.0,-22.665849304044155,-7.2948412758551795
17.286432160804022,1.0,-0.14041015732536785,1.3606822921637574,0.5616406293014714,-1.4977997129586231,-1.5,2.1770916674620118,20.0,-2.9955994259172463,-17.0684303785834,15.0,-0.04206125866768222,-14.96040583877165,12.0,7.660519364832794,14.96040583877165,-34.635459039342365,10.0,7.660519364832794,14.96040583877165,-32.63627246973387,10.39063771180271,13.054508987893549,-23.45835758823557,25.0,-6.927091807868473,-9.79088174092016,-8.260930936810528,30.0,-22.607445566445687,-7.331556195652519
17.386934673366834,1.0,-0.1517608515094449,1.4826605808470914,0.6070434060377796,-1.5704681420760116,-1.5,2.372256929355346,20.0,-3.140936284152023,-16.94272076328711,15.0,-0.047667116501982285,-14.95590758161789,12.0,7.601812977506415,14.95590758161789,-34.57696310975593,10.0,7.601812977506415,14.95590758161789,-32.57805200135867,10.373088932926779,13.031220800543469,-23.422049832132092,25.0,-6.915392621951186,-9.773415600407601,-8.281823454280627,30.0,-22.529002044773783,-7.385521187855876
17.48743718592965,1.0,-0.16739665972828716,1.6133995722868006,0.6695866389131486,-1.6629133901578548,-1.5,2.5814393156588813,20.0,-3.3258267803157096,-16.781532645716954,15.0,-0.05567322938597337,-14.949443895378566,12.0,7.526237422968283,14.949443895378566,-34.5006179068136,10.0,7.526237422968283,14.949443895378566,-32.50203881312471,10.35018537204408,13.000815525249886,-23.374162089434517,25.0,-6.90012358136272,-9.750611643937413,-8.310228175528326,30.0,-22.426808445680823,-7.459532844890324
17.587939698492463,1.0,-0.1886940129142198,1.7524356042989913,0.7547760516568792,-1.7793431528804162,-1.5,2.803896966878386,20.0,-3.5586863057608324,-16.577938932503965,15.0,-0.06715027997368916,-14.94019278515192,12.0,7.430328108962546,14.94019278515192,-34.40251696808364,10.0,7.430328108962546,14.94019278515192,-32.40434873454694,10.320755090425092,12.961739493818778,-23.312305470063365,25.0,-6.880503393616728,-9.721304620364082,-8.34759124198316,30.0,-22.295823143599016,-7.557431139489878
17.68844221105528,1.0,-0.21764054878367078,1.8986911414191143,0.8705621951346831,-1.925429649526611,-1.5,3.037905826270583,20.0,-3.850859299053222,-16.322743666230025,15.0,-0.08381031311346451,-14.926852465598197,12.0,7.30941559618779,14.926852465598197,-34.27724587533136,10.0,7.30941559618779,14.926852465598197,-32.27959985153936,10.283173762599407,12.911839940615744,-23.233190354435955,25.0,-6.855449175066273,-9.683879955461807,-8.395910123422802,30.0,-22.129115617370484,-7.684517688120894
17.78894472361809,1.0,-0.2571179682518821,2.050150910898662,1.0284718730075284,-2.108945207263747,-1.5,3.2802414574378598,20.0,-4.217890414527494,-16.003604610816147,15.0,-0.10844954136923979,-14.90732120834316,12.0,7.157126232742738,14.90732120834316,-34.11716995612204,10.0,7.157126232742738,14.90732120834316,-32.12020653575613,10.235150986836612,12.848082614302454,-23.13221851493155,25.0,-6.823433991224409,-9.63606196072684,-8.457980268606695,30.0,-21.91701090812268,-7.848209307003493
17.889447236180906,1.0,-0.31130758012912985,2.203389727452186,1.2452303205165194,-2.340750810715866,-1.5,3.525423563923498,20.0,-4.681501621431732,-15.603731676380505,15.0,-0.14573869411385101,-14.878132438199522,12.0,6.964631592339546,14.878132438199522,-33.91130596321382,10.0,6.964631592339546,14.878132438199522,-31.91525672595358,10.173391788964146,12.766102690381432,-23.002837132128747,25.0,-6.782261192642764,-9.574577017786073,-8.537787995686863,30.0,-21.645760714566592,-8.059076417816115
17.98994974874372,1.0,-0.3862408561648795,2.3529077658462945,1.544963424659518,-2.636343967089877,-1.5,3.7646524253540714,20.0,-5.272687934179754,-15.099967215797923,15.0,-0.20365275019878185,-14.833443918178421,12.0,6.719535505856137,14.833443918178421,-33.64348200313807,10.0,6.719535505856137,14.833443918178421,-31.64871050740144,10.09304460094142,12.659484202960577,-22.835528963978856,25.0,-6.728696400627614,-9.494613152220431,-8.64114522083734,30.0,-21.29545644756574,-8.332512465519473
18.090452261306535,1.0,-0.49045965759890947,2.490262255055122,1.9618386303956379,-3.018236678341272,-1.5,3.9844196080881953,20.0,-6.036473356682544,-14.460079152938055,15.0,-0.296064665562346,-14.763220201253018,12.0,6.404319979871182,14.763220201253018,-33.28948373315678,10.0,6.404319979871182,14.763220201253018,-31.29654666173815,9.986845119947033,12.51861866469526,-22.61618433575803,25.0,-6.657896746631356,-9.388963998521445,-8.776728097618443,30.0,-20.836917619998285,-8.691441294056004
18.190954773869347,1.0,-0.6355789979452567,2.6031060867207936,2.542315991781027,-3.5193625214799575,-1.5,4.16496973875327,20.0,-7.038725042959915,-13.639432006138804,15.0,-0.4473665809616647,-14.650008843798203,12.0,5.994533985429532,14.650008843798203,-32.81270792033206,10.0,5.994533985429532,14.650008843798203,-30.822493543239716,9.843812376099617,12.328997417295888,-22.323685701700274,25.0,-6.5625415840664125,-9.246748062971914,-8.957741302717768,30.0,-20.227389560212913,-9.170559509577831
18.291457286432163,1.0,-0.8361461427733055,2.674553343196703,3.344584571093222,-4.187065778504971,-1.5,4.279285349114725,20.0,-8.374131557009942,-12.57851970877955,15.0,-0.7001997800470079,-14.463513498506282,12.0,5.45788768797481,14.463513498506282,-32.158575376901915,10.0,5.45788768797481,14.463513498506282,-30.172505428114267,9.647572613070574,12.069002171245707,-21.92666380538487,25.0,-6.431715075380383,-9.05175162843428,-9.204442060931221,30.0,-19.406095802399896,-9.822416145116051
18.391959798994975,1.0,-1.1074970778407205,2.6838825520372516,4.429988311362882,-5.084845608734427,-1.5,4.294212083259603,20.0,-10.169691217468854,-11.206669900060318,15.0,-1.1262903305889196,-14.152703307547537,12.0,4.758140224835312,14.152703307547537,-31.25027195163113,10.0,4.758140224835312,14.152703307547537,-29.270572168438242,9.375081585489339,11.708228867375297,-21.38057790930315,25.0,-6.250054390326227,-8.781171650531473,-9.547367047098756,30.0,-18.29426680887081,-10.723820640363074
18.49246231155779,1.0,-1.4597112872111846,2.6102561445751533,5.838845148844738,-6.283133055582193,-1.5,4.176409831320245,20.0,-12.566266111164387,-9.465073695783412,15.0,-1.8343120480566055,-13.63872900950473,12.0,3.872747255753441,13.63872900950473,-29.995073509859655,10.0,3.872747255753441,13.63872900950473,-28.02497642064622,8.998522052957895,11.209990568258489,-20.629447178805645,25.0,-5.999014701971931,-8.407492926193866,-10.029449442462491,30.0,-16.81222455698734,-11.974589418604825
18.592964824120603,1.0,-1.8868392957742972,2.4407822250538036,7.547357183097189,-7.822658846516056,-1.5,3.9052515600860858,20.0,-15.645317693032112,-7.368384853669465,15.0,-2.952020021808586,-12.822363659286564,12.0,2.8344033052598667,12.822363659286564,-28.320385603456483,10.0,2.8344033052598667,12.822363659286564,-26.363818182981,8.496115681036944,10.5455272731924,-19.62195050093936,25.0,-5.664077120691297,-7.9091454548943,-10.700860192527893,30.0,-14.932669938428788,-13.66621671994338
18.69346733668342,1.0,-2.355652171487141,2.1809457992174046,9.422608685948564,-9.642798429509003,-1.5,3.4895132787478476,20.0,-19.285596859018007,-5.097393857729291,15.0,-4.543015811937136,-11.632599383070097,12.0,1.7788782193406116,11.632599383070097,-26.251479963332752,10.0,1.7788782193406116,11.632599383070097,-24.31149727602549,7.875443988999825,9.724598910410197,-18.35073929114986,25.0,-5.250295992666551,-7.293449182807647,-11.5950538872031,30.0,-12.76425567240404,-15.792029742639317
18.79396984924623,1.0,-2.805236332095183,1.8597807754766429,11.220945328380733,-11.523394973688365,-1.5,2.9756492407626287,20.0,-23.04678994737673,-3.0204025592335997,15.0,-6.465169249854724,-10.11988005579306,12.0,0.9169833485896326,10.11988005579306,-23.979892069562812,10.0,0.9169833485896326,10.11988005579306,-22.05589796225832,7.193967620868843,8.822359184903329,-16.896710612051244,25.0,-4.795978413912563,-6.616769388677496,-12.683329593506276,30.0,-10.577961052644898,-18.13990092615036
18.894472361809047,1.0,-3.166208211575779,1.5217953110141946,12.664832846303115,-13.139689214424523,-1.5,2.4348724976227114,20.0,-26.279378428849046,-1.5037005212192762,15.0,-8.320598377652924,-8.506443005040229,12.0,0.38373428341203175,8.506443005040229,-21.811335541729004,10.0,0.38373428341203175,8.506443005040229,-19.89728881968541,6.543400662518701,7.958915527874165,-15.421897618155832,25.0,-4.362267108345801,-5.969186645905623,-13.846259994049152,30.0,-8.67972885633703,-20.338261372846542
18.99497487437186,1.0,-3.3898251808804973,1.2088701901741907,13.55930072352199,-14.225945495188032,-1.5,1.9341923042787053,20.0,-28.451890990376064,-0.6406029664212771,15.0,-9.644693652284374,-7.089545864190066,12.0,0.13624752333539558,7.089545864190066,-20.00666774145877,10.0,0.13624752333539558,7.089545864190066,-18.09246214089828,6.002000322437631,7.236984856359313,-14.094438418679527,25.0,-4.001333548291754,-5.427738642269484,-14.91834484264379,30.0,-7.239397573557475,-22.091039199006996
19.095477386934675,1.0,-3.4643709294925107,0.9460635688945238,13.857483717970043,-14.690657483646364,-1.5,1.5137017102312382,20.0,-29.381314967292727,-0.2482058148696736,15.0,-10.178777344295213,-6.081170659583805,12.0,0.045281457567706455,6.081170659583805,-18.690650284739313,10.0,0.045281457567706455,6.081170659583805,-16.765207366485598,5.607195085421794,6.70608294659424,-13.021736548312724,25.0,-3.738130056947863,-5.029562209945679,-15.774375891927685,30.0,-6.267052556762353,-23.316452173167544
19.195979899497488,1.0,-3.409572579028507,0.7398441884059727,13.638290316114029,-14.599373183677104,-1.5,1.1837507014495563,20.0,-29.198746367354207,-0.09523453278681664,15.0,-9.955524495613915,-5.554984422650309,12.0,0.015870790383874393,5.554984422650309,-17.882742606020486,10.0,0.015870790383874393,5.554984422650309,-15.936388511727353,5.364822781806145,6.374555404690941,-12.246048667016103,25.0,-3.5765485212040975,-4.780916553518206,-16.365072639903936,30.0,-5.699726676495243,-24.072502766753477
19.296482412060303,1.0,-3.2599442127531963,0.5847298948813957,13.039776851012785,-14.09283422742118,-1.5,0.9355678318102332,20.0,-28.18566845484236,-0.03928297954307049,15.0,-9.188370676194369,-5.501289720763944,12.0,0.006483211546838219,5.501289720763944,-17.55939687596597,10.0,0.006483211546838219,5.501289720763944,-15.585198600706471,5.2678190627897905,6.2340794402825885,-11.773775060135145,25.0,-3.5118793751931943,-4.675559580211941,-16.69235957858622,30.0,-5.473333752411088,-24.444242934810266
19.396984924623116,1.0,-3.050585824352077,0.470677206876494,12.202343297408309,-13.318780196460482,-1.5,0.7530835310023904,20.0,-26.637560392920964,-0.0185376971295619,15.0,-8.126016412996703,-5.884137181445509,12.0,0.0032723505881529264,5.884137181445509,-17.691013460635247,10.0,0.0032723505881529264,5.884137181445509,-15.685710162607988,5.307304038190574,6.2742840650431955,-11.601488092164573,25.0,-3.5382026921270495,-4.705713048782396,-16.775299938112255,30.0,-5.54992219252642,-24.49181215850835
19.49748743718593,1.0,-2.8101380227166,0.38761175334320175,11.2405520908664,-12.398997370160092,-1.5,0.6201788053491228,20.0,-24.797994740320185,-0.010403683326030554,15.0,-6.9685787906900005,-6.647535300548684,12.0,0.0020747655649655354,6.647535300548684,-18.243374212940882,10.0,0.0020747655649655354,6.647535300548684,-16.20865797176773,5.473012263882264,6.483463188707093,-11.726258291246914,25.0,-3.6486748425881768,-4.862597391530319,-16.63480994306477,30.0,-5.914012257370522,-24.245141920561792
19.597989949748744,1.0,-2.5592067677739645,0.32723186315109776,10.236827071095858,-11.421670728672769,-1.5,0.5235709810417565,20.0,-22.843341457345538,-0.007077540022888118,15.0,-5.8460834056210285,-7.689102799308216,12.0,0.0016325979840661488,7.689102799308216,-19.14853387572376,10.0,0.0016325979840661488,7.689102799308216,-17.092342764017552,5.744560162717128,6.836937105607021,-12.136705420060443,25.0,-3.829706775144752,-5.1277028292052655,-16.298800234071926,30.0,-6.5458660886454405,-23.724875156033676
19.69849246231156,1.0,-2.311379733868951,0.28329419911707887,9.245518935475804,-10.445382414430215,-1.5,0.4532707185873262,20.0,-20.89076482886043,-0.005865120148715273,15.0,-4.828649045045027,-8.854734683052035,12.0,0.001558022484032893,8.854734683052035,-20.27626720468589,10.0,0.001558022484032893,8.854734683052035,-18.21146931466034,6.082880161405767,7.284587725864137,-12.78827703284091,25.0,-4.055253440937178,-5.463440794398102,-15.816379803857865,30.0,-7.385212360279818,-22.976593968797328
19.798994974874372,1.0,-2.0749517418792705,0.25131047314249894,8.299806967517082,-9.506313036215225,-1.5,0.4020967570279983,20.0,-19.01262607243045,-0.005895151900707383,15.0,-3.9450281586688796,-9.985827040519696,12.0,0.001766039017741646,9.985827040519696,-21.45455046171736,10.0,0.001766039017741646,9.985827040519696,-19.393588391533775,6.436365138515208,7.75743535661351,-13.586126050795185,25.0,-4.290910092343473,-5.818076517460132,-15.260300187361764,30.0,-8.321614415598749,-22.090932921378926
19.899497487437188,1.0,-1.854528098060486,0.22812104443778697,7.418112392241944,-8.624990374287842,-1.5,0.36499367110045916,20.0,-17.249980748575684,-0.00711620105898996,15.0,-3.1990573989236064,-10.978596710887174,12.0,0.00234377704620717,10.978596710887174,-22.537431319469675,10.0,0.00234377704620717,10.978596710887174,-20.48720551163168,6.761229395840902,8.194882204652671,-14.407094250856547,25.0,-4.507486263893935,-6.146161653489504,-14.706476664282105,30.0,-9.234579742925192,-21.1818548870413
20.0,1.0,-1.6522662594197668,0.21151893753330153,6.609065037679067,-7.811529888740038,-1.5,0.33843030005328245,20.0,-15.623059777480076,-0.010184283240795495,15.0,-2.581345453922842,-11.798733587229018,12.0,0.003604849342050822,11.798733587229018,-23.452422776391778,10.0,0.003604849342050822,11.798733587229018,-21.41397897532394,7.0357268329175335,8.565591590129577,-15.151088670987106,25.0,-4.690484555278355,-6.424193692597181,-14.208114141200813,30.0,-10.044193765081236,-20.341084672782564
