time,A_1_1,A_1_2,A_1_3,A_1_4,A_2_1,A_2_2,A_2_3,A_2_4,A_3_1,A_3_2,A_3_3,A_3_4,A_4_1,A_4_2,A_4_3,A_4_4
0.0,1.0,0.0,2.0,1.5,4.0,2.0,0.0,2.0,0.0,5.999999999999999,2.9999999999999996,1.4999999999999998,3.5,3.5,3.5,7.0
0.10101010101010101,1.02431356204862,0.0,2.04862712409724,1.5364703430729298,2.971206811620005,1.4856034058100025,0.0,1.4856034058100025,0.0,5.832140033372508,2.916070016686254,1.458035008343127,3.1736979623316763,3.1736979623316763,3.1736979623316763,6.347395924663353
0.20202020202020202,1.1572689845454571,0.0,2.3145379690909142,1.7359034768181858,2.384181086209053,1.1920905431045266,0.0,1.1920905431045266,0.0,5.7618917995948005,2.8809458997974002,1.4404729498987001,2.954789968070103,2.954789968070103,2.954789968070103,5.909579936140206
0.30303030303030304,1.3694794270273125,0.0,2.738958854054625,2.054219140540969,2.0114520847872073,1.0057260423936036,0.0,1.0057260423936036,0.0,5.614749516702966,2.807374758351483,1.4036873791757416,2.8438134980987795,2.8438134980987795,2.8438134980987795,5.687626996197559
0.40404040404040403,1.6409623999016805,0.0,3.281924799803361,2.4614435998525206,1.7744753182115174,0.8872376591057587,0.0,0.8872376591057587,0.0,5.303430883540958,2.651715441770479,1.3258577208852396,2.818682472006423,2.818682472006423,2.818682472006423,5.637364944012846
0.5050505050505051,1.9432979209919996,0.0,3.886595841983999,2.9149468814879995,1.6437282419541124,0.8218641209770562,0.0,0.8218641209770562,0.0,4.816843610320818,2.408421805160409,1.2042109025802046,2.8581445722663097,2.8581445722663097,2.8581445722663097,5.716289144532619
0.6060606060606061,2.236826495722045,0.0,4.47365299144409,3.355239743583067,1.6068752158302986,0.8034376079151493,0.0,0.8034376079151493,0.0,4.206417920125071,2.1032089600625357,1.0516044800312678,2.941195111767514,2.941195111767514,2.941195111767514,5.882390223535028
0.7070707070707071,2.479147676871862,0.0,4.958295353743724,3.718721515307793,1.658601858397207,0.8293009291986035,0.0,0.8293009291986035,0.0,3.556815570519571,1.7784077852597855,0.8892038926298927,3.045176797742577,3.045176797742577,3.045176797742577,6.090353595485154
0.8080808080808081,2.6381644757912492,0.0,5.2763289515824985,3.9572467136868736,1.7973652202711525,0.8986826101355763,0.0,0.8986826101355763,0.0,2.949459370312192,1.474729685156096,0.737364842578048,3.147483645773201,3.147483645773201,3.147483645773201,6.294967291546402
0.9090909090909091,2.6998135083760766,0.0,5.399627016752153,4.049720262564115,2.0235041843370944,1.0117520921685472,0.0,1.0117520921685472,0.0,2.4374801458116226,1.2187400729058113,0.6093700364529057,3.2300915205936938,3.2300915205936938,3.2300915205936938,6.4601830411873875
1.0101010101010102,2.6665151355633174,0.0,5.333030271126635,3.999772703344976,2.33668370324939,1.168341851624695,0.0,1.168341851624695,0.0,2.041431258741336,1.020715629370668,0.510357814685334,3.2831624615364503,3.2831624615364503,3.2831624615364503,6.566324923072901
1.1111111111111112,2.550748915639871,0.0,5.101497831279742,3.8261233734598066,2.732190967029906,1.366095483514953,0.0,1.366095483514953,0.0,1.7593949020602604,0.8796974510301302,0.4398487255150651,3.305071639697856,3.305071639697856,3.305071639697856,6.610143279395712
1.2121212121212122,2.369717312312015,0.0,4.73943462462403,3.5545759684680225,3.1966157735891345,1.5983078867945673,0.0,1.5983078867945673,0.0,1.579953145547781,0.7899765727738906,0.3949882863869453,3.299638846008261,3.299638846008261,3.299638846008261,6.599277692016522
1.3131313131313131,2.143034009429376,0.0,4.286068018858752,3.214551014144064,3.704395706343593,1.8521978531717964,0.0,1.8521978531717964,0.0,1.491451786690085,0.7457258933450425,0.37286294667252123,3.2729660260325937,3.2729660260325937,3.2729660260325937,6.545932052065187
1.4141414141414141,1.891888532841096,0.0,3.783777065682192,2.837832799261644,4.217168015184745,2.1085840075923725,0.0,2.1085840075923725,0.0,1.4867188208912563,0.7433594104456281,0.37167970522281407,3.231337531882108,3.231337531882108,3.231337531882108,6.462675063764216
1.5151515151515151,1.637698997689666,0.0,3.275397995379332,2.456548496534499,4.687138845065572,2.343569422532786,0.0,2.343569422532786,0.0,1.5646667847621811,0.7823333923810906,0.3911666961905453,3.1802193732547375,3.1802193732547375,3.1802193732547375,6.360438746509475
1.6161616161616161,1.3997500072441158,0.0,2.7995000144882316,2.099625010866174,5.063839839239324,2.531919919619662,0.0,2.531919919619662,0.0,1.7300032556185394,0.8650016278092697,0.43250081390463485,3.123842574625535,3.123842574625535,3.123842574625535,6.24768514925107
1.7171717171717171,1.1928023880773304,0.0,2.385604776154661,1.7892035821159955,5.302064525946487,2.6510322629732435,0.0,2.6510322629732435,0.0,1.9913545827353911,0.9956772913676956,0.4978386456838478,3.0650308826916577,3.0650308826916577,3.0650308826916577,6.130061765383315
1.8181818181818181,1.0259591657901055,0.0,2.051918331580211,1.5389387486851582,5.3689244689761075,2.6844622344880538,0.0,2.6844622344880538,0.0,2.3573845068262993,1.1786922534131496,0.5893461267065748,3.0052570623389716,3.0052570623389716,3.0052570623389716,6.010514124677943
1.9191919191919191,0.9032747926911854,0.0,1.8065495853823708,1.3549121890367781,5.249456531548919,2.6247282657744595,0.0,2.6247282657744595,0.0,2.8304321466359235,1.4152160733179617,0.7076080366589809,2.9450469408978757,2.9450469408978757,2.9450469408978757,5.890093881795751
2.0202020202020203,0.8256324358574854,0.0,1.6512648717149707,1.238448653786228,4.951013102612463,2.4755065513062315,0.0,2.4755065513062315,0.0,3.398228947235317,1.6991144736176584,0.8495572368088292,2.884766459469777,2.884766459469777,2.884766459469777,5.769532918939554
2.121212121212121,0.7930105365373515,0.0,1.586021073074703,1.1895158048060273,4.5054330667511975,2.2527165333755987,0.0,2.2527165333755987,0.0,4.026388941824484,2.013194470912242,1.006597235456121,2.8256239275585897,2.8256239275585897,2.8256239275585897,5.651247855117179
2.2222222222222223,0.8063956773569642,0.0,1.6127913547139283,1.2095935160354463,3.966120515601038,1.983060257800519,0.0,1.983060257800519,0.0,4.656216360181925,2.3281081800909624,1.1640540900454812,2.770527977895358,2.770527977895358,2.770527977895358,5.541055955790716
2.323232323232323,0.8688483731146642,0.0,1.7376967462293285,1.3032725596719963,3.3979400655400185,1.6989700327700092,0.0,1.6989700327700092,0.0,5.211370570207128,2.605685285103564,1.302842642551782,2.7244044462142347,2.7244044462142347,2.7244044462142347,5.448808892428469
2.4242424242424243,0.9852714467295973,0.0,1.9705428934591946,1.477907170094396,2.862406372480221,1.4312031862401104,0.0,1.4312031862401104,0.0,5.612389741816806,2.806194870908403,1.4030974354542014,2.6937766824850766,2.6937766824850766,2.6937766824850766,5.387553364970153
2.525252525252525,1.160298231343553,0.0,2.320596462687106,1.7404473470153294,2.404934702474539,1.2024673512372694,0.0,1.2024673512372694,0.0,5.79389494691657,2.896947473458285,1.4484737367291425,2.685709719070356,2.685709719070356,2.685709719070356,5.371419438140712
2.6262626262626263,1.3938711967900341,0.0,2.7877423935800683,2.0908067951850513,2.049922635008529,1.0249613175042644,0.0,1.0249613175042644,0.0,5.719686289522595,2.8598431447612973,1.4299215723806487,2.7063140554060423,2.7063140554060423,2.7063140554060423,5.412628110812085
2.727272727272727,1.6753098999789053,0.0,3.3506197999578107,2.512964849968358,1.8039953760953495,0.9019976880476748,0.0,0.9019976880476748,0.0,5.393715399722226,2.696857699861113,1.3484288499305566,2.7588606075127013,2.7588606075127013,2.7588606075127013,5.517721215025403
2.8282828282828283,1.9791502079002252,0.0,3.9583004158004504,2.9687253118503376,1.6633823661254807,0.8316911830627404,0.0,0.8316911830627404,0.0,4.864196358121768,2.432098179060884,1.216049089530442,2.84161616231271,2.84161616231271,2.84161616231271,5.68323232462542
2.929292929292929,2.267547123630037,0.0,4.535094247260074,3.4013206854450555,1.6210343894264396,0.8105171947132198,0.0,0.8105171947132198,0.0,4.215029226082199,2.1075146130410993,1.0537573065205497,2.9462081043138126,2.9462081043138126,2.9462081043138126,5.892416208627625
3.0303030303030303,2.500710806488185,0.0,5.00142161297637,3.7510662097322776,1.6711686783632025,0.8355843391816012,0.0,0.8355843391816012,0.0,3.5424134545941253,1.7712067272970626,0.8856033636485313,3.0581631047627114,3.0581631047627114,3.0581631047627114,6.116326209525423
3.131313131313131,2.6496073622504737,0.0,5.299214724500947,3.9744110433757105,1.8109155822142697,0.9054577911071349,0.0,0.9054577911071349,0.0,2.9266581418498623,1.4633290709249311,0.7316645354624656,3.1606489426915,3.1606489426915,3.1606489426915,6.321297885383
3.2323232323232323,2.7024389406337743,0.0,5.404877881267549,4.0536584109506615,2.0395883732528337,1.0197941866264169,0.0,1.0197941866264169,0.0,2.4152526408740025,1.2076263204370012,0.6038131602185006,3.2398820377454065,3.2398820377454065,3.2398820377454065,6.479764075490813
3.3333333333333335,2.6624988820713154,0.0,5.324997764142631,3.9937483231069733,2.356113708615144,1.178056854307572,0.0,1.178056854307572,0.0,2.023660872258613,1.0118304361293065,0.5059152180646532,3.2888183418323647,3.2888183418323647,3.2888183418323647,6.577636683664729
3.4343434343434343,2.5421388982851933,0.0,5.084277796570387,3.81320834742779,2.7550931273035704,1.3775465636517852,0.0,1.3775465636517852,0.0,1.7470140206719327,0.8735070103359663,0.43675350516798317,3.3072426416721363,3.3072426416721363,3.3072426416721363,6.614485283344273
3.5353535353535355,2.358130664322784,0.0,4.716261328645568,3.5371959964841757,3.2223380887008495,1.6111690443504247,0.0,1.6111690443504247,0.0,1.5727149098405,0.78635745492025,0.393178727460125,3.2993730115422726,3.2993730115422726,3.2993730115422726,6.598746023084545
3.6363636363636362,2.129771727707383,0.0,4.259543455414766,3.1946575915610746,3.731441206908681,1.8657206034543405,0.0,1.8657206034543405,0.0,1.4889087774157952,0.7444543887078976,0.3722271943539488,3.271195286651633,3.271195286651633,3.271195286651633,6.542390573303266
3.7373737373737375,1.8781021881177815,0.0,3.756204376235563,2.8171532821766725,4.243300949346973,2.1216504746734866,0.0,2.1216504746734866,0.0,1.4886311622255468,0.7443155811127734,0.3721577905563867,3.2287301004915814,3.2287301004915814,3.2287301004915814,6.457460200983163
3.8383838383838382,1.6244305350368882,0.0,3.2488610700737763,2.4366458025553324,4.709705662350526,2.354852831175263,0.0,2.354852831175263,0.0,1.5711128543159425,0.7855564271579712,0.3927782135789856,3.1772022542468594,3.1772022542468594,3.1772022542468594,6.354404508493719
3.9393939393939394,1.3878591495333226,0.0,2.775718299066645,2.081788724299984,5.08021925085995,2.540109625429975,0.0,2.540109625429975,0.0,1.741341225587176,0.870670612793588,0.435335306396794,3.120663420356857,3.120663420356857,3.120663420356857,6.241326840713714
4.040404040404041,1.1828830479511454,0.0,2.365766095902291,1.774324571926718,5.31010817539934,2.65505408769967,0.0,2.65505408769967,0.0,2.0080726203654766,1.0040363101827383,0.5020181550913692,3.0618110104806204,3.0618110104806204,3.0618110104806204,6.123622020961241
4.141414141414141,1.0183250078280779,0.0,2.0366500156561558,1.527487511742117,5.367309620874281,2.6836548104371407,0.0,2.6836548104371407,0.0,2.379823920467787,1.1899119602338935,0.5949559801169467,3.002035552262011,3.002035552262011,3.002035552262011,6.004071104524022
4.242424242424242,0.8980267384168636,0.0,1.7960534768337273,1.3470401076252956,5.23795764670288,2.61897882335144,0.0,2.61897882335144,0.0,2.858379993916428,1.429189996958214,0.714594998479107,2.9418283280403767,2.9418283280403767,2.9418283280403767,5.8836566560807535
4.343434343434343,0.8227710862949129,0.0,1.6455421725898258,1.2341566294423694,4.9306915195006304,2.4653457597503152,0.0,2.4653457597503152,0.0,3.4304637943220286,1.7152318971610143,0.8576159485805072,2.881576302505341,2.881576302505341,2.881576302505341,5.763152605010682
4.444444444444445,0.7925490641358047,0.0,1.5850981282716095,1.188823596203707,4.478634936263246,2.239317468131623,0.0,2.239317468131623,0.0,4.060387607015231,2.0301938035076157,1.0150969017538078,2.8225626630380827,2.8225626630380827,2.8225626630380827,5.645125326076165
4.545454545454545,0.8084402036968729,0.0,1.6168804073937457,1.2126603055453093,3.936119737079336,1.968059868539668,0.0,1.968059868539668,0.0,4.688269673900535,2.3441348369502677,1.1720674184751338,2.767803737536489,2.767803737536489,2.767803737536489,5.535607475072978
4.646464646464646,0.8736223580775648,0.0,1.7472447161551297,1.3104335371163471,3.368221374475658,1.684110687237829,0.0,1.684110687237829,0.0,5.237189302829797,2.6185946514148983,1.3092973257074492,2.7223287797929276,2.7223287797929276,2.7223287797929276,5.444657559585855
4.747474747474747,0.9930564928428671,0.0,1.9861129856857342,1.4895847392643007,2.8358678441450387,1.4179339220725193,0.0,1.4179339220725193,0.0,5.628003906118622,2.814001953059311,1.4070009765296554,2.6927218532621815,2.6927218532621815,2.6927218532621815,5.385443706524363
4.848484848484849,1.1712583478270866,0.0,2.342516695654173,1.75688752174063,2.383401136075191,1.1917005680375956,0.0,1.1917005680375956,0.0,5.796534815200314,2.898267407600157,1.4491337038000784,2.6860385886337497,2.6860385886337497,2.6860385886337497,5.372077177267499
4.94949494949495,1.4077589746099437,0.0,2.8155179492198874,2.1116384619149153,2.034136680597244,1.017068340298622,0.0,1.017068340298622,0.0,5.70847928040535,2.854239640202675,1.4271198201013375,2.708289977716427,2.708289977716427,2.708289977716427,5.416579955432854
5.05050505050505,1.6911605806133394,0.0,3.382321161226679,2.536740870920009,1.7939478500215407,0.8969739250107703,0.0,0.8969739250107703,0.0,5.37011818691253,2.685059093456265,1.3425295467281324,2.762536370402224,2.762536370402224,2.762536370402224,5.525072740804448
5.151515151515151,1.9952058233939916,0.0,3.990411646787983,2.9928087350909873,1.658728520913381,0.8293642604566905,0.0,0.8293642604566905,0.0,4.831912464497115,2.4159562322485577,1.2079781161242789,2.846722187542013,2.846722187542013,2.846722187542013,5.693444375084026
5.252525252525253,2.2816271874357494,0.0,4.563254374871499,3.4224407811536244,1.621409238201068,0.810704619100534,0.0,0.810704619100534,0.0,4.179110324261986,2.089555162130993,1.0447775810654965,2.952110613925774,2.952110613925774,2.952110613925774,5.904221227851548
5.353535353535354,2.51090881357352,0.0,5.02181762714704,3.7663632203602795,1.6763441815715376,0.8381720907857688,0.0,0.8381720907857688,0.0,3.5077417531862958,1.7538708765931479,0.8769354382965739,3.0639825404877308,3.0639825404877308,3.0639825404877308,6.1279650809754616
5.454545454545454,2.654849901433393,0.0,5.309699802866786,3.9822748521500895,1.820816041599158,0.910408020799579,0.0,0.910408020799579,0.0,2.8966442331541677,1.4483221165770839,0.7241610582885419,3.165531503941057,3.165531503941057,3.165531503941057,6.331063007882114
5.555555555555555,2.7025696747259444,0.0,5.405139349451889,4.0538545120889165,2.0541963473066533,1.0270981736533267,0.0,1.0270981736533267,0.0,2.391446014433614,1.195723007216807,0.5978615036084035,3.243267867075527,3.243267867075527,3.243267867075527,6.486535734151054
5.656565656565657,2.6579988124235023,0.0,5.315997624847005,3.9869982186352537,2.3752906145354844,1.1876453072677422,0.0,1.1876453072677422,0.0,2.0061923935005823,1.0030961967502912,0.5015480983751456,3.290538973772248,3.290538973772248,3.290538973772248,6.581077947544496
5.757575757575758,2.5338140662531354,0.0,5.067628132506271,3.800721099379703,2.77834497893183,1.389172489465915,0.0,1.389172489465915,0.0,1.7353136421780104,0.8676568210890052,0.4338284105445026,3.3074362897312293,3.3074362897312293,3.3074362897312293,6.6148725794624585
5.858585858585858,2.346949300490869,0.0,4.693898600981738,3.5204239507363035,3.2485907785819372,1.6242953892909686,0.0,1.6242953892909686,0.0,1.5660818821462692,0.7830409410731346,0.3915204705365673,3.2983330617184627,3.2983330617184627,3.2983330617184627,6.5966661234369255
5.959595959595959,2.1168143241434585,0.0,4.233628648286917,3.1752214862151877,3.7589252910809794,1.8794626455404897,0.0,1.8794626455404897,0.0,1.4868296191180224,0.7434148095590112,0.3717074047795056,3.269250777336235,3.269250777336235,3.269250777336235,6.53850155467247
6.0606060606060606,1.864511045335618,0.0,3.729022090671236,2.796766568003427,4.2696376517690835,2.1348188258845417,0.0,2.1348188258845417,0.0,1.4909068782484263,0.7454534391242131,0.37272671956210657,3.2261827883275216,3.2261827883275216,3.2261827883275216,6.452365576655043
6.161616161616162,1.6112983775775263,0.0,3.2225967551550525,2.4169475663662894,4.7322053109226,2.3661026554613,0.0,2.3661026554613,0.0,1.5778739298295732,0.7889369649147866,0.3944684824573933,3.174298758567766,3.174298758567766,3.174298758567766,6.348597517135532
6.262626262626262,1.3760875638848082,0.0,2.7521751277696165,2.0641313458272124,5.0962973526045445,2.5481486763022723,0.0,2.5481486763022723,0.0,1.7529832376508636,0.8764916188254318,0.4382458094127159,3.1175815520876267,3.1175815520876267,3.1175815520876267,6.235163104175253
6.363636363636363,1.1730840251966117,0.0,2.3461680503932234,1.7596260377949176,5.317690568142616,2.658845284071308,0.0,2.658845284071308,0.0,2.025099843801186,1.012549921900593,0.5062749609502964,3.0586555835024765,3.0586555835024765,3.0586555835024765,6.117311167004953
6.4646464646464645,1.0108144789809141,0.0,2.0216289579618283,1.516221718471371,5.365160096586224,2.682580048293112,0.0,2.682580048293112,0.0,2.402568394958841,1.2012841974794204,0.6006420987397102,2.9988498321973696,2.9988498321973696,2.9988498321973696,5.997699664394739
6.565656565656566,0.8929029192084067,0.0,1.7858058384168134,1.33935437881261,5.225937965460655,2.6129689827303273,0.0,2.6129689827303273,0.0,2.886591723665452,1.443295861832726,0.721647930916363,2.938627017200254,2.938627017200254,2.938627017200254,5.877254034400508
6.666666666666667,0.8200341074353766,0.0,1.6400682148707533,1.230051161153065,4.909944512939047,2.4549722564695236,0.0,2.4549722564695236,0.0,3.462860439891165,1.7314302199455824,0.8657151099727912,2.8783961201062747,2.8783961201062747,2.8783961201062747,5.756792240212549
6.767676767676767,0.7922154748545936,0.0,1.5844309497091873,1.1883232122818905,4.451571716292413,2.2257858581462067,0.0,2.2257858581462067,0.0,4.094377789120211,2.0471888945601053,1.0235944472800527,2.819514649950251,2.819514649950251,2.819514649950251,5.639029299900502
6.8686868686868685,0.8106220548993501,0.0,1.6212441097987003,1.215933082349025,3.906045295896523,1.9530226479482615,0.0,1.9530226479482615,0.0,4.720095496540499,2.3600477482702495,1.1800238741351248,2.76510497182135,2.76510497182135,2.76510497182135,5.5302099436427
6.96969696969697,0.8785483796216811,0.0,1.7570967592433622,1.3178225694325216,3.3386060424503388,1.6693030212251694,0.0,1.6693030212251694,0.0,5.2625555946448035,2.6312777973224017,1.3156388986612009,2.7202967897842343,2.7202967897842343,2.7202967897842343,5.440593579568469
7.070707070707071,1.0010074391544734,0.0,2.002014878308947,1.5015111587317103,2.8095599975189156,1.4047799987594578,0.0,1.4047799987594578,0.0,5.642983027265714,2.821491513632857,1.4107457568164286,2.691730881602695,2.691730881602695,2.691730881602695,5.38346176320539
7.171717171717171,1.182384553281082,0.0,2.364769106562164,1.7735768299216228,2.3621634870513684,1.1810817435256842,0.0,1.1810817435256842,0.0,5.7984417048956605,2.8992208524478302,1.4496104262239151,2.686448902158983,2.686448902158983,2.686448902158983,5.372897804317966
7.2727272727272725,1.4217822710340626,0.0,2.8435645420681253,2.1326734065510937,2.018660484787488,1.009330242393744,0.0,1.009330242393744,0.0,5.696556837770041,2.8482784188850205,1.4241392094425103,2.7103566578903995,2.7103566578903995,2.7103566578903995,5.420713315780799
7.373737373737374,1.7070725934880149,0.0,3.4141451869760298,2.5606088902320225,1.7841966005436345,0.8920983002718172,0.0,0.8920983002718172,0.0,5.345949565739845,2.6729747828699226,1.3364873914349613,2.766297809685029,2.766297809685029,2.766297809685029,5.532595619370058
7.474747474747475,2.0112124616520153,0.0,4.022424923304031,3.016818692478023,1.6543499708236533,0.8271749854118267,0.0,0.8271749854118267,0.0,4.799302791409245,2.3996513957046224,1.1998256978523112,2.8518894286497196,2.8518894286497196,2.8518894286497196,5.703778857299439
7.575757575757575,2.2955434174562392,0.0,4.5910868349124785,3.443315126184359,1.6220431727091436,0.8110215863545718,0.0,0.8110215863545718,0.0,4.14314352913128,2.07157176456564,1.03578588228282,2.9580320134029208,2.9580320134029208,2.9580320134029208,5.9160640268058415
7.6767676767676765,2.520861548540507,0.0,5.041723097081014,3.78129232281076,1.6817712529486415,0.8408856264743207,0.0,0.8408856264743207,0.0,3.4732492046713004,1.7366246023356502,0.8683123011678251,3.069771864702981,3.069771864702981,3.069771864702981,6.139543729405962
7.777777777777778,2.6598175875745986,0.0,5.319635175149197,3.9897263813618977,1.8309667948610495,0.9154833974305248,0.0,0.9154833974305248,0.0,2.866937470576045,1.4334687352880224,0.7167343676440112,3.170344876314201,3.170344876314201,3.170344876314201,6.340689752628402
7.878787878787879,2.702438746207267,0.0,5.404877492414534,4.0536581193109,2.0690521543272062,1.0345260771636031,0.0,1.0345260771636031,0.0,2.367982312065695,1.1839911560328475,0.5919955780164238,3.2465661879530487,3.2465661879530487,3.2465661879530487,6.4931323759060975
7.979797979797979,2.6532740485096813,0.0,5.306548097019363,3.979911072764522,2.394700152693811,1.1973500763469056,0.0,1.1973500763469056,0.0,1.989047562188882,0.994523781094441,0.4972618905472205,3.2921731640015053,3.2921731640015053,3.2921731640015053,6.584346328003011
8.080808080808081,2.525312598625713,0.0,5.050625197251426,3.7879688979385695,2.8017887953436102,1.4008943976718051,0.0,1.4008943976718051,0.0,1.7238986193451293,0.8619493096725647,0.43097465483628233,3.307556680619829,3.307556680619829,3.307556680619829,6.615113361239658
8.181818181818182,2.335645815695974,0.0,4.671291631391948,3.5034687235439606,3.2749593710335176,1.6374796855167588,0.0,1.6374796855167588,0.0,1.559700448787477,0.7798502243937385,0.38992511219686926,3.297237118427416,3.297237118427416,3.297237118427416,6.594474236854832
8.282828282828282,2.1037942263866625,0.0,4.207588452773325,3.1556913395799935,3.7864128463746094,1.8932064231873047,0.0,1.8932064231873047,0.0,1.4849832290411868,0.7424916145205934,0.3712458072602967,3.267267149981284,3.267267149981284,3.267267149981284,6.534534299962568
8.383838383838384,1.850917490569627,0.0,3.701834981139254,2.776376235854441,4.295839687072499,2.1479198435362497,0.0,2.1479198435362497,0.0,1.4934145803060181,0.7467072901530091,0.37335364507650454,3.2236107275019354,3.2236107275019354,3.2236107275019354,6.447221455003871
8.484848484848484,1.5982179014301874,0.0,3.1964358028603748,2.397326852145281,4.754426347835458,2.377213173917729,0.0,2.377213173917729,0.0,1.5848824858451813,0.7924412429225907,0.39622062146129533,3.171381744307132,3.171381744307132,3.171381744307132,6.342763488614264
8.585858585858587,1.3644082563709747,0.0,2.7288165127419495,2.046612384556462,5.11197025729365,2.555985128646825,0.0,2.555985128646825,0.0,1.7648986059941227,0.8824493029970614,0.4412246514985307,3.114493728842516,3.114493728842516,3.114493728842516,6.228987457685032
8.686868686868687,1.1634010167631685,0.0,2.326802033526337,1.7451015251447528,5.324778720507395,2.6623893602536977,0.0,2.6623893602536977,0.0,2.0424253776697885,1.0212126888348942,0.5106063444174471,3.0554979179818,3.0554979179818,3.0554979179818,6.1109958359636
8.787878787878787,1.0034295337453818,0.0,2.0068590674907636,1.5051443006180727,5.362479424232392,2.681239712116196,0.0,2.681239712116196,0.0,2.4256167006572404,1.2128083503286202,0.6064041751643101,2.995662950038423,2.995662950038423,2.995662950038423,5.991325900076846
8.88888888888889,0.8879060814481141,0.0,1.7758121628962282,1.3318591221721712,5.213414364875373,2.6067071824376864,0.0,2.6067071824376864,0.0,2.9150689827691005,1.4575344913845503,0.7287672456922751,2.9354254232754986,2.9354254232754986,2.9354254232754986,5.870850846550997
8.98989898989899,0.8174237329371834,0.0,1.6348474658743668,1.226135599405775,4.888791105705267,2.4443955528526335,0.0,2.4443955528526335,0.0,3.4954189062171124,1.7477094531085562,0.8738547265542781,2.875219271443768,2.875219271443768,2.875219271443768,5.750438542887536
9.09090909090909,0.7920115979972835,0.0,1.584023195994567,1.1880173969959253,4.4242604704492585,2.2121302352246293,0.0,2.2121302352246293,0.0,4.128355759305308,2.064177879652654,1.032088939826327,2.816478729356964,2.816478729356964,2.816478729356964,5.632957458713928
9.191919191919192,0.8129429798590219,0.0,1.6258859597180437,1.2194144697885327,3.875910689597746,1.937955344798873,0.0,1.937955344798873,0.0,4.751686749959335,2.3758433749796675,1.1879216874898337,2.76243297628959,2.76243297628959,2.76243297628959,5.52486595257918
9.292929292929292,0.8836281031087112,0.0,1.7672562062174224,1.3254421546630668,3.3091031869547423,1.6545515934773711,0.0,1.6545515934773711,0.0,5.28746141079894,2.64373070539947,1.321865352699735,2.7183105496558806,2.7183105496558806,2.7183105496558806,5.436621099311761
9.393939393939394,1.0091256343338084,0.0,2.018251268667617,1.5136884515007125,2.783486554957527,1.3917432774787635,0.0,1.3917432774787635,0.0,5.657321543104701,2.8286607715523506,1.4143303857761753,2.690805737050945,2.690805737050945,2.690805737050945,5.38161147410189
9.494949494949495,1.1936770011396793,0.0,2.3873540022793587,1.790515501709519,2.3412218384556764,1.1706109192278382,0.0,1.1706109192278382,0.0,5.799614351599556,2.899807175799778,1.449903587899889,2.686942091051177,2.686942091051177,2.686942091051177,5.373884182102354
9.595959595959595,1.435938308815066,0.0,2.871876617630132,2.1539074632225987,2.003493627330864,1.001746813665432,0.0,1.001746813665432,0.0,5.683923528301704,2.841961764150852,1.420980882075426,2.712514775081813,2.712514775081813,2.712514775081813,5.425029550163626
9.696969696969697,1.7230401876265435,0.0,3.446080375253087,2.584560281439815,1.774740703677018,0.887370351838509,0.0,0.887370351838509,0.0,5.321221206945442,2.660610603472721,1.3303053017363604,2.770144303745594,2.770144303745594,2.770144303745594,5.540288607491188
9.797979797979798,2.0271627041445552,0.0,4.0543254082891105,3.040744056216833,1.6502458061744003,0.8251229030872002,0.0,0.8251229030872002,0.0,4.766383958688878,2.383191979344439,1.1915959896722195,2.8571157510516043,2.8571157510516043,2.8571157510516043,5.714231502103209
9.8989898989899,2.309289928939029,0.0,4.618579857878058,3.4639348934085437,1.622935509931989,0.8114677549659945,0.0,0.8114677549659945,0.0,4.107144336011238,2.053572168005619,1.0267860840028096,2.9639692486545557,2.9639692486545557,2.9639692486545557,5.927938497309111
10.0,2.5305669403818674,0.0,5.061133880763735,3.7958504105728013,1.6874496344291845,0.8437248172145922,0.0,0.8437248172145922,0.0,3.4389445566693086,1.7194722783346543,0.8597361391673272,3.075528773370201,3.075528773370201,3.075528773370201,6.151057546740402
