time,A_1_1,A_1_2,A_1_3,A_1_4,A_1_5,A_2_1,A_2_2,A_2_3,A_2_4,A_2_5,A_3_1,A_3_2,A_3_3,A_3_4,A_3_5,A_4_1,A_4_2,A_4_3,A_4_4,A_4_5,A_5_1,A_5_2,A_5_3,A_5_4,A_5_5
0.0,0.0,8.000000000000002,7.000000000000001,6.000000000000001,5.000000000000001,0.9999999999999999,0.0,0.0,0.0,0.0,1.0,0.0,0.0,0.0,0.0,0.9999999999999999,0.0,0.0,0.0,0.0,1.0,0.0,0.0,0.0,0.0
0.10050251256281408,0.0,5.803514781181512,5.078075433533822,4.352636085886133,3.6271967382384447,1.8248560697758067,0.0,0.0,0.0,0.0,1.6715488520488784,0.0,0.0,0.0,0.0,1.5311210648852234,0.0,0.0,0.0,0.0,1.402490701151743,0.0,0.0,0.0,0.0
0.20100502512562815,0.0,3.3262971084476036,2.910509969891653,2.4947228313357024,2.078935692779752,2.6016046131770163,0.0,0.0,0.0,0.0,2.2512524385566905,0.0,0.0,0.0,0.0,1.948081433194527,0.0,0.0,0.0,0.0,1.685737797091514,0.0,0.0,0.0,0.0
0.30150753768844224,0.0,1.6396380237075363,1.4346832707440942,1.229728517780652,1.0247737648172102,2.9954443216565076,0.0,0.0,0.0,0.0,2.5149868054886033,0.0,0.0,0.0,0.0,2.111592812357017,0.0,0.0,0.0,0.0,1.7729016389020626,0.0,0.0,0.0,0.0
0.4020100502512563,0.0,0.7764486570639308,0.6793925749309394,0.5823364927979481,0.48528041066495675,3.042320031298828,0.0,0.0,0.0,0.0,2.5175635386396715,0.0,0.0,0.0,0.0,2.0833200215179626,0.0,0.0,0.0,0.0,1.7239772765527042,0.0,0.0,0.0,0.0
0.5025125628140704,0.0,0.3786602088336947,0.3313276827294828,0.28399515662527103,0.23666263052105918,2.9082878784130175,0.0,0.0,0.0,0.0,2.390027586846664,0.0,0.0,0.0,0.0,1.9641219027408001,0.0,0.0,0.0,0.0,1.6141131124005101,0.0,0.0,0.0,0.0
0.6030150753768845,0.0,0.19597128969468813,0.17147487848285212,0.1469784672710161,0.12248205605918008,2.704142599116791,0.0,0.0,0.0,0.0,2.2145736350903897,0.0,0.0,0.0,0.0,1.8136382429958606,0.0,0.0,0.0,0.0,1.4852898270227326,0.0,0.0,0.0,0.0
0.7035175879396985,0.0,0.10862504333383326,0.09504691291710408,0.08146878250037494,0.06789065208364578,2.482023028202233,0.0,0.0,0.0,0.0,2.0289126706181797,0.0,0.0,0.0,0.0,1.6585207377828775,0.0,0.0,0.0,0.0,1.355746400325422,0.0,0.0,0.0,0.0
0.8040201005025126,0.0,0.06449668896555873,0.05643460284486388,0.04837251672416904,0.0403104306034742,2.263770482663232,0.0,0.0,0.0,0.0,1.8485476783381796,0.0,0.0,0.0,0.0,1.5094854259979325,0.0,0.0,0.0,0.0,1.2326142776926772,0.0,0.0,0.0,0.0
0.9045226130653267,0.0,0.0408824151691347,0.03577211327299286,0.03066181137685102,0.025551509480709184,2.0579443796403654,0.0,0.0,0.0,0.0,1.6793869754341346,0.0,0.0,0.0,0.0,1.3704649493153647,0.0,0.0,0.0,0.0,1.118368912614054,0.0,0.0,0.0,0.0
1.0050251256281408,0.0,0.027535768554122892,0.02409379748485753,0.020651826415592166,0.017209855346326807,1.867466594285388,0.0,0.0,0.0,0.0,1.5233041584604579,0.0,0.0,0.0,0.0,1.2425687229100484,0.0,0.0,0.0,0.0,1.0135710779639906,0.0,0.0,0.0,0.0
1.105527638190955,0.0,0.019609133519713554,0.017157991829749357,0.014706850139785165,0.012255708449820971,1.6928550166227545,0.0,0.0,0.0,0.0,1.380469209828294,0.0,0.0,0.0,0.0,1.1257285701398014,0.0,0.0,0.0,0.0,0.9179957149293488,0.0,0.0,0.0,0.0
1.206030150753769,0.0,0.014692830102469573,0.012856226339660876,0.011019622576852179,0.009183018814043483,1.533601518634712,0.0,0.0,0.0,0.0,1.2503365684593764,0.0,0.0,0.0,0.0,1.0193922803446913,0.0,0.0,0.0,0.0,0.8311047217370169,0.0,0.0,0.0,0.0
1.306532663316583,0.0,0.011530353117442282,0.010089058977761996,0.00864776483808171,0.007206470698401426,1.3887761932457057,0.0,0.0,0.0,0.0,1.132076405033035,0.0,0.0,0.0,0.0,0.9228247180461171,0.0,0.0,0.0,0.0,0.7522508730020825,0.0,0.0,0.0,0.0
1.407035175879397,0.0,0.009436687884545818,0.008257101898977588,0.0070775159134093615,0.005897929927841135,1.257300583463836,0.0,0.0,0.0,0.0,1.0247685187018463,0.0,0.0,0.0,0.0,0.8352422170740565,0.0,0.0,0.0,0.0,0.6807679505437199,0.0,0.0,0.0,0.0
1.5075376884422111,0.0,0.008023007925426852,0.0070201319347484945,0.006017255944070139,0.005014379953391782,1.1380739640521897,0.0,0.0,0.0,0.0,0.9274911278824826,0.0,0.0,0.0,0.0,0.755873368176511,0.0,0.0,0.0,0.0,0.616010799523135,0.0,0.0,0.0,0.0
1.6080402010050252,0.0,0.007060628777773342,0.006178050180551673,0.005295471583330005,0.004412892986108338,1.030031815391347,0.0,0.0,0.0,0.0,0.8393612883545329,0.0,0.0,0.0,0.0,0.6839860366723682,0.0,0.0,0.0,0.0,0.5573725008721838,0.0,0.0,0.0,0.0
1.7085427135678393,0.0,0.006410987067720961,0.005609613684255841,0.0048082403007907205,0.0040068669173256004,0.9321718854392388,0.0,0.0,0.0,0.0,0.759552269303141,0.0,0.0,0.0,0.0,0.6188983644275228,0.0,0.0,0.0,0.0,0.5042907547775495,0.0,0.0,0.0,0.0
1.8090452261306533,0.0,0.005988219320838383,0.005239691905733584,0.0044911644906287865,0.003742637075523989,0.8435643181124239,0.0,0.0,0.0,0.0,0.6872996623774227,0.0,0.0,0.0,0.0,0.5599819957201669,0.0,0.0,0.0,0.0,0.45624907748197474,0.0,0.0,0.0,0.0
1.9095477386934674,0.0,0.0057384738003439855,0.005021164575300986,0.004303855350257989,0.0035865461252149906,0.7633538118518902,0.0,0.0,0.0,0.0,0.621901905413527,0.0,0.0,0.0,0.0,0.5066614951187415,0.0,0.0,0.0,0.0,0.41277550291013343,0.0,0.0,0.0,0.0
2.0100502512562817,0.0,0.005628133372141197,0.004924616700623547,0.004221100029105898,0.003517583357588248,0.69075779110235,0.0,0.0,0.0,0.0,0.5627180562946895,0.0,0.0,0.0,0.0,0.4584119324541967,0.0,0.0,0.0,0.0,0.37344012404129356,0.0,0.0,0.0,0.0
2.1105527638190957,0.0,0.005636949139304347,0.004932330496891303,0.00422771185447826,0.0035230932120652167,0.6250626437731919,0.0,0.0,0.0,0.0,0.5091642740917967,0.0,0.0,0.0,0.0,0.41475564577037627,0.0,0.0,0.0,0.0,0.3378521534405399,0.0,0.0,0.0,0.0
2.21105527638191,0.0,0.005753979111139844,0.005034731722247363,0.004315484333354882,0.0035962369444624024,0.5656191038596223,0.0,0.0,0.0,0.0,0.46070976968259086,0.0,0.0,0.0,0.0,0.3752587075675699,0.0,0.0,0.0,0.0,0.3056568527366661,0.0,0.0,0.0,0.0
2.311557788944724,0.0,0.005975185799371536,0.005228287574450093,0.004481389349528651,0.00373449112460721,0.511837356714629,0.0,0.0,0.0,0.0,0.4168726305174354,0.0,0.0,0.0,0.0,0.3395273702466725,0.0,0.0,0.0,0.0,0.27653251188942973,0.0,0.0,0.0,0.0
2.412060301507538,0.0,0.006302058307704063,0.005514301019241055,0.004726543730778047,0.003938786442315039,0.46318217439383225,0.0,0.0,0.0,0.0,0.3772157320814468,0.0,0.0,0.0,0.0,0.3072046329561604,0.0,0.0,0.0,0.0,0.2501875688087653,0.0,0.0,0.0,0.0
2.512562814070352,0.0,0.006740895045906904,0.005898283165168541,0.005055671284430178,0.004213059403691815,0.4191682446604112,0.0,0.0,0.0,0.0,0.3413428465648822,0.0,0.0,0.0,0.0,0.2779670012889338,0.0,0.0,0.0,0.0,0.22635791235654618,0.0,0.0,0.0,0.0
2.613065326633166,0.0,0.007302544289526524,0.0063897262533357075,0.005476908217144892,0.004564090180954077,0.37935577294875905,0.0,0.0,0.0,0.0,0.30889499968965306,0.0,0.0,0.0,0.0,0.2515214701879585,0.0,0.0,0.0,0.0,0.20480438436372883,0.0,0.0,0.0,0.0
2.71356783919598,0.0,0.008002486947078362,0.007002176078693566,0.006001865210308772,0.005001554341923976,0.3433463924092233,0.0,0.0,0.0,0.0,0.2795470956452464,0.0,0.0,0.0,0.0,0.22760273924824304,0.0,0.0,0.0,0.0,0.1853104823792485,0.0,0.0,0.0,0.0
2.814070351758794,0.0,0.008861201164000498,0.007753551018500436,0.006645900873000374,0.0055382507275003115,0.31077939105538227,0.0,0.0,0.0,0.0,0.2530048119383412,0.0,0.0,0.0,0.0,0.20597065736065845,0.0,0.0,0.0,0.0,0.16768025697076622,0.0,0.0,0.0,0.0
2.9145728643216082,0.0,0.009904786362964626,0.008666688067594047,0.0074285897722234685,0.006190491476852891,0.28132824932506606,0.0,0.0,0.0,0.0,0.22900175521931204,0.0,0.0,0.0,0.0,0.1864078865727239,0.0,0.0,0.0,0.0,0.15173639300914765,0.0,0.0,0.0,0.0
3.0150753768844223,0.0,0.01116584503685833,0.009770114407251038,0.008374383777643747,0.006978653148036456,0.2546974755616061,0.0,0.0,0.0,0.0,0.207296865362246,0.0,0.0,0.0,0.0,0.16871777272623106,0.0,0.0,0.0,0.0,0.13731846311080498,0.0,0.0,0.0,0.0
3.1155778894472363,0.0,0.01268464254056122,0.011099062222991066,0.009513481905420914,0.007927901587850762,0.23061972103736425,0.0,0.0,0.0,0.0,0.18767205126854877,0.0,0.0,0.0,0.0,0.15272240813702762,0.0,0.0,0.0,0.0,0.12428134020156181,0.0,0.0,0.0,0.0
3.2160804020100504,0.0,0.014510580457866316,0.012696757900633024,0.010882935343399736,0.009069112786166447,0.20885315545227143,0.0,0.0,0.0,0.0,0.16993004168087134,0.0,0.0,0.0,0.0,0.138260871742407,0.0,0.0,0.0,0.0,0.11249375654937506,0.0,0.0,0.0,0.0
3.3165829145728645,0.0,0.016704034694449085,0.014616030357642947,0.01252802602083681,0.010440021684030677,0.18917908319964602,0.0,0.0,0.0,0.0,0.15389243413148299,0.0,0.0,0.0,0.0,0.12518763230333813,0.0,0.0,0.0,0.0,0.1018369969861,0.0,0.0,0.0,0.0
3.4170854271356785,0.0,0.01933862616056907,0.01692129789049793,0.014503969620426799,0.012086641350355667,0.17139978127336342,0.0,0.0,0.0,0.0,0.13939792582526903,0.0,0.0,0.0,0.0,0.11337110096616614,0.0,0.0,0.0,0.0,0.0922037147602793,0.0,0.0,0.0,0.0
3.5175879396984926,0.0,0.022504009517623675,0.019691008327920714,0.016878007138217754,0.014065005948514796,0.15533654061724886,0.0,0.0,0.0,0.0,0.12630071114457386,0.0,0.0,0.0,0.0,0.10269232032101701,0.0,0.0,0.0,0.0,0.08349685923270368,0.0,0.0,0.0,0.0
3.6180904522613067,0.0,0.026309287736284298,0.02302062676924876,0.019731965802213224,0.016443304835177686,0.14082789399145104,0.0,0.0,0.0,0.0,0.11446903159531026,0.0,0.0,0.0,0.0,0.09304377809700719,0.0,0.0,0.0,0.0,0.07562870551189949,0.0,0.0,0.0,0.0
3.7185929648241207,0.0,0.030887183527832224,0.027026285586853195,0.023165387645874166,0.01930448970489514,0.12772801476777912,0.0,0.0,0.0,0.0,0.10378386512179315,0.0,0.0,0.0,0.0,0.08432833455663641,0.0,0.0,0.0,0.0,0.06851997689743045,0.0,0.0,0.0,0.0
3.819095477386935,0.0,0.03639912916699456,0.03184923802112024,0.02729934687524592,0.0227494557293716,0.11590527256443343,0.0,0.0,0.0,0.0,0.0941377429627061,0.0,0.0,0.0,0.0,0.07645825369243975,0.0,0.0,0.0,0.0,0.06209905187351659,0.0,0.0,0.0,0.0
3.919597989949749,0.0,0.043041471727397584,0.037661287761472886,0.03228110379554819,0.02690091982962349,0.10524093320620195,0.0,0.0,0.0,0.0,0.08543368345987595,0.0,0.0,0.0,0.0,0.06935432931164905,0.0,0.0,0.0,0.0,0.05630124818116901,0.0,0.0,0.0,0.0
4.020100502512563,0.0,0.05105303293108489,0.04467140381469927,0.03828977469831366,0.03190814558192805,0.095627992087536,0.0,0.0,0.0,0.0,0.07758423346519337,0.0,0.0,0.0,0.0,0.06294509806186026,0.0,0.0,0.0,0.0,0.05106817726439638,0.0,0.0,0.0,0.0
4.120603015075377,0.0,0.06072431465483692,0.0531337753229823,0.04554323599112769,0.037952696659273075,0.0869701317992239,0.0,0.0,0.0,0.0,0.07051060932506381,0.0,0.0,0.0,0.0,0.05716613246026388,0.0,0.0,0.0,0.0,0.04634716316027931,0.0,0.0,0.0,0.0
4.2211055276381915,0.0,0.07240870269504687,0.063357614858166,0.05430652702128515,0.04525543918440429,0.0791807968072454,0.0,0.0,0.0,0.0,0.06414193081076586,0.0,0.0,0.0,0.0,0.051959408001224984,0.0,0.0,0.0,0.0,0.04209072065146291,0.0,0.0,0.0,0.0
4.3216080402010055,0.0,0.08653609557034479,0.07571908362405168,0.06490207167775859,0.05408505973146549,0.07218238022193198,0.0,0.0,0.0,0.0,0.058414542925794816,0.0,0.0,0.0,0.0,0.047272739512958566,0.0,0.0,0.0,0.0,0.038256088279788505,0.0,0.0,0.0,0.0
4.42211055276382,0.0,0.10362947397845779,0.09067578973115056,0.07772210548384334,0.06476842123653612,0.06590552042999155,0.0,0.0,0.0,0.0,0.05327142234394025,0.0,0.0,0.0,0.0,0.04305928315368772,0.0,0.0,0.0,0.0,0.03480481264459537,0.0,0.0,0.0,0.0
4.522613065326634,0.0,0.12432503217912157,0.10878440315673137,0.09324377413434116,0.07770314511195098,0.06028850883898726,0.0,0.0,0.0,0.0,0.04866166746310347,0.0,0.0,0.0,0.0,0.03927710186493862,0.0,0.0,0.0,0.0,0.0317023813256809,0.0,0.0,0.0,0.0
4.623115577889448,0.0,0.14939661785406516,0.130722040622307,0.11204746339054886,0.09337288615879072,0.055276814638840356,0.0,0.0,0.0,0.0,0.04454007394542832,0.0,0.0,0.0,0.0,0.03588879386705414,0.0,0.0,0.0,0.0,0.028917902846252043,0.0,0.0,0.0,0.0
4.723618090452262,0.0,0.17978537407219883,0.15731220231317394,0.13483903055414911,0.11236585879512426,0.05082273896380946,0.0,0.0,0.0,0.0,0.040866801510311516,0.0,0.0,0.0,0.0,0.032861186076646065,0.0,0.0,0.0,0.0,0.026423833417702536,0.0,0.0,0.0,0.0
4.824120603015076,0.0,0.2166356476075173,0.18955619165657764,0.16247673570563798,0.1353972797546983,0.04688522019568813,0.0,0.0,0.0,0.0,0.03760714322956714,0.0,0.0,0.0,0.0,0.0301650974475966,0.0,0.0,0.0,0.0,0.024195751932427113,0.0,0.0,0.0,0.0
4.92462311557789,0.0,0.2613384223005923,0.22867111951301825,0.19600381672544423,0.1633365139378702,0.043429826099188946,0.0,0.0,0.0,0.0,0.034731416565063504,0.0,0.0,0.0,0.0,0.027775181656603837,0.0,0.0,0.0,0.0,0.02221218701699103,0.0,0.0,0.0,0.0
5.025125628140704,0.0,0.3155837514556994,0.27613578252373694,0.23668781359177454,0.19723984465981212,0.04042898987511436,0.0,0.0,0.0,0.0,0.03221500739778638,0.0,0.0,0.0,0.0,0.025669865028010233,0.0,0.0,0.0,0.0,0.02045450327910083,0.0,0.0,0.0,0.0
5.125628140703518,0.0,0.38142389045780445,0.3337459041505788,0.2860679178433533,0.23838993153612775,0.03786258091299145,0.0,0.0,0.0,0.0,0.030038616853191553,0.0,0.0,0.0,0.0,0.023831405366480703,0.0,0.0,0.0,0.0,0.018906858747099506,0.0,0.0,0.0,0.0
5.226130653266332,0.0,0.4613490492854666,0.4036804181247833,0.34601178696409995,0.28834315580341663,0.03571895547813807,0.0,0.0,0.0,0.0,0.028188790158607577,0.0,0.0,0.0,0.0,0.022246112529959467,0.0,0.0,0.0,0.0,0.017556252843740235,0.0,0.0,0.0,0.0
5.326633165829146,0.0,0.5583778519332354,0.4885806204415809,0.4187833889499265,0.3489861574582721,0.033996722873222585,0.0,0.0,0.0,0.0,0.026658854656808728,0.0,0.0,0.0,0.0,0.020904795715863986,0.0,0.0,0.0,0.0,0.016392695621487437,0.0,0.0,0.0,0.0
5.42713567839196,0.0,0.6761646221620288,0.5916440443917751,0.5071234666215215,0.42260288885126795,0.03270761643831966,0.0,0.0,0.0,0.0,0.025450474064412563,0.0,0.0,0.0,0.0,0.01980354184969527,0.0,0.0,0.0,0.0,0.015409547093498056,0.0,0.0,0.0,0.0
5.527638190954774,0.0,0.8191253603290711,0.7167346902879372,0.6143440202468033,0.5119533502056695,0.031881122389271085,0.0,0.0,0.0,0.0,0.02457616030436841,0.0,0.0,0.0,0.0,0.018944994127999017,0.0,0.0,0.0,0.0,0.014604104420968126,0.0,0.0,0.0,0.0
5.628140703517588,0.0,0.9925833410194955,0.8685104233920584,0.7444375057646215,0.6203645881371846,0.03157203930475856,0.0,0.0,0.0,0.0,0.024063342906326165,0.0,0.0,0.0,0.0,0.018340421246462183,0.0,0.0,0.0,0.0,0.013978567518884476,0.0,0.0,0.0,0.0
5.728643216080402,0.0,1.2029332681547613,1.0525666096354158,0.9021999511160708,0.7518332925967257,0.03187295931364558,0.0,0.0,0.0,0.0,0.023960991027595864,0.0,0.0,0.0,0.0,0.018013047307809477,0.0,0.0,0.0,0.0,0.01354158876108419,0.0,0.0,0.0,0.0
5.8291457286432165,0.0,1.4578180621964187,1.2755908044218662,1.093363546647314,0.9111362888727617,0.03293556451479488,0.0,0.0,0.0,0.0,0.024350684941421088,0.0,0.0,0.0,0.0,0.01800351417589608,0.0,0.0,0.0,0.0,0.013310777151202897,0.0,0.0,0.0,0.0
5.9296482412060305,0.0,1.7663028453201841,1.5455149896551608,1.3247271339901379,1.103939278325115,0.03500797487903113,0.0,0.0,0.0,0.0,0.0253655535941812,0.0,0.0,0.0,0.0,0.01837899433807232,0.0,0.0,0.0,0.0,0.013316778424911524,0.0,0.0,0.0,0.0
6.030150753768845,0.0,2.139009709025316,1.8716334953971514,1.604257281768987,1.3368810681408225,0.03850290639106085,0.0,0.0,0.0,0.0,0.02722382102289531,0.0,0.0,0.0,0.0,0.019248845976564132,0.0,0.0,0.0,0.0,0.013610069699723266,0.0,0.0,0.0,0.0
6.130653266331659,0.0,2.5881328117019415,2.2646162102391987,1.941099608776456,1.6175830073137134,0.044127416157114754,0.0,0.0,0.0,0.0,0.030290484129398394,0.0,0.0,0.0,0.0,0.02079236972982231,0.0,0.0,0.0,0.0,0.014272557634486887,0.0,0.0,0.0,0.0
6.231155778894473,0.0,3.1271554111077533,2.736260984719284,2.3453665583308148,1.9544721319423457,0.053142017644256585,0.0,0.0,0.0,0.0,0.03519561618518519,0.0,0.0,0.0,0.0,0.023309834009430177,0.0,0.0,0.0,0.0,0.01543795750841248,0.0,0.0,0.0,0.0
6.331658291457287,0.0,3.7698661981928563,3.2986329234187486,2.8273996486446418,2.356166373870535,0.06790612940970038,0.0,0.0,0.0,0.0,0.04307196267046827,0.0,0.0,0.0,0.0,0.0273199835174266,0.0,0.0,0.0,0.0,0.01732871121663551,0.0,0.0,0.0,0.0
6.432160804020101,0.0,4.527736813276596,3.9617697116170216,3.3958026099574474,2.829835508297873,0.09309234456258199,0.0,0.0,0.0,0.0,0.05605547523815136,0.0,0.0,0.0,0.0,0.03375376426150874,0.0,0.0,0.0,0.0,0.020324808302618166,0.0,0.0,0.0,0.0
6.532663316582915,0.0,5.403400025483805,4.727975022298329,4.052550019112854,3.377125015927378,0.13854436634890954,0.0,0.0,0.0,0.0,0.0783885421589513,0.0,0.0,0.0,0.0,0.04435232868205325,0.0,0.0,0.0,0.0,0.02509460411433867,0.0,0.0,0.0,0.0
6.633165829145729,0.0,6.3746771796155075,5.577842532163569,4.78100788471163,3.984173237259692,0.22632352042926732,0.0,0.0,0.0,0.0,0.11893092615703642,0.0,0.0,0.0,0.0,0.062497128735256,0.0,0.0,0.0,0.0,0.03284168477299209,0.0,0.0,0.0,0.0
6.733668341708543,0.0,7.356071660525456,6.436562702959773,5.517053745394091,4.59754478782841,0.4083083766426173,0.0,0.0,0.0,0.0,0.19681813013329666,0.0,0.0,0.0,0.0,0.09487288031387174,0.0,0.0,0.0,0.0,0.04573189258704783,0.0,0.0,0.0,0.0
6.834170854271357,0.0,8.114184254074672,7.099911222315337,6.085638190556004,5.07136515879667,0.8062586873847484,0.0,0.0,0.0,0.0,0.3525003228791085,0.0,0.0,0.0,0.0,0.1541149595297424,0.0,0.0,0.0,0.0,0.06737987002607312,0.0,0.0,0.0,0.0
6.934673366834171,0.0,8.148071313708844,7.129562399495237,6.111053485281632,5.092544571068027,1.6657514623161689,0.0,0.0,0.0,0.0,0.6568215549921246,0.0,0.0,0.0,0.0,0.25899104191429057,0.0,0.0,0.0,0.0,0.10212267365580559,0.0,0.0,0.0,0.0
7.035175879396985,0.0,6.837353015826223,5.982683888847944,5.128014761869667,4.273345634891389,3.2395452778357408,0.0,0.0,0.0,0.0,1.160796348838231,0.0,0.0,0.0,0.0,0.4159375913862831,0.0,0.0,0.0,0.0,0.1490391644477454,0.0,0.0,0.0,0.0
7.135678391959799,0.0,4.419176692991221,3.866779606367318,3.314382519743415,2.761985433119513,5.1794292704874465,0.0,0.0,0.0,0.0,1.7283162197819109,0.0,0.0,0.0,0.0,0.5767195338999815,0.0,0.0,0.0,0.0,0.19244481250147444,0.0,0.0,0.0,0.0
7.236180904522613,0.0,2.2562444900450305,1.9742139287894014,1.6921833675337725,1.4101528062781439,6.504346991519359,0.0,0.0,0.0,0.0,2.0831656748194676,0.0,0.0,0.0,0.0,0.667181625880229,0.0,0.0,0.0,0.0,0.2136802762234781,0.0,0.0,0.0,0.0
7.336683417085427,0.0,1.0304198416195909,0.9016173614171419,0.772814881214693,0.6440124010122442,6.888046822280049,0.0,0.0,0.0,0.0,2.1629609983429683,0.0,0.0,0.0,0.0,0.679205892293559,0.0,0.0,0.0,0.0,0.21328204426301905,0.0,0.0,0.0,0.0
7.437185929648241,0.0,0.46928238144435536,0.4106220837638109,0.3519617860832665,0.2933014884027221,6.6912285233101505,0.0,0.0,0.0,0.0,2.08245813013516,0.0,0.0,0.0,0.0,0.648107209382953,0.0,0.0,0.0,0.0,0.20170539760761722,0.0,0.0,0.0,0.0
7.5376884422110555,0.0,0.22494186273935177,0.19682412989693276,0.16870639705451382,0.14058866421209484,6.255815142461067,0.0,0.0,0.0,0.0,1.9388807835270325,0.0,0.0,0.0,0.0,0.6009224982428377,0.0,0.0,0.0,0.0,0.18624555443871,0.0,0.0,0.0,0.0
7.63819095477387,0.0,0.11566240120020638,0.10120460105018056,0.08674680090015477,0.07228900075012898,5.7512671414358225,0.0,0.0,0.0,0.0,1.7788520345641567,0.0,0.0,0.0,0.0,0.550194528878849,0.0,0.0,0.0,0.0,0.17017384179487943,0.0,0.0,0.0,0.0
7.738693467336684,0.0,0.06402361120005083,0.056020659800044476,0.04801770840003813,0.04001475700003177,5.2469127699411295,0.0,0.0,0.0,0.0,1.6210881442131708,0.0,0.0,0.0,0.0,0.5008521858790811,0.0,0.0,0.0,0.0,0.15474356957560864,0.0,0.0,0.0,0.0
7.839195979899498,0.0,0.038055579227459,0.03329863182402662,0.028541684420594245,0.023784737017161873,4.768947632385987,0.0,0.0,0.0,0.0,1.4724974097805432,0.0,0.0,0.0,0.0,0.45465993335731214,0.0,0.0,0.0,0.0,0.14038442313528324,0.0,0.0,0.0,0.0
7.939698492462312,0.0,0.024176031583145352,0.021154027635252183,0.018132023687359014,0.015110019739465845,4.326165273737131,0.0,0.0,0.0,0.0,1.33526991162833,0.0,0.0,0.0,0.0,0.41213089987206925,0.0,0.0,0.0,0.0,0.12720418071607445,0.0,0.0,0.0,0.0
8.040201005025127,0.0,0.01632791718898807,0.014286927540364558,0.01224593789174105,0.010204948243117542,3.9203420598452166,0.0,0.0,0.0,0.0,1.2097102215797864,0.0,0.0,0.0,0.0,0.37328358894563335,0.0,0.0,0.0,0.0,0.1151851619051206,0.0,0.0,0.0,0.0
8.14070351758794,0.0,0.01166142989231546,0.010203751155776026,0.008746072419236594,0.0072883936826971625,3.550411816346525,0.0,0.0,0.0,0.0,1.0953699229120626,0.0,0.0,0.0,0.0,0.33794268601650057,0.0,0.0,0.0,0.0,0.104261839945199,0.0,0.0,0.0,0.0
8.241206030150755,0.0,0.008763115548000694,0.007667726104500607,0.006572336661000521,0.005476947217500434,3.214193334380921,0.0,0.0,0.0,0.0,0.9915142460027605,0.0,0.0,0.0,0.0,0.3058623910745532,0.0,0.0,0.0,0.0,0.09435247427097705,0.0,0.0,0.0,0.0
8.341708542713569,0.0,0.006896294460282225,0.006034257652746946,0.005172220845211669,0.0043101840376763905,2.9091304152999444,0.0,0.0,0.0,0.0,0.8973209204373177,0.0,0.0,0.0,0.0,0.2767786290103926,0.0,0.0,0.0,0.0,0.08537238372649582,0.0,0.0,0.0,0.0
8.442211055276383,0.0,0.005659179536921315,0.00495178209480615,0.004244384652690986,0.0035369872105758217,2.632617231111694,0.0,0.0,0.0,0.0,0.8119668426682659,0.0,0.0,0.0,0.0,0.2504315425306,0.0,0.0,0.0,0.0,0.07723957147138781,0.0,0.0,0.0,0.0
8.542713567839197,0.0,0.004823505765813134,0.004220567545086491,0.0036176293243598496,0.0030146911036332083,2.3821419382032576,0.0,0.0,0.0,0.0,0.734665693326247,0.0,0.0,0.0,0.0,0.22657502862091686,0.0,0.0,0.0,0.0,0.0698770271934005,0.0,0.0,0.0,0.0
8.643216080402011,0.0,0.0042548910893005,0.0037230297031379373,0.0031911683169753746,0.0026593069308128124,2.155347385112233,0.0,0.0,0.0,0.0,0.6646832518544357,0.0,0.0,0.0,0.0,0.2049804080320748,0.0,0.0,0.0,0.0,0.06321353305111707,0.0,0.0,0.0,0.0
8.743718592964825,0.0,0.003871840222170941,0.0033878601943995727,0.0029038801666282053,0.002419900138856838,1.9500528401411783,0.0,0.0,0.0,0.0,0.6013422799026,0.0,0.0,0.0,0.0,0.18543736972610197,0.0,0.0,0.0,0.0,0.05718378140462194,0.0,0.0,0.0,0.0
8.84422110552764,0.0,0.0036238306545238828,0.0031708518227083968,0.0027178729908929116,0.0022648941590774265,1.7642570169172984,0.0,0.0,0.0,0.0,0.5440224458770565,0.0,0.0,0.0,0.0,0.1677536360839931,0.0,0.0,0.0,0.0,0.05172817533975581,0.0,0.0,0.0,0.0
8.944723618090453,0.0,0.003479187820888012,0.0030442893432770105,0.002609390865666009,0.0021744923880550075,1.5961321601749014,0.0,0.0,0.0,0.0,0.4921579199374879,0.0,0.0,0.0,0.0,0.15175404177323285,0.0,0.0,0.0,0.0,0.04679248918349886,0.0,0.0,0.0,0.0
9.045226130653267,0.0,0.0034181780765482742,0.00299090581697974,0.0025636335574112054,0.0021363612978426713,1.4440140212961383,0.0,0.0,0.0,0.0,0.44523393611603035,0.0,0.0,0.0,0.0,0.13727936658145387,0.0,0.0,0.0,0.0,0.0423274755396093,0.0,0.0,0.0,0.0
9.145728643216081,0.0,0.0034289804531453696,0.003000357896502198,0.002571735339859027,0.002143112783215856,1.3063901833428533,0.0,0.0,0.0,0.0,0.4027829786043089,0.0,0.0,0.0,0.0,0.12418509347324994,0.0,0.0,0.0,0.0,0.0382884619646517,0.0,0.0,0.0,0.0
9.246231155778895,0.0,0.003505304801033312,0.003067141700904148,0.0026289786007749837,0.00219081550064582,1.18188799820192,0.0,0.0,0.0,0.0,0.364380926535414,0.0,0.0,0.0,0.0,0.11234017796621765,0.0,0.0,0.0,0.0,0.03463495858176999,0.0,0.0,0.0,0.0
9.34673366834171,0.0,0.003644985446732263,0.00318936226589073,0.002733739085049197,0.0022781159042076643,1.069262786159814,0.0,0.0,0.0,0.0,0.32964332683064684,0.0,0.0,0.0,0.0,0.10162587155165698,0.0,0.0,0.0,0.0,0.03133028685324515,0.0,0.0,0.0,0.0
9.447236180904524,0.0,0.0038491779710991742,0.0033680307247117773,0.0028868834783243803,0.002405736231936984,0.9673866212045357,0.0,0.0,0.0,0.0,0.2982218769381503,0.0,0.0,0.0,0.0,0.09193461887530185,0.0,0.0,0.0,0.0,0.028341233887638807,0.0,0.0,0.0,0.0
9.547738693467338,0.0,0.004121947994117779,0.0036067044948530566,0.0030914609955883343,0.002576217496323612,0.8752378504254379,0.0,0.0,0.0,0.0,0.26980115257442516,0.0,0.0,0.0,0.0,0.08316903621962851,0.0,0.0,0.0,0.0,0.025637733592700756,0.0,0.0,0.0,0.0
9.648241206030152,0.0,0.004470131987704976,0.003911365489241854,0.003352598990778732,0.00279383249231561,0.7918913999286382,0.0,0.0,0.0,0.0,0.24409559014347457,0.0,0.0,0.0,0.0,0.07524097226794733,0.0,0.0,0.0,0.0,0.023192574357934186,0.0,0.0,0.0,0.0
9.748743718592966,0.0,0.004903403033859451,0.004290477654627019,0.003677552275394588,0.0030646268961621566,0.7165098678477957,0.0,0.0,0.0,0.0,0.22084671993929872,0.0,0.0,0.0,0.0,0.06807064869226662,0.0,0.0,0.0,0.0,0.020981132120834738,0.0,0.0,0.0,0.0
9.84924623115578,0.0,0.00543450742898676,0.004755194000363414,0.00407588057174007,0.0033965671431167247,0.6483353762642885,0.0,0.0,0.0,0.0,0.19982063885850798,0.0,0.0,0.0,0.0,0.06158587629198171,0.0,0.0,0.0,0.0,0.018981127253328116,0.0,0.0,0.0,0.0
9.949748743718594,0.0,0.006079658775544806,0.005319701428601705,0.0045597440816586045,0.0037997867347155036,0.5866821400148512,0.0,0.0,0.0,0.0,0.18080570796424172,0.0,0.0,0.0,0.0,0.055721341638420074,0.0,0.0,0.0,0.0,0.017172403550832792,0.0,0.0,0.0,0.0
10.050251256281408,0.0,0.006859090542891005,0.006001704225029628,0.005144317907168253,0.0042869315893068775,0.5309297041845622,0.0,0.0,0.0,0.0,0.1636104588890452,0.0,0.0,0.0,0.0,0.050417958933391405,0.0,0.0,0.0,0.0,0.015536727582888361,0.0,0.0,0.0,0.0
10.150753768844222,0.0,0.007797780382370941,0.006823057834574572,0.005848335286778205,0.004873612738981838,0.48051679917211904,0.0,0.0,0.0,0.0,0.14806169256682325,0.0,0.0,0.0,0.0,0.045622281760037436,0.0,0.0,0.0,0.0,0.014057606693245149,0.0,0.0,0.0,0.0
10.251256281407036,0.0,0.008926368745163723,0.007810572652018256,0.006694776558872791,0.005578980465727326,0.4349357638188375,0.0,0.0,0.0,0.0,0.13400275447310858,0.0,0.0,0.0,0.0,0.041285969676840575,0.0,0.0,0.0,0.0,0.012720124039923897,0.0,0.0,0.0,0.0
10.35175879396985,0.0,0.010282304189350368,0.00899701616568157,0.007711728142012774,0.006426440118343979,0.393727488607482,0.0,0.0,0.0,0.0,0.1212919711956234,0.0,0.0,0.0,0.0,0.03736530485819929,0.0,0.0,0.0,0.0,0.011510789160445204,0.0,0.0,0.0,0.0
10.452261306532664,0.0,0.011911258098210786,0.010422350835934437,0.008933443573658089,0.0074445363113817406,0.35647683393088764,0.0,0.0,0.0,0.0,0.1098012341750933,0.0,0.0,0.0,0.0,0.03382075432831784,0.0,0.0,0.0,0.0,0.010417402662439162,0.0,0.0,0.0,0.0
10.552763819095478,0.0,0.013868862804189945,0.0121352549536662,0.010401647103142458,0.008668039252618715,0.3228084815431428,0.0,0.0,0.0,0.0,0.09941471748564688,0.0,0.0,0.0,0.0,0.030616573674266474,0.0,0.0,0.0,0.0,0.009428933751179192,0.0,0.0,0.0,0.0
10.653266331658292,0.0,0.01622284044324131,0.014194985387836145,0.012167130332430982,0.010139275277025819,0.29238318058068885,0.0,0.0,0.0,0.0,0.09002771757786816,0.0,0.0,0.0,0.0,0.027720448462915753,0.0,0.0,0.0,0.0,0.008535409414469893,0.0,0.0,0.0,0.0
10.753768844221106,0.0,0.019055605508831674,0.016673654820227715,0.014291704131623756,0.011909753443019797,0.26489435290235047,0.0,0.0,0.0,0.0,0.08154560396670099,0.0,0.0,0.0,0.0,0.02510316992045964,0.0,0.0,0.0,0.0,0.0077278141907414465,0.0,0.0,0.0,0.0
10.85427135678392,0.0,0.0224674428227761,0.019659012469929085,0.016850582117082073,0.014042151764235062,0.24006502564463078,0.0,0.0,0.0,0.0,0.07388287083098649,0.0,0.0,0.0,0.0,0.022738341741847197,0.0,0.0,0.0,0.0,0.006997999543102921,0.0,0.0,0.0,0.0
10.954773869346734,0.0,0.026580385283595267,0.023257837123145855,0.01993528896269645,0.01661274080224704,0.21764506204752584,0.0,0.0,0.0,0.0,0.06696228046278209,0.0,0.0,0.0,0.0,0.020602115197048614,0.0,0.0,0.0,0.0,0.0063386019547862354,0.0,0.0,0.0,0.0
11.055276381909549,0.0,0.031542943036691716,0.02760007515710525,0.02365720727751879,0.019714339397932323,0.19740866460790477,0.0,0.0,0.0,0.0,0.060714090417612256,0.0,0.0,0.0,0.0,0.0186729499800053,0.0,0.0,0.0,0.0,0.00574296894699548,0.0,0.0,0.0,0.0
11.155778894472363,0.0,0.037535868759152304,0.03284388516425826,0.028151901569364226,0.02345991797447019,0.179152127575539,0.0,0.0,0.0,0.0,0.05507535710152541,0.0,0.0,0.0,0.0,0.016931398512301656,0.0,0.0,0.0,0.0,0.005205092300748768,0.0,0.0,0.0,0.0
11.256281407035177,0.0,0.04477918372486531,0.03918178575925714,0.03358438779364898,0.027986989828040817,0.16269181875623295,0.0,0.0,0.0,0.0,0.0499893093954807,0.0,0.0,0.0,0.0,0.015359911669018296,0.0,0.0,0.0,0.0,0.004719547840367295,0.0,0.0,0.0,0.0
11.35678391959799,0.0,0.0535407376182996,0.04684814541601214,0.040155553213724694,0.033462961011437246,0.14786237359409504,0.0,0.0,0.0,0.0,0.04540478677765518,0.0,0.0,0.0,0.0,0.013942664142468584,0.0,0.0,0.0,0.0,0.004281441208674569,0.0,0.0,0.0,0.0
11.457286432160805,0.0,0.06414663340332812,0.056128304227912096,0.04810997505249608,0.04009164587708007,0.13451508771680523,0.0,0.0,0.0,0.0,0.04127573729470617,0.0,0.0,0.0,0.0,0.012665397908849215,0.0,0.0,0.0,0.0,0.0038863591346536453,0.0,0.0,0.0,0.0
11.557788944723619,0.0,0.07699391882647731,0.06736967897316763,0.05774543911985797,0.048121199266548315,0.1225164976947437,0.0,0.0,0.0,0.0,0.03756077168722584,0.0,0.0,0.0,0.0,0.011515282520420493,0.0,0.0,0.0,0.0,0.003530325764771699,0.0,0.0,0.0,0.0
11.658291457286433,0.0,0.09256603057832324,0.08099527675603284,0.06942452293374243,0.05785376911145203,0.11174714395409922,0.0,0.0,0.0,0.0,0.03422277105269888,0.0,0.0,0.0,0.0,0.010480791224833764,0.0,0.0,0.0,0.0,0.0032097637022164265,0.0,0.0,0.0,0.0
11.758793969849247,0.0,0.1114515782454131,0.09752013096473645,0.08358868368405982,0.06965723640338319,0.10210051496967382,0.0,0.0,0.0,0.0,0.031228546712797466,0.0,0.0,0.0,0.0,0.009551592230784138,0.0,0.0,0.0,0.0,0.002921459477344463,0.0,0.0,0.0,0.0
11.859296482412061,0.0,0.13436717563417608,0.11757127867990406,0.10077538172563207,0.08397948477136005,0.09348217862046268,0.0,0.0,0.0,0.0,0.028548552564535624,0.0,0.0,0.0,0.0,0.008718454820812842,0.0,0.0,0.0,0.0,0.002662533262724804,0.0,0.0,0.0,0.0
11.959798994974875,0.0,0.16218516958347423,0.14191202338553993,0.12163887718760566,0.10136573098967139,0.08580911581672623,0.0,0.0,0.0,0.0,0.026156652326601856,0.0,0.0,0.0,0.0,0.007973170496310675,0.0,0.0,0.0,0.0,0.00243041275464235,0.0,0.0,0.0,0.0
12.06030150753769,0.0,0.19596728342951095,0.17147137300082205,0.1469754625721332,0.12247955214344433,0.07900928461496122,0.0,0.0,0.0,0.0,0.02402994703774363,0.0,0.0,0.0,0.0,0.007308489985107042,0.0,0.0,0.0,0.0,0.0022228112807273774,0.0,0.0,0.0,0.0
12.160804020100503,0.0,0.23700538531964246,0.20737971215468715,0.17775403898973183,0.14812836582477654,0.07302146231806782,0.0,0.0,0.0,0.0,0.02214867239408185,0.0,0.0,0.0,0.0,0.006718077840416291,0.0,0.0,0.0,0.0,0.0020377103773054537,0.0,0.0,0.0,0.0
12.261306532663317,0.0,0.2868708098722977,0.2510119586382604,0.21515310740422325,0.17929425617018604,0.0677954422925494,0.0,0.0,0.0,0.0,0.02049618179130725,0.0,0.0,0.0,0.0,0.006196487658048664,0.0,0.0,0.0,0.0,0.001873347336357046,0.0,0.0,0.0,0.0
12.361809045226131,0.0,0.3474739000017727,0.30403966250155107,0.2606054250013295,0.21717118750110792,0.06329270780334534,0.0,0.0,0.0,0.0,0.019059040535942828,0.0,0.0,0.0,0.0,0.00573916287598583,0.0,0.0,0.0,0.0,0.0017282085925401252,0.0,0.0,0.0,0.0
12.462311557788945,0.0,0.4211356799890729,0.3684937199904388,0.31585175999180465,0.26320979999317057,0.05948777808658839,0.0,0.0,0.0,0.0,0.01782727176341863,0.0,0.0,0.0,0.0,0.005342471095308005,0.0,0.0,0.0,0.0,0.0016010303738479023,0.0,0.0,0.0,0.0
12.56281407035176,0.0,0.5106737900094814,0.44683956625829624,0.3830053425071111,0.3191711187559259,0.05637054163768659,0.0,0.0,0.0,0.0,0.016794818894969688,0.0,0.0,0.0,0.0,0.005003784552666195,0.0,0.0,0.0,0.0,0.001490808888735141,0.0,0.0,0.0,0.0
12.663316582914574,0.0,0.6195049426597979,0.5420668248273232,0.46462870699484843,0.3871905891623737,0.05395009365854534,0.0,0.0,0.0,0.0,0.015960329647062326,0.0,0.0,0.0,0.0,0.00472162696406172,0.0,0.0,0.0,0.0,0.0013968236609779654,0.0,0.0,0.0,0.0
12.763819095477388,0.0,0.7517660768330943,0.6577953172289575,0.5638245576248206,0.4698537980206839,0.05226094479879577,0.0,0.0,0.0,0.0,0.01532843485541406,0.0,0.0,0.0,0.0,0.004495919556753192,0.0,0.0,0.0,0.0,0.0013186797864733354,0.0,0.0,0.0,0.0
12.864321608040202,0.0,0.9124558326276017,0.7983988535491514,0.6843418744707012,0.570284895392251,0.051373093696047985,0.0,0.0,0.0,0.0,0.014911814569506871,0.0,0.0,0.0,0.0,0.0043283805715916045,0.0,0.0,0.0,0.0,0.0012563784698107247,0.0,0.0,0.0,0.0
12.964824120603016,0.0,1.1075964685138826,0.9691469099496473,0.830697351385412,0.6922477928211767,0.0514085997004336,0.0,0.0,0.0,0.0,0.014734556747486723,0.0,0.0,0.0,0.0,0.004223169861322052,0.0,0.0,0.0,0.0,0.0012104312506742974,0.0,0.0,0.0,0.0
13.06532663316583,0.0,1.344412744317033,1.176361151277404,1.0083095582377748,0.8402579651981457,0.05256953814210711,0.0,0.0,0.0,0.0,0.014837720434576302,0.0,0.0,0.0,0.0,0.004187939400229569,0.0,0.0,0.0,0.0,0.001182044168084816,0.0,0.0,0.0,0.0
13.165829145728644,0.0,1.631516901885582,1.4275772891498841,1.2236376764141863,1.0196980636784887,0.05518643796935192,0.0,0.0,0.0,0.0,0.015288756125090284,0.0,0.0,0.0,0.0,0.004235572539465141,0.0,0.0,0.0,0.0,0.001173416537769526,0.0,0.0,0.0,0.0
13.266331658291458,0.0,1.9790719989062013,1.731687999042926,1.484303999179651,1.2369199993163758,0.059805538055224546,0.0,0.0,0.0,0.0,0.016198007225748046,0.0,0.0,0.0,0.0,0.004387144736442455,0.0,0.0,0.0,0.0,0.0011882353027352405,0.0,0.0,0.0,0.0
13.366834170854272,0.0,2.3988709436199964,2.099012075667497,1.7991532077149974,1.4992943397624978,0.06735211738741728,0.0,0.0,0.0,0.0,0.01774860536075871,0.0,0.0,0.0,0.0,0.004677108102281557,0.0,0.0,0.0,0.0,0.0012325107127921383,0.0,0.0,0.0,0.0
13.467336683417086,0.0,2.9041883366992653,2.541164794611857,2.178141252524449,1.8151177104370408,0.07945116626744309,0.0,0.0,0.0,0.0,0.02025296631670629,0.0,0.0,0.0,0.0,0.005162703861891401,0.0,0.0,0.0,0.0,0.0013160303889180054,0.0,0.0,0.0,0.0
13.5678391959799,0.0,3.509079275816879,3.070444366339769,2.631809456862659,2.1931745473855493,0.0990894447963106,0.0,0.0,0.0,0.0,0.024264362491377388,0.0,0.0,0.0,0.0,0.0059416983315120275,0.0,0.0,0.0,0.0,0.001454964676044518,0.0,0.0,0.0,0.0
13.668341708542714,0.0,4.226355841296627,3.698061361134548,3.16976688097247,2.641472400810392,0.1320593964224476,0.0,0.0,0.0,0.0,0.030807897702930142,0.0,0.0,0.0,0.0,0.007187122744808198,0.0,0.0,0.0,0.0,0.0016766723858460046,0.0,0.0,0.0,0.0
13.768844221105528,0.0,5.062362601710327,4.4295672764965355,3.796771951282745,3.1639766260689544,0.19028714164632526,0.0,0.0,0.0,0.0,0.041880917409325334,0.0,0.0,0.0,0.0,0.009217713254691291,0.0,0.0,0.0,0.0,0.0020287585612634444,0.0,0.0,0.0,0.0
13.869346733668342,0.0,6.003838917314755,5.25335905265041,4.502879187986066,3.7523993233217214,0.2998833358481734,0.0,0.0,0.0,0.0,0.06157582318076339,0.0,0.0,0.0,0.0,0.012643531739433183,0.0,0.0,0.0,0.0,0.0025961319061121218,0.0,0.0,0.0,0.0
13.969849246231156,0.0,6.985271184633277,6.112112286554117,5.2389533884749575,4.365794490395798,0.5210274056792619,0.0,0.0,0.0,0.0,0.0985993283806713,0.0,0.0,0.0,0.0,0.018658969297263853,0.0,0.0,0.0,0.0,0.0035310309486910915,0.0,0.0,0.0,0.0
14.07035175879397,0.0,7.812979791020331,6.836357317142789,5.859734843265248,4.883112369387707,0.993869380835202,0.0,0.0,0.0,0.0,0.1713279304952445,0.0,0.0,0.0,0.0,0.029534343963549647,0.0,0.0,0.0,0.0,0.0050912762325535255,0.0,0.0,0.0,0.0
14.170854271356784,0.0,8.036743551930739,7.032150607939396,6.027557663948055,5.022964719956712,2.0089691890528365,0.0,0.0,0.0,0.0,0.31319205204315315,0.0,0.0,0.0,0.0,0.04882569836310062,0.0,0.0,0.0,0.0,0.0076117820930167515,0.0,0.0,0.0,0.0
14.271356783919598,0.0,6.99546705828182,6.121033675996592,5.2466002937113645,4.372166911426137,3.9166693909384414,0.0,0.0,0.0,0.0,0.5546965358187221,0.0,0.0,0.0,0.0,0.07855869506335414,0.0,0.0,0.0,0.0,0.011125850444455571,0.0,0.0,0.0,0.0
14.371859296482413,0.0,4.693102575999875,4.10646475399989,3.519826931999906,2.9331891099999217,6.413654944522896,0.0,0.0,0.0,0.0,0.8433630567324614,0.0,0.0,0.0,0.0,0.11089802983515717,0.0,0.0,0.0,0.0,0.014582542276317103,0.0,0.0,0.0,0.0
14.472361809045227,0.0,2.4363578018914667,2.131813076655033,1.8272683514186,1.5227236261821666,8.247596927057865,0.0,0.0,0.0,0.0,1.0378336184799835,0.0,0.0,0.0,0.0,0.1305955296471669,0.0,0.0,0.0,0.0,0.016433460969193445,0.0,0.0,0.0,0.0
14.57286432160804,0.0,1.1056751056982586,0.9674657174859761,0.8292563292736937,0.6910469410614115,8.842944022245984,0.0,0.0,0.0,0.0,1.0893251692948331,0.0,0.0,0.0,0.0,0.13418948039032436,0.0,0.0,0.0,0.0,0.016530255068856223,0.0,0.0,0.0,0.0
14.673366834170855,0.0,0.4945957883313816,0.43277131478995884,0.37094684124853616,0.3091223677071135,8.630456966597665,0.0,0.0,0.0,0.0,1.0530739708102823,0.0,0.0,0.0,0.0,0.12849441036313783,0.0,0.0,0.0,0.0,0.015678688954228984,0.0,0.0,0.0,0.0
14.773869346733669,0.0,0.23207888823951062,0.2030690272095718,0.17405916617963296,0.14504930514969414,8.080717984381437,0.0,0.0,0.0,0.0,0.9817299861929121,0.0,0.0,0.0,0.0,0.11927088263958616,0.0,0.0,0.0,0.0,0.014490286117981985,0.0,0.0,0.0,0.0
14.874371859296483,0.0,0.11683576099555835,0.10223129087111354,0.08762682074666876,0.07302235062222397,7.431670197919218,0.0,0.0,0.0,0.0,0.9009859402233408,0.0,0.0,0.0,0.0,0.10923199613216898,0.0,0.0,0.0,0.0,0.013242862728195259,0.0,0.0,0.0,0.0
14.974874371859297,0.0,0.06340508465949958,0.05547944907706213,0.04755381349462468,0.039628177912187236,6.780015907677755,0.0,0.0,0.0,0.0,0.8210853474252968,0.0,0.0,0.0,0.0,0.09943657611239595,0.0,0.0,0.0,0.0,0.012042153884217506,0.0,0.0,0.0,0.0
15.075376884422111,0.0,0.037009932555851346,0.03238369098636992,0.027757449416888506,0.02313120784740709,6.1618413002654,0.0,0.0,0.0,0.0,0.7457652838979372,0.0,0.0,0.0,0.0,0.09025974187236419,0.0,0.0,0.0,0.0,0.010924112466060384,0.0,0.0,0.0,0.0
15.175879396984925,0.0,0.02312693369423508,0.020236066982455694,0.01734520027067631,0.014454333558896925,5.589134907998245,0.0,0.0,0.0,0.0,0.6762013370175408,0.0,0.0,0.0,0.0,0.08181025160944573,0.0,0.0,0.0,0.0,0.009897820705751901,0.0,0.0,0.0,0.0
15.27638190954774,0.0,0.015387624799893874,0.013464171699907138,0.011540718599920405,0.00961726549993367,5.064328621498082,0.0,0.0,0.0,0.0,0.612562194582023,0.0,0.0,0.0,0.0,0.07409327160396252,0.0,0.0,0.0,0.0,0.008962052920897913,0.0,0.0,0.0,0.0
15.376884422110553,0.0,0.010842272990218517,0.0094869888664412,0.008131704742663887,0.006776420618886572,4.586044683336674,0.0,0.0,0.0,0.0,0.5546207089685148,0.0,0.0,0.0,0.0,0.06707399158310864,0.0,0.0,0.0,0.0,0.008111709205815026,0.0,0.0,0.0,0.0
15.477386934673367,0.0,0.008048576127377832,0.007042504111455602,0.006036432095533374,0.005030360079611145,4.151434159601307,0.0,0.0,0.0,0.0,0.5020014937182354,0.0,0.0,0.0,0.0,0.06070327675588619,0.0,0.0,0.0,0.0,0.007340394671823042,0.0,0.0,0.0,0.0
15.577889447236181,0.0,0.006264405530919316,0.005481354839554402,0.004698304148189487,0.003915253456824573,3.7571630610210547,0.0,0.0,0.0,0.0,0.4542847956225245,0.0,0.0,0.0,0.0,0.05492835971649548,0.0,0.0,0.0,0.0,0.0066414852069547016,0.0,0.0,0.0,0.0
15.678391959798995,0.0,0.005089599450588733,0.0044533995192651415,0.00381719958794155,0.0031809996566179582,3.3998395378921806,0.0,0.0,0.0,0.0,0.4110511051124687,0.0,0.0,0.0,0.0,0.04969737966004536,0.0,0.0,0.0,0.0,0.006008572590726251,0.0,0.0,0.0,0.0
15.77889447236181,0.0,0.00429909681840173,0.0037617097161015134,0.0032243226138012975,0.002686935511501081,3.0761996402399916,0.0,0.0,0.0,0.0,0.37190022755822644,0.0,0.0,0.0,0.0,0.04496127742548343,0.0,0.0,0.0,0.0,0.005435643811422104,0.0,0.0,0.0,0.0
15.879396984924623,0.0,0.003761534790805131,0.0032913429419544893,0.002821151093103848,0.0023509592442532068,2.7831844793498295,0.0,0.0,0.0,0.0,0.33645890369029197,0.0,0.0,0.0,0.0,0.0406745098113682,0.0,0.0,0.0,0.0,0.004917142347283664,0.0,0.0,0.0,0.0
15.979899497487438,0.0,0.0033977994706623793,0.0029730745368295817,0.002548349602996784,0.002123624669163987,2.517966936950605,0.0,0.0,0.0,0.0,0.3043831381855193,0.0,0.0,0.0,0.0,0.0367952220433375,0.0,0.0,0.0,0.0,0.004447975810649711,0.0,0.0,0.0,0.0
16.080402010050253,0.0,0.0031590785300785506,0.0027641937138187314,0.0023693088975589127,0.001974424081299094,2.2779544886015763,0.0,0.0,0.0,0.0,0.2753580464520747,0.0,0.0,0.0,0.0,0.03328516937950434,0.0,0.0,0.0,0.0,0.004023499222176624,0.0,0.0,0.0,0.0
16.180904522613066,0.0,0.0030148204538109603,0.00263796789708459,0.00226111534035822,0.00188426278363185,2.060780763473622,0.0,0.0,0.0,0.0,0.24909655205063783,0.0,0.0,0.0,0.0,0.030109525480414064,0.0,0.0,0.0,0.0,0.0036394877099396507,0.0,0.0,0.0,0.0
16.28140703517588,0.0,0.0029459223788577344,0.0025776820815005172,0.0022094417841433006,0.0018412014867860839,1.8642920278778226,0.0,0.0,0.0,0.0,0.22533758584253172,0.0,0.0,0.0,0.0,0.027236644513879506,0.0,0.0,0.0,0.0,0.00329210530705478,0.0,0.0,0.0,0.0
16.381909547738694,0.0,0.002940779143936598,0.0025731817509445226,0.002205584357952448,0.0018379869649603735,1.6865317013761365,0.0,0.0,0.0,0.0,0.20384411227951424,0.0,0.0,0.0,0.0,0.024637810228611803,0.0,0.0,0.0,0.0,0.002977873126031133,0.0,0.0,0.0,0.0
16.48241206030151,0.0,0.002992952611110222,0.002618833534721444,0.002244714458332666,0.0018705953819438887,1.5257244912526235,0.0,0.0,0.0,0.0,0.18440114732451704,0.0,0.0,0.0,0.0,0.022286988586658948,0.0,0.0,0.0,0.0,0.0026936385164675943,0.0,0.0,0.0,0.0
16.582914572864322,0.0,0.003099792371001674,0.002712318324626464,0.0023248442782512553,0.001937370231876046,1.3802609477725103,0.0,0.0,0.0,0.0,0.16681384987818737,0.0,0.0,0.0,0.0,0.020160592021008568,0.0,0.0,0.0,0.0,0.0024365459595402724,0.0,0.0,0.0,0.0
16.683417085427138,0.0,0.0032616385330526384,0.0028539337164210582,0.0024462288997894785,0.002038524083157899,1.2486828327272739,0.0,0.0,0.0,0.0,0.15090572548387565,0.0,0.0,0.0,0.0,0.01823725895552937,0.0,0.0,0.0,0.0,0.002204010011898388,0.0,0.0,0.0,0.0
16.78391959798995,0.0,0.003481396739442206,0.00304622214701193,0.0026110475545816545,0.0021758729621513787,1.1296694769353235,0.0,0.0,0.0,0.0,0.13651695839488898,0.0,0.0,0.0,0.0,0.016497649908103883,0.0,0.0,0.0,0.0,0.001993690383197698,0.0,0.0,0.0,0.0
16.884422110552766,0.0,0.0037643683717592706,0.0032938223252893615,0.0028232762788194528,0.002352730232349544,1.0220251804431482,0.0,0.0,0.0,0.0,0.12350287542783933,0.0,0.0,0.0,0.0,0.014924260219020113,0.0,0.0,0.0,0.0,0.001803469107369387,0.0,0.0,0.0,0.0
16.984924623115578,0.0,0.004118267656773079,0.0036034841996764435,0.003088700742579809,0.002573917285483174,0.9246676499871554,0.0,0.0,0.0,0.0,0.11173253897230422,0.0,0.0,0.0,0.0,0.013501248848128892,0.0,0.0,0.0,0.0,0.0016314297114883296,0.0,0.0,0.0,0.0
17.085427135678394,0.0,0.004553391177865325,0.003984217280632159,0.0034150433833989935,0.002845869486165828,0.8366174307801528,0.0,0.0,0.0,0.0,0.10108746275953004,0.0,0.0,0.0,0.0,0.012214282321444817,0.0,0.0,0.0,0.0,0.0014758382534502345,0.0,0.0,0.0,0.0
17.185929648241206,0.0,0.005082924341498173,0.0044475587988109,0.0038121932561236286,0.0031768277134363574,0.7569882746602676,0.0,0.0,0.0,0.0,0.09146044257741862,0.0,0.0,0.0,0.0,0.0110503927852699,0.0,0.0,0.0,0.0,0.001335126090716647,0.0,0.0,0.0,0.0
17.286432160804022,0.0,0.005723383488774664,0.00500796055267783,0.004292537616580998,0.003577114680484165,0.6849783788165964,0.0,0.0,0.0,0.0,0.08275449345499022,0.0,0.0,0.0,0.0,0.009997849079733953,0.0,0.0,0.0,0.0,0.0012078742409286618,0.0,0.0,0.0,0.0
17.386934673366834,0.0,0.006495201880933967,0.00568330164581722,0.0048714014107004745,0.004059501175583729,0.6198624278171715,0.0,0.0,0.0,0.0,0.07488188481154079,0.0,0.0,0.0,0.0,0.009046039758657478,0.0,0.0,0.0,0.0,0.0010927991992309843,0.0,0.0,0.0,0.0
17.48743718592965,0.0,0.007423477849078902,0.006495543117944039,0.005567608386809177,0.004639673655674314,0.5609843736494916,0.0,0.0,0.0,0.0,0.0677632654505749,0.0,0.0,0.0,0.0,0.008185367046715002,0.0,0.0,0.0,0.0,0.0009887400870176285,0.0,0.0,0.0,0.0
17.587939698492463,0.0,0.008538910635545337,0.007471546806102169,0.006404182976659002,0.0053368191472158355,0.5077508902719694,0.0,0.0,0.0,0.0,0.061326870529603526,0.0,0.0,0.0,0.0,0.007407150759451327,0.0,0.0,0.0,0.0,0.0008946470115038723,0.0,0.0,0.0,0.0
17.68844221105528,0.0,0.009878958578375873,0.008644088756078888,0.007409218933781904,0.00617434911148492,0.4596254425005158,0.0,0.0,0.0,0.0,0.055507803101497014,0.0,0.0,0.0,0.0,0.006703541275457128,0.0,0.0,0.0,0.0,0.0008095705241569701,0.0,0.0,0.0,0.0
17.78894472361809,0.0,0.011489263756044053,0.010053105786538546,0.00861694781703304,0.007180789847527533,0.41612291648548055,0.0,0.0,0.0,0.0,0.050247383768732765,0.0,0.0,0.0,0.0,0.006067440770084219,0.0,0.0,0.0,0.0,0.0007326520812335763,0.0,0.0,0.0,0.0
17.889447236180906,0.0,0.013425398203749543,0.011747223428280848,0.010069048652812156,0.008390873877343464,0.3768047603351943,0.0,0.0,0.0,0.0,0.04549256215053827,0.0,0.0,0.0,0.0,0.00549243193947169,0.0,0.0,0.0,0.0,0.0006631154120465912,0.0,0.0,0.0,0.0
17.98994974874372,0.0,0.015754999856188553,0.013785624874164982,0.011816249892141412,0.009846874910117844,0.34127458864262294,0.0,0.0,0.0,0.0,0.04119538451079682,0.0,0.0,0.0,0.0,0.004972713524358693,0.0,0.0,0.0,0.0,0.0006002587106359936,0.0,0.0,0.0,0.0
18.090452261306535,0.0,0.018560381853497118,0.016240334121809977,0.013920286390122839,0.011600238658435699,0.3091742090705508,0.0,0.0,0.0,0.0,0.03731251243466335,0.0,0.0,0.0,0.0,0.004503042009537043,0.0,0.0,0.0,0.0,0.000543447574683886,0.0,0.0,0.0,0.0
18.190954773869347,0.0,0.021941717561259587,0.019199002866102138,0.01645628817094469,0.013713573475787241,0.2801800329003812,0.0,0.0,0.0,0.0,0.03380478789589267,0.0,0.0,0.0,0.0,0.0040786789298949,0.0,0.0,0.0,0.0,0.0004921086222133878,0.0,0.0,0.0,0.0
18.291457286432163,0.0,0.026020926261501057,0.02276831047881342,0.01951569469612579,0.01626307891343816,0.25399983532465853,0.0,0.0,0.0,0.0,0.030636840523051267,0.0,0.0,0.0,0.0,0.003695343270245209,0.0,0.0,0.0,0.0,0.00044572372341545506,0.0,0.0,0.0,0.0
18.391959798994975,0.0,0.030946411828375004,0.027078110349828127,0.02320980887128125,0.019341507392734377,0.23036983485694335,0.0,0.0,0.0,0.0,0.027776733299214075,0.0,0.0,0.0,0.0,0.003349168496946616,0.0,0.0,0.0,0.0,0.0004038247910279223,0.0,0.0,0.0,0.0
18.49246231155779,0.0,0.03689883984662027,0.03228648486579273,0.0276741298849652,0.023061774904137668,0.2090520647684376,0.0,0.0,0.0,0.0,0.025195643343579117,0.0,0.0,0.0,0.0,0.003036663808033414,0.0,0.0,0.0,0.0,0.0003659890784573282,0.0,0.0,0.0,0.0
18.592964824120603,0.0,0.044098178759058554,0.038585906414176224,0.03307363406929391,0.027561361724411593,0.18983201295856725,0.0,0.0,0.0,0.0,0.022867574825067166,0.0,0.0,0.0,0.0,0.0027546792350272536,0.0,0.0,0.0,0.0,0.0003318349402497713,0.0,0.0,0.0,0.0
18.69346733668342,0.0,0.05281227917409376,0.04621074427733204,0.03960920938057032,0.0330076744838086,0.17251651022450756,0.0,0.0,0.0,0.0,0.020769101456523737,0.0,0.0,0.0,0.0,0.002500374274647775,0.0,0.0,0.0,0.0,0.00030101801465977595,0.0,0.0,0.0,0.0
18.79396984924623,0.0,0.06336732410785215,0.05544640859437062,0.0475254930808891,0.03960457756740759,0.15693185066961954,0.0,0.0,0.0,0.0,0.01887913642849467,0.0,0.0,0.0,0.0,0.0022711897736801758,0.0,0.0,0.0,0.0,0.0002732277930701892,0.0,0.0,0.0,0.0
18.894472361809047,0.0,0.07616055363674851,0.06664048443215494,0.05712041522756138,0.04760034602296782,0.14292213218003688,0.0,0.0,0.0,0.0,0.017178728081031238,0.0,0.0,0.0,0.0,0.0020648228367705418,0.0,0.0,0.0,0.0,0.0002481845460026822,0.0,0.0,0.0,0.0
18.99497487437186,0.0,0.09167575244829808,0.0802162833922608,0.06875681433622355,0.0572973452801863,0.13034780980387722,0.0,0.0,0.0,0.0,0.015650880107124718,0.0,0.0,0.0,0.0,0.001879204577174871,0.0,0.0,0.0,0.0,0.00022563658061650497,0.0,0.0,0.0,0.0
19.095477386934675,0.0,0.110502090634178,0.09668932930490574,0.08287656797563349,0.06906380664636125,0.11908446093141117,0.0,0.0,0.0,0.0,0.01428039567014649,0.0,0.0,0.0,0.0,0.001712480587626173,0.0,0.0,0.0,0.0,0.00020535781017157046,0.0,0.0,0.0,0.0
19.195979899497488,0.0,0.13335702952108355,0.1166874008309481,0.10001777214081266,0.08334814345067722,0.10902176907039338,0.0,0.0,0.0,0.0,0.013053745556908561,0.0,0.0,0.0,0.0,0.0015629940771100062,0.0,0.0,0.0,0.0,0.0001871456222853915,0.0,0.0,0.0,0.0
19.296482412060303,0.0,0.1611141481940055,0.1409748796697548,0.12083561114550412,0.10069634262125343,0.1000627437833091,0.0,0.0,0.0,0.0,0.011958961464439017,0.0,0.0,0.0,0.0,0.0014292717063467371,0.0,0.0,0.0,0.0,0.00017081904045936254,0.0,0.0,0.0,0.0
19.396984924623116,0.0,0.1948369151729982,0.1704823007763734,0.14612768637974863,0.12177307198312387,0.09212320965682019,0.0,0.0,0.0,0.0,0.010985556867620271,0.0,0.0,0.0,0.0,0.0013100122707232766,0.0,0.0,0.0,0.0,0.00015621718306195383,0.0,0.0,0.0,0.0
19.49748743718593,0.0,0.23581962507495635,0.20634217194058677,0.17686471880621724,0.1473872656718477,0.0851316196833028,0.0,0.0,0.0,0.0,0.010124479852016763,0.0,0.0,0.0,0.0,0.0012040785408131806,0.0,0.0,0.0,0.0,0.00014319803691866862,0.0,0.0,0.0,0.0
19.597989949748744,0.0,0.2856369414829388,0.2499323237975714,0.21422770611220407,0.17852308842683673,0.07902928256847229,0.0,0.0,0.0,0.0,0.009368105172119012,0.0,0.0,0.0,0.0,0.0011104928038630573,0.0,0.0,0.0,0.0,0.0001316375807235275,0.0,0.0,0.0,0.0
19.69849246231156,0.0,0.34620372963751456,0.3029282634328252,0.2596527972281359,0.21637733102344658,0.07377114669628919,0.0,0.0,0.0,0.0,0.008710277192272423,0.0,0.0,0.0,0.0,0.001028436997757545,0.0,0.0,0.0,0.0,0.00012142931961214124,0.0,0.0,0.0,0.0
19.798994974874372,0.0,0.4198471121168118,0.3673662231022103,0.3148853340876088,0.26240444507300736,0.06932736866558994,0.0,0.0,0.0,0.0,0.008146422274865369,0.0,0.0,0.0,0.0,0.0009572588637476837,0.0,0.0,0.0,0.0,0.00011248433124391377,0.0,0.0,0.0,0.0
19.899497487437188,0.0,0.5093929065052175,0.44571879319206525,0.38204467987891305,0.3183705665657609,0.06568603426035398,0.0,0.0,0.0,0.0,0.007673760316868158,0.0,0.0,0.0,0.0,0.0008964863878268895,0.0,0.0,0.0,0.0,0.00010473198365492521,0.0,0.0,0.0,0.0
20.0,0.0,0.6182687050144352,0.5409851168876307,0.4637015287608263,0.38641794063402196,0.06285761932443548,0.0,0.0,0.0,0.0,0.007291662271830928,0.0,0.0,0.0,0.0,0.0008458540702648418,0.0,0.0,0.0,0.0,9.812157300627942e-05,0.0,0.0,0.0,0.0
