time,->1,2->1,3->1,4->1,5->1,->2,1->2,->3,1->3,->4,1->4,->5,1->5
0.0,2.0,-0.9999999999999999,-1.0,-0.9999999999999999,-1.0,-1.0,8.000000000000002,-1.0,7.000000000000001,-1.0,6.000000000000001,-1.0,5.000000000000001
0.10050251256281408,2.0,-1.8248560697758067,-1.6715488520488784,-1.5311210648852234,-1.402490701151743,-1.0,5.803514781181512,-1.0,5.078075433533822,-1.0,4.352636085886133,-1.0,3.6271967382384447
0.20100502512562815,2.0,-2.6016046131770163,-2.2512524385566905,-1.948081433194527,-1.685737797091514,-1.0,3.3262971084476036,-1.0,2.910509969891653,-1.0,2.4947228313357024,-1.0,2.078935692779752
0.30150753768844224,2.0,-2.9954443216565076,-2.5149868054886033,-2.111592812357017,-1.7729016389020626,-1.0,1.6396380237075363,-1.0,1.4346832707440942,-1.0,1.229728517780652,-1.0,1.0247737648172102
0.4020100502512563,2.0,-3.042320031298828,-2.5175635386396715,-2.0833200215179626,-1.7239772765527042,-1.0,0.7764486570639308,-1.0,0.6793925749309394,-1.0,0.5823364927979481,-1.0,0.48528041066495675
0.5025125628140704,2.0,-2.9082878784130175,-2.390027586846664,-1.9641219027408001,-1.6141131124005101,-1.0,0.3786602088336947,-1.0,0.3313276827294828,-1.0,0.28399515662527103,-1.0,0.23666263052105918
0.6030150753768845,2.0,-2.704142599116791,-2.2145736350903897,-1.8136382429958606,-1.4852898270227326,-1.0,0.19597128969468813,-1.0,0.17147487848285212,-1.0,0.1469784672710161,-1.0,0.12248205605918008
0.7035175879396985,2.0,-2.482023028202233,-2.0289126706181797,-1.6585207377828775,-1.355746400325422,-1.0,0.10862504333383326,-1.0,0.09504691291710408,-1.0,0.08146878250037494,-1.0,0.06789065208364578
0.8040201005025126,2.0,-2.263770482663232,-1.8485476783381796,-1.5094854259979325,-1.2326142776926772,-1.0,0.06449668896555873,-1.0,0.05643460284486388,-1.0,0.04837251672416904,-1.0,0.0403104306034742
0.9045226130653267,2.0,-2.0579443796403654,-1.6793869754341346,-1.3704649493153647,-1.118368912614054,-1.0,0.0408824151691347,-1.0,0.03577211327299286,-1.0,0.03066181137685102,-1.0,0.025551509480709184
1.0050251256281408,2.0,-1.867466594285388,-1.5233041584604579,-1.2425687229100484,-1.0135710779639906,-1.0,0.027535768554122892,-1.0,0.02409379748485753,-1.0,0.020651826415592166,-1.0,0.017209855346326807
1.105527638190955,2.0,-1.6928550166227545,-1.380469209828294,-1.1257285701398014,-0.9179957149293488,-1.0,0.019609133519713554,-1.0,0.017157991829749357,-1.0,0.014706850139785165,-1.0,0.012255708449820971
1.206030150753769,2.0,-1.533601518634712,-1.2503365684593764,-1.0193922803446913,-0.8311047217370169,-1.0,0.014692830102469573,-1.0,0.012856226339660876,-1.0,0.011019622576852179,-1.0,0.009183018814043483
1.306532663316583,2.0,-1.3887761932457057,-1.132076405033035,-0.9228247180461171,-0.7522508730020825,-1.0,0.011530353117442282,-1.0,0.010089058977761996,-1.0,0.00864776483808171,-1.0,0.007206470698401426
1.407035175879397,2.0,-1.257300583463836,-1.0247685187018463,-0.8352422170740565,-0.6807679505437199,-1.0,0.009436687884545818,-1.0,0.008257101898977588,-1.0,0.0070775159134093615,-1.0,0.005897929927841135
1.5075376884422111,2.0,-1.1380739640521897,-0.9274911278824826,-0.755873368176511,-0.616010799523135,-1.0,0.008023007925426852,-1.0,0.0070201319347484945,-1.0,0.006017255944070139,-1.0,0.005014379953391782
1.6080402010050252,2.0,-1.030031815391347,-0.8393612883545329,-0.6839860366723682,-0.5573725008721838,-1.0,0.007060628777773342,-1.0,0.006178050180551673,-1.0,0.005295471583330005,-1.0,0.004412892986108338
1.7085427135678393,2.0,-0.9321718854392388,-0.759552269303141,-0.6188983644275228,-0.5042907547775495,-1.0,0.006410987067720961,-1.0,0.005609613684255841,-1.0,0.0048082403007907205,-1.0,0.0040068669173256004
1.8090452261306533,2.0,-0.8435643181124239,-0.6872996623774227,-0.5599819957201669,-0.45624907748197474,-1.0,0.005988219320838383,-1.0,0.005239691905733584,-1.0,0.0044911644906287865,-1.0,0.003742637075523989
1.9095477386934674,2.0,-0.7633538118518902,-0.621901905413527,-0.5066614951187415,-0.41277550291013343,-1.0,0.0057384738003439855,-1.0,0.005021164575300986,-1.0,0.004303855350257989,-1.0,0.0035865461252149906
2.0100502512562817,2.0,-0.69075779110235,-0.5627180562946895,-0.4584119324541967,-0.37344012404129356,-1.0,0.005628133372141197,-1.0,0.004924616700623547,-1.0,0.004221100029105898,-1.0,0.003517583357588248
2.1105527638190957,2.0,-0.6250626437731919,-0.5091642740917967,-0.41475564577037627,-0.3378521534405399,-1.0,0.005636949139304347,-1.0,0.004932330496891303,-1.0,0.00422771185447826,-1.0,0.0035230932120652167
2.21105527638191,2.0,-0.5656191038596223,-0.46070976968259086,-0.3752587075675699,-0.3056568527366661,-1.0,0.005753979111139844,-1.0,0.005034731722247363,-1.0,0.004315484333354882,-1.0,0.0035962369444624024
2.311557788944724,2.0,-0.511837356714629,-0.4168726305174354,-0.3395273702466725,-0.27653251188942973,-1.0,0.005975185799371536,-1.0,0.005228287574450093,-1.0,0.004481389349528651,-1.0,0.00373449112460721
2.412060301507538,2.0,-0.46318217439383225,-0.3772157320814468,-0.3072046329561604,-0.2501875688087653,-1.0,0.006302058307704063,-1.0,0.005514301019241055,-1.0,0.004726543730778047,-1.0,0.003938786442315039
2.512562814070352,2.0,-0.4191682446604112,-0.3413428465648822,-0.2779670012889338,-0.22635791235654618,-1.0,0.006740895045906904,-1.0,0.005898283165168541,-1.0,0.005055671284430178,-1.0,0.004213059403691815
2.613065326633166,2.0,-0.37935577294875905,-0.30889499968965306,-0.2515214701879585,-0.20480438436372883,-1.0,0.007302544289526524,-1.0,0.0063897262533357075,-1.0,0.005476908217144892,-1.0,0.004564090180954077
2.71356783919598,2.0,-0.3433463924092233,-0.2795470956452464,-0.22760273924824304,-0.1853104823792485,-1.0,0.008002486947078362,-1.0,0.007002176078693566,-1.0,0.006001865210308772,-1.0,0.005001554341923976
2.814070351758794,2.0,-0.31077939105538227,-0.2530048119383412,-0.20597065736065845,-0.16768025697076622,-1.0,0.008861201164000498,-1.0,0.007753551018500436,-1.0,0.006645900873000374,-1.0,0.0055382507275003115
2.9145728643216082,2.0,-0.28132824932506606,-0.22900175521931204,-0.1864078865727239,-0.15173639300914765,-1.0,0.009904786362964626,-1.0,0.008666688067594047,-1.0,0.0074285897722234685,-1.0,0.006190491476852891
3.0150753768844223,2.0,-0.2546974755616061,-0.207296865362246,-0.16871777272623106,-0.13731846311080498,-1.0,0.01116584503685833,-1.0,0.009770114407251038,-1.0,0.008374383777643747,-1.0,0.006978653148036456
3.1155778894472363,2.0,-0.23061972103736425,-0.18767205126854877,-0.15272240813702762,-0.12428134020156181,-1.0,0.01268464254056122,-1.0,0.011099062222991066,-1.0,0.009513481905420914,-1.0,0.007927901587850762
3.2160804020100504,2.0,-0.20885315545227143,-0.16993004168087134,-0.138260871742407,-0.11249375654937506,-1.0,0.014510580457866316,-1.0,0.012696757900633024,-1.0,0.010882935343399736,-1.0,0.009069112786166447
3.3165829145728645,2.0,-0.18917908319964602,-0.15389243413148299,-0.12518763230333813,-0.1018369969861,-1.0,0.016704034694449085,-1.0,0.014616030357642947,-1.0,0.01252802602083681,-1.0,0.010440021684030677
3.4170854271356785,2.0,-0.17139978127336342,-0.13939792582526903,-0.11337110096616614,-0.0922037147602793,-1.0,0.01933862616056907,-1.0,0.01692129789049793,-1.0,0.014503969620426799,-1.0,0.012086641350355667
3.5175879396984926,2.0,-0.15533654061724886,-0.12630071114457386,-0.10269232032101701,-0.08349685923270368,-1.0,0.022504009517623675,-1.0,0.019691008327920714,-1.0,0.016878007138217754,-1.0,0.014065005948514796
3.6180904522613067,2.0,-0.14082789399145104,-0.11446903159531026,-0.09304377809700719,-0.07562870551189949,-1.0,0.026309287736284298,-1.0,0.02302062676924876,-1.0,0.019731965802213224,-1.0,0.016443304835177686
3.7185929648241207,2.0,-0.12772801476777912,-0.10378386512179315,-0.08432833455663641,-0.06851997689743045,-1.0,0.030887183527832224,-1.0,0.027026285586853195,-1.0,0.023165387645874166,-1.0,0.01930448970489514
3.819095477386935,2.0,-0.11590527256443343,-0.0941377429627061,-0.07645825369243975,-0.06209905187351659,-1.0,0.03639912916699456,-1.0,0.03184923802112024,-1.0,0.02729934687524592,-1.0,0.0227494557293716
3.919597989949749,2.0,-0.10524093320620195,-0.08543368345987595,-0.06935432931164905,-0.05630124818116901,-1.0,0.043041471727397584,-1.0,0.037661287761472886,-1.0,0.03228110379554819,-1.0,0.02690091982962349
4.020100502512563,2.0,-0.095627992087536,-0.07758423346519337,-0.06294509806186026,-0.05106817726439638,-1.0,0.05105303293108489,-1.0,0.04467140381469927,-1.0,0.03828977469831366,-1.0,0.03190814558192805
4.120603015075377,2.0,-0.0869701317992239,-0.07051060932506381,-0.05716613246026388,-0.04634716316027931,-1.0,0.06072431465483692,-1.0,0.0531337753229823,-1.0,0.04554323599112769,-1.0,0.037952696659273075
4.2211055276381915,2.0,-0.0791807968072454,-0.06414193081076586,-0.051959408001224984,-0.04209072065146291,-1.0,0.07240870269504687,-1.0,0.063357614858166,-1.0,0.05430652702128515,-1.0,0.04525543918440429
4.3216080402010055,2.0,-0.07218238022193198,-0.058414542925794816,-0.047272739512958566,-0.038256088279788505,-1.0,0.08653609557034479,-1.0,0.07571908362405168,-1.0,0.06490207167775859,-1.0,0.05408505973146549
4.42211055276382,2.0,-0.06590552042999155,-0.05327142234394025,-0.04305928315368772,-0.03480481264459537,-1.0,0.10362947397845779,-1.0,0.09067578973115056,-1.0,0.07772210548384334,-1.0,0.06476842123653612
4.522613065326634,2.0,-0.06028850883898726,-0.04866166746310347,-0.03927710186493862,-0.0317023813256809,-1.0,0.12432503217912157,-1.0,0.10878440315673137,-1.0,0.09324377413434116,-1.0,0.07770314511195098
4.623115577889448,2.0,-0.055276814638840356,-0.04454007394542832,-0.03588879386705414,-0.028917902846252043,-1.0,0.14939661785406516,-1.0,0.130722040622307,-1.0,0.11204746339054886,-1.0,0.09337288615879072
4.723618090452262,2.0,-0.05082273896380946,-0.040866801510311516,-0.032861186076646065,-0.026423833417702536,-1.0,0.17978537407219883,-1.0,0.15731220231317394,-1.0,0.13483903055414911,-1.0,0.11236585879512426
4.824120603015076,2.0,-0.04688522019568813,-0.03760714322956714,-0.0301650974475966,-0.024195751932427113,-1.0,0.2166356476075173,-1.0,0.18955619165657764,-1.0,0.16247673570563798,-1.0,0.1353972797546983
4.92462311557789,2.0,-0.043429826099188946,-0.034731416565063504,-0.027775181656603837,-0.02221218701699103,-1.0,0.2613384223005923,-1.0,0.22867111951301825,-1.0,0.19600381672544423,-1.0,0.1633365139378702
5.025125628140704,2.0,-0.04042898987511436,-0.03221500739778638,-0.025669865028010233,-0.02045450327910083,-1.0,0.3155837514556994,-1.0,0.27613578252373694,-1.0,0.23668781359177454,-1.0,0.19723984465981212
5.125628140703518,2.0,-0.03786258091299145,-0.030038616853191553,-0.023831405366480703,-0.018906858747099506,-1.0,0.38142389045780445,-1.0,0.3337459041505788,-1.0,0.2860679178433533,-1.0,0.23838993153612775
5.226130653266332,2.0,-0.03571895547813807,-0.028188790158607577,-0.022246112529959467,-0.017556252843740235,-1.0,0.4613490492854666,-1.0,0.4036804181247833,-1.0,0.34601178696409995,-1.0,0.28834315580341663
5.326633165829146,2.0,-0.033996722873222585,-0.026658854656808728,-0.020904795715863986,-0.016392695621487437,-1.0,0.5583778519332354,-1.0,0.4885806204415809,-1.0,0.4187833889499265,-1.0,0.3489861574582721
5.42713567839196,2.0,-0.03270761643831966,-0.025450474064412563,-0.01980354184969527,-0.015409547093498056,-1.0,0.6761646221620288,-1.0,0.5916440443917751,-1.0,0.5071234666215215,-1.0,0.42260288885126795
5.527638190954774,2.0,-0.031881122389271085,-0.02457616030436841,-0.018944994127999017,-0.014604104420968126,-1.0,0.8191253603290711,-1.0,0.7167346902879372,-1.0,0.6143440202468033,-1.0,0.5119533502056695
5.628140703517588,2.0,-0.03157203930475856,-0.024063342906326165,-0.018340421246462183,-0.013978567518884476,-1.0,0.9925833410194955,-1.0,0.8685104233920584,-1.0,0.7444375057646215,-1.0,0.6203645881371846
5.728643216080402,2.0,-0.03187295931364558,-0.023960991027595864,-0.018013047307809477,-0.01354158876108419,-1.0,1.2029332681547613,-1.0,1.0525666096354158,-1.0,0.9021999511160708,-1.0,0.7518332925967257
5.8291457286432165,2.0,-0.03293556451479488,-0.024350684941421088,-0.01800351417589608,-0.013310777151202897,-1.0,1.4578180621964187,-1.0,1.2755908044218662,-1.0,1.093363546647314,-1.0,0.9111362888727617
5.9296482412060305,2.0,-0.03500797487903113,-0.0253655535941812,-0.01837899433807232,-0.013316778424911524,-1.0,1.7663028453201841,-1.0,1.5455149896551608,-1.0,1.3247271339901379,-1.0,1.103939278325115
6.030150753768845,2.0,-0.03850290639106085,-0.02722382102289531,-0.019248845976564132,-0.013610069699723266,-1.0,2.139009709025316,-1.0,1.8716334953971514,-1.0,1.604257281768987,-1.0,1.3368810681408225
6.130653266331659,2.0,-0.044127416157114754,-0.030290484129398394,-0.02079236972982231,-0.014272557634486887,-1.0,2.5881328117019415,-1.0,2.2646162102391987,-1.0,1.941099608776456,-1.0,1.6175830073137134
6.231155778894473,2.0,-0.053142017644256585,-0.03519561618518519,-0.023309834009430177,-0.01543795750841248,-1.0,3.1271554111077533,-1.0,2.736260984719284,-1.0,2.3453665583308148,-1.0,1.9544721319423457
6.331658291457287,2.0,-0.06790612940970038,-0.04307196267046827,-0.0273199835174266,-0.01732871121663551,-1.0,3.7698661981928563,-1.0,3.2986329234187486,-1.0,2.8273996486446418,-1.0,2.356166373870535
6.432160804020101,2.0,-0.09309234456258199,-0.05605547523815136,-0.03375376426150874,-0.020324808302618166,-1.0,4.527736813276596,-1.0,3.9617697116170216,-1.0,3.3958026099574474,-1.0,2.829835508297873
6.532663316582915,2.0,-0.13854436634890954,-0.0783885421589513,-0.04435232868205325,-0.02509460411433867,-1.0,5.403400025483805,-1.0,4.727975022298329,-1.0,4.052550019112854,-1.0,3.377125015927378
6.633165829145729,2.0,-0.22632352042926732,-0.11893092615703642,-0.062497128735256,-0.03284168477299209,-1.0,6.3746771796155075,-1.0,5.577842532163569,-1.0,4.78100788471163,-1.0,3.984173237259692
6.733668341708543,2.0,-0.4083083766426173,-0.19681813013329666,-0.09487288031387174,-0.04573189258704783,-1.0,7.356071660525456,-1.0,6.436562702959773,-1.0,5.517053745394091,-1.0,4.59754478782841
6.834170854271357,2.0,-0.8062586873847484,-0.3525003228791085,-0.1541149595297424,-0.06737987002607312,-1.0,8.114184254074672,-1.0,7.099911222315337,-1.0,6.085638190556004,-1.0,5.07136515879667
6.934673366834171,2.0,-1.6657514623161689,-0.6568215549921246,-0.25899104191429057,-0.10212267365580559,-1.0,8.148071313708844,-1.0,7.129562399495237,-1.0,6.111053485281632,-1.0,5.092544571068027
7.035175879396985,2.0,-3.2395452778357408,-1.160796348838231,-0.4159375913862831,-0.1490391644477454,-1.0,6.837353015826223,-1.0,5.982683888847944,-1.0,5.128014761869667,-1.0,4.273345634891389
7.135678391959799,2.0,-5.1794292704874465,-1.7283162197819109,-0.5767195338999815,-0.19244481250147444,-1.0,4.419176692991221,-1.0,3.866779606367318,-1.0,3.314382519743415,-1.0,2.761985433119513
7.236180904522613,2.0,-6.504346991519359,-2.0831656748194676,-0.667181625880229,-0.2136802762234781,-1.0,2.2562444900450305,-1.0,1.9742139287894014,-1.0,1.6921833675337725,-1.0,1.4101528062781439
7.336683417085427,2.0,-6.888046822280049,-2.1629609983429683,-0.679205892293559,-0.21328204426301905,-1.0,1.0304198416195909,-1.0,0.9016173614171419,-1.0,0.772814881214693,-1.0,0.6440124010122442
7.437185929648241,2.0,-6.6912285233101505,-2.08245813013516,-0.648107209382953,-0.20170539760761722,-1.0,0.46928238144435536,-1.0,0.4106220837638109,-1.0,0.3519617860832665,-1.0,0.2933014884027221
7.5376884422110555,2.0,-6.255815142461067,-1.9388807835270325,-0.6009224982428377,-0.18624555443871,-1.0,0.22494186273935177,-1.0,0.19682412989693276,-1.0,0.16870639705451382,-1.0,0.14058866421209484
7.63819095477387,2.0,-5.7512671414358225,-1.7788520345641567,-0.550194528878849,-0.17017384179487943,-1.0,0.11566240120020638,-1.0,0.10120460105018056,-1.0,0.08674680090015477,-1.0,0.07228900075012898
7.738693467336684,2.0,-5.2469127699411295,-1.6210881442131708,-0.5008521858790811,-0.15474356957560864,-1.0,0.06402361120005083,-1.0,0.056020659800044476,-1.0,0.04801770840003813,-1.0,0.04001475700003177
7.839195979899498,2.0,-4.768947632385987,-1.4724974097805432,-0.45465993335731214,-0.14038442313528324,-1.0,0.038055579227459,-1.0,0.03329863182402662,-1.0,0.028541684420594245,-1.0,0.023784737017161873
7.939698492462312,2.0,-4.326165273737131,-1.33526991162833,-0.41213089987206925,-0.12720418071607445,-1.0,0.024176031583145352,-1.0,0.021154027635252183,-1.0,0.018132023687359014,-1.0,0.015110019739465845
8.040201005025127,2.0,-3.9203420598452166,-1.2097102215797864,-0.37328358894563335,-0.1151851619051206,-1.0,0.01632791718898807,-1.0,0.014286927540364558,-1.0,0.01224593789174105,-1.0,0.010204948243117542
8.14070351758794,2.0,-3.550411816346525,-1.0953699229120626,-0.33794268601650057,-0.104261839945199,-1.0,0.01166142989231546,-1.0,0.010203751155776026,-1.0,0.008746072419236594,-1.0,0.0072883936826971625
8.241206030150755,2.0,-3.214193334380921,-0.9915142460027605,-0.3058623910745532,-0.09435247427097705,-1.0,0.008763115548000694,-1.0,0.007667726104500607,-1.0,0.006572336661000521,-1.0,0.005476947217500434
8.341708542713569,2.0,-2.9091304152999444,-0.8973209204373177,-0.2767786290103926,-0.08537238372649582,-1.0,0.006896294460282225,-1.0,0.006034257652746946,-1.0,0.005172220845211669,-1.0,0.0043101840376763905
8.442211055276383,2.0,-2.632617231111694,-0.8119668426682659,-0.2504315425306,-0.07723957147138781,-1.0,0.005659179536921315,-1.0,0.00495178209480615,-1.0,0.004244384652690986,-1.0,0.0035369872105758217
8.542713567839197,2.0,-2.3821419382032576,-0.734665693326247,-0.22657502862091686,-0.0698770271934005,-1.0,0.004823505765813134,-1.0,0.004220567545086491,-1.0,0.0036176293243598496,-1.0,0.0030146911036332083
8.643216080402011,2.0,-2.155347385112233,-0.6646832518544357,-0.2049804080320748,-0.06321353305111707,-1.0,0.0042548910893005,-1.0,0.0037230297031379373,-1.0,0.0031911683169753746,-1.0,0.0026593069308128124
8.743718592964825,2.0,-1.9500528401411783,-0.6013422799026,-0.18543736972610197,-0.05718378140462194,-1.0,0.003871840222170941,-1.0,0.0033878601943995727,-1.0,0.0029038801666282053,-1.0,0.002419900138856838
8.84422110552764,2.0,-1.7642570169172984,-0.5440224458770565,-0.1677536360839931,-0.05172817533975581,-1.0,0.0036238306545238828,-1.0,0.0031708518227083968,-1.0,0.0027178729908929116,-1.0,0.0022648941590774265
8.944723618090453,2.0,-1.5961321601749014,-0.4921579199374879,-0.15175404177323285,-0.04679248918349886,-1.0,0.003479187820888012,-1.0,0.0030442893432770105,-1.0,0.002609390865666009,-1.0,0.0021744923880550075
9.045226130653267,2.0,-1.4440140212961383,-0.44523393611603035,-0.13727936658145387,-0.0423274755396093,-1.0,0.0034181780765482742,-1.0,0.00299090581697974,-1.0,0.0025636335574112054,-1.0,0.0021363612978426713
9.145728643216081,2.0,-1.3063901833428533,-0.4027829786043089,-0.12418509347324994,-0.0382884619646517,-1.0,0.0034289804531453696,-1.0,0.003000357896502198,-1.0,0.002571735339859027,-1.0,0.002143112783215856
9.246231155778895,2.0,-1.18188799820192,-0.364380926535414,-0.11234017796621765,-0.03463495858176999,-1.0,0.003505304801033312,-1.0,0.003067141700904148,-1.0,0.0026289786007749837,-1.0,0.00219081550064582
9.34673366834171,2.0,-1.069262786159814,-0.32964332683064684,-0.10162587155165698,-0.03133028685324515,-1.0,0.003644985446732263,-1.0,0.00318936226589073,-1.0,0.002733739085049197,-1.0,0.0022781159042076643
9.447236180904524,2.0,-0.9673866212045357,-0.2982218769381503,-0.09193461887530185,-0.028341233887638807,-1.0,0.0038491779710991742,-1.0,0.0033680307247117773,-1.0,0.0028868834783243803,-1.0,0.002405736231936984
9.547738693467338,2.0,-0.8752378504254379,-0.26980115257442516,-0.08316903621962851,-0.025637733592700756,-1.0,0.004121947994117779,-1.0,0.0036067044948530566,-1.0,0.0030914609955883343,-1.0,0.002576217496323612
9.648241206030152,2.0,-0.7918913999286382,-0.24409559014347457,-0.07524097226794733,-0.023192574357934186,-1.0,0.004470131987704976,-1.0,0.003911365489241854,-1.0,0.003352598990778732,-1.0,0.00279383249231561
9.748743718592966,2.0,-0.7165098678477957,-0.22084671993929872,-0.06807064869226662,-0.020981132120834738,-1.0,0.004903403033859451,-1.0,0.004290477654627019,-1.0,0.003677552275394588,-1.0,0.0030646268961621566
9.84924623115578,2.0,-0.6483353762642885,-0.19982063885850798,-0.06158587629198171,-0.018981127253328116,-1.0,0.00543450742898676,-1.0,0.004755194000363414,-1.0,0.00407588057174007,-1.0,0.0033965671431167247
9.949748743718594,2.0,-0.5866821400148512,-0.18080570796424172,-0.055721341638420074,-0.017172403550832792,-1.0,0.006079658775544806,-1.0,0.005319701428601705,-1.0,0.0045597440816586045,-1.0,0.0037997867347155036
10.050251256281408,2.0,-0.5309297041845622,-0.1636104588890452,-0.050417958933391405,-0.015536727582888361,-1.0,0.006859090542891005,-1.0,0.006001704225029628,-1.0,0.005144317907168253,-1.0,0.0042869315893068775
10.150753768844222,2.0,-0.48051679917211904,-0.14806169256682325,-0.045622281760037436,-0.014057606693245149,-1.0,0.007797780382370941,-1.0,0.006823057834574572,-1.0,0.005848335286778205,-1.0,0.004873612738981838
10.251256281407036,2.0,-0.4349357638188375,-0.13400275447310858,-0.041285969676840575,-0.012720124039923897,-1.0,0.008926368745163723,-1.0,0.007810572652018256,-1.0,0.006694776558872791,-1.0,0.005578980465727326
10.35175879396985,2.0,-0.393727488607482,-0.1212919711956234,-0.03736530485819929,-0.011510789160445204,-1.0,0.010282304189350368,-1.0,0.00899701616568157,-1.0,0.007711728142012774,-1.0,0.006426440118343979
10.452261306532664,2.0,-0.35647683393088764,-0.1098012341750933,-0.03382075432831784,-0.010417402662439162,-1.0,0.011911258098210786,-1.0,0.010422350835934437,-1.0,0.008933443573658089,-1.0,0.0074445363113817406
10.552763819095478,2.0,-0.3228084815431428,-0.09941471748564688,-0.030616573674266474,-0.009428933751179192,-1.0,0.013868862804189945,-1.0,0.0121352549536662,-1.0,0.010401647103142458,-1.0,0.008668039252618715
10.653266331658292,2.0,-0.29238318058068885,-0.09002771757786816,-0.027720448462915753,-0.008535409414469893,-1.0,0.01622284044324131,-1.0,0.014194985387836145,-1.0,0.012167130332430982,-1.0,0.010139275277025819
10.753768844221106,2.0,-0.26489435290235047,-0.08154560396670099,-0.02510316992045964,-0.0077278141907414465,-1.0,0.019055605508831674,-1.0,0.016673654820227715,-1.0,0.014291704131623756,-1.0,0.011909753443019797
10.85427135678392,2.0,-0.24006502564463078,-0.07388287083098649,-0.022738341741847197,-0.006997999543102921,-1.0,0.0224674428227761,-1.0,0.019659012469929085,-1.0,0.016850582117082073,-1.0,0.014042151764235062
10.954773869346734,2.0,-0.21764506204752584,-0.06696228046278209,-0.020602115197048614,-0.0063386019547862354,-1.0,0.026580385283595267,-1.0,0.023257837123145855,-1.0,0.01993528896269645,-1.0,0.01661274080224704
11.055276381909549,2.0,-0.19740866460790477,-0.060714090417612256,-0.0186729499800053,-0.00574296894699548,-1.0,0.031542943036691716,-1.0,0.02760007515710525,-1.0,0.02365720727751879,-1.0,0.019714339397932323
11.155778894472363,2.0,-0.179152127575539,-0.05507535710152541,-0.016931398512301656,-0.005205092300748768,-1.0,0.037535868759152304,-1.0,0.03284388516425826,-1.0,0.028151901569364226,-1.0,0.02345991797447019
11.256281407035177,2.0,-0.16269181875623295,-0.0499893093954807,-0.015359911669018296,-0.004719547840367295,-1.0,0.04477918372486531,-1.0,0.03918178575925714,-1.0,0.03358438779364898,-1.0,0.027986989828040817
11.35678391959799,2.0,-0.14786237359409504,-0.04540478677765518,-0.013942664142468584,-0.004281441208674569,-1.0,0.0535407376182996,-1.0,0.04684814541601214,-1.0,0.040155553213724694,-1.0,0.033462961011437246
11.457286432160805,2.0,-0.13451508771680523,-0.04127573729470617,-0.012665397908849215,-0.0038863591346536453,-1.0,0.06414663340332812,-1.0,0.056128304227912096,-1.0,0.04810997505249608,-1.0,0.04009164587708007
11.557788944723619,2.0,-0.1225164976947437,-0.03756077168722584,-0.011515282520420493,-0.003530325764771699,-1.0,0.07699391882647731,-1.0,0.06736967897316763,-1.0,0.05774543911985797,-1.0,0.048121199266548315
11.658291457286433,2.0,-0.11174714395409922,-0.03422277105269888,-0.010480791224833764,-0.0032097637022164265,-1.0,0.09256603057832324,-1.0,0.08099527675603284,-1.0,0.06942452293374243,-1.0,0.05785376911145203
11.758793969849247,2.0,-0.10210051496967382,-0.031228546712797466,-0.009551592230784138,-0.002921459477344463,-1.0,0.1114515782454131,-1.0,0.09752013096473645,-1.0,0.08358868368405982,-1.0,0.06965723640338319
11.859296482412061,2.0,-0.09348217862046268,-0.028548552564535624,-0.008718454820812842,-0.002662533262724804,-1.0,0.13436717563417608,-1.0,0.11757127867990406,-1.0,0.10077538172563207,-1.0,0.08397948477136005
11.959798994974875,2.0,-0.08580911581672623,-0.026156652326601856,-0.007973170496310675,-0.00243041275464235,-1.0,0.16218516958347423,-1.0,0.14191202338553993,-1.0,0.12163887718760566,-1.0,0.10136573098967139
12.06030150753769,2.0,-0.07900928461496122,-0.02402994703774363,-0.007308489985107042,-0.0022228112807273774,-1.0,0.19596728342951095,-1.0,0.17147137300082205,-1.0,0.1469754625721332,-1.0,0.12247955214344433
12.160804020100503,2.0,-0.07302146231806782,-0.02214867239408185,-0.006718077840416291,-0.0020377103773054537,-1.0,0.23700538531964246,-1.0,0.20737971215468715,-1.0,0.17775403898973183,-1.0,0.14812836582477654
12.261306532663317,2.0,-0.0677954422925494,-0.02049618179130725,-0.006196487658048664,-0.001873347336357046,-1.0,0.2868708098722977,-1.0,0.2510119586382604,-1.0,0.21515310740422325,-1.0,0.17929425617018604
12.361809045226131,2.0,-0.06329270780334534,-0.019059040535942828,-0.00573916287598583,-0.0017282085925401252,-1.0,0.3474739000017727,-1.0,0.30403966250155107,-1.0,0.2606054250013295,-1.0,0.21717118750110792
12.462311557788945,2.0,-0.05948777808658839,-0.01782727176341863,-0.005342471095308005,-0.0016010303738479023,-1.0,0.4211356799890729,-1.0,0.3684937199904388,-1.0,0.31585175999180465,-1.0,0.26320979999317057
12.56281407035176,2.0,-0.05637054163768659,-0.016794818894969688,-0.005003784552666195,-0.001490808888735141,-1.0,0.5106737900094814,-1.0,0.44683956625829624,-1.0,0.3830053425071111,-1.0,0.3191711187559259
12.663316582914574,2.0,-0.05395009365854534,-0.015960329647062326,-0.00472162696406172,-0.0013968236609779654,-1.0,0.6195049426597979,-1.0,0.5420668248273232,-1.0,0.46462870699484843,-1.0,0.3871905891623737
12.763819095477388,2.0,-0.05226094479879577,-0.01532843485541406,-0.004495919556753192,-0.0013186797864733354,-1.0,0.7517660768330943,-1.0,0.6577953172289575,-1.0,0.5638245576248206,-1.0,0.4698537980206839
12.864321608040202,2.0,-0.051373093696047985,-0.014911814569506871,-0.0043283805715916045,-0.0012563784698107247,-1.0,0.9124558326276017,-1.0,0.7983988535491514,-1.0,0.6843418744707012,-1.0,0.570284895392251
12.964824120603016,2.0,-0.0514085997004336,-0.014734556747486723,-0.004223169861322052,-0.0012104312506742974,-1.0,1.1075964685138826,-1.0,0.9691469099496473,-1.0,0.830697351385412,-1.0,0.6922477928211767
13.06532663316583,2.0,-0.05256953814210711,-0.014837720434576302,-0.004187939400229569,-0.001182044168084816,-1.0,1.344412744317033,-1.0,1.176361151277404,-1.0,1.0083095582377748,-1.0,0.8402579651981457
13.165829145728644,2.0,-0.05518643796935192,-0.015288756125090284,-0.004235572539465141,-0.001173416537769526,-1.0,1.631516901885582,-1.0,1.4275772891498841,-1.0,1.2236376764141863,-1.0,1.0196980636784887
13.266331658291458,2.0,-0.059805538055224546,-0.016198007225748046,-0.004387144736442455,-0.0011882353027352405,-1.0,1.9790719989062013,-1.0,1.731687999042926,-1.0,1.484303999179651,-1.0,1.2369199993163758
13.366834170854272,2.0,-0.06735211738741728,-0.01774860536075871,-0.004677108102281557,-0.0012325107127921383,-1.0,2.3988709436199964,-1.0,2.099012075667497,-1.0,1.7991532077149974,-1.0,1.4992943397624978
13.467336683417086,2.0,-0.07945116626744309,-0.02025296631670629,-0.005162703861891401,-0.0013160303889180054,-1.0,2.9041883366992653,-1.0,2.541164794611857,-1.0,2.178141252524449,-1.0,1.8151177104370408
13.5678391959799,2.0,-0.0990894447963106,-0.024264362491377388,-0.0059416983315120275,-0.001454964676044518,-1.0,3.509079275816879,-1.0,3.070444366339769,-1.0,2.631809456862659,-1.0,2.1931745473855493
13.668341708542714,2.0,-0.1320593964224476,-0.030807897702930142,-0.007187122744808198,-0.0016766723858460046,-1.0,4.226355841296627,-1.0,3.698061361134548,-1.0,3.16976688097247,-1.0,2.641472400810392
13.768844221105528,2.0,-0.19028714164632526,-0.041880917409325334,-0.009217713254691291,-0.0020287585612634444,-1.0,5.062362601710327,-1.0,4.4295672764965355,-1.0,3.796771951282745,-1.0,3.1639766260689544
13.869346733668342,2.0,-0.2998833358481734,-0.06157582318076339,-0.012643531739433183,-0.0025961319061121218,-1.0,6.003838917314755,-1.0,5.25335905265041,-1.0,4.502879187986066,-1.0,3.7523993233217214
13.969849246231156,2.0,-0.5210274056792619,-0.0985993283806713,-0.018658969297263853,-0.0035310309486910915,-1.0,6.985271184633277,-1.0,6.112112286554117,-1.0,5.2389533884749575,-1.0,4.365794490395798
14.07035175879397,2.0,-0.993869380835202,-0.1713279304952445,-0.029534343963549647,-0.0050912762325535255,-1.0,7.812979791020331,-1.0,6.836357317142789,-1.0,5.859734843265248,-1.0,4.883112369387707
14.170854271356784,2.0,-2.0089691890528365,-0.31319205204315315,-0.04882569836310062,-0.0076117820930167515,-1.0,8.036743551930739,-1.0,7.032150607939396,-1.0,6.027557663948055,-1.0,5.022964719956712
14.271356783919598,2.0,-3.9166693909384414,-0.5546965358187221,-0.07855869506335414,-0.011125850444455571,-1.0,6.99546705828182,-1.0,6.121033675996592,-1.0,5.2466002937113645,-1.0,4.372166911426137
14.371859296482413,2.0,-6.413654944522896,-0.8433630567324614,-0.11089802983515717,-0.014582542276317103,-1.0,4.693102575999875,-1.0,4.10646475399989,-1.0,3.519826931999906,-1.0,2.9331891099999217
14.472361809045227,2.0,-8.247596927057865,-1.0378336184799835,-0.1305955296471669,-0.016433460969193445,-1.0,2.4363578018914667,-1.0,2.131813076655033,-1.0,1.8272683514186,-1.0,1.5227236261821666
14.57286432160804,2.0,-8.842944022245984,-1.0893251692948331,-0.13418948039032436,-0.016530255068856223,-1.0,1.1056751056982586,-1.0,0.9674657174859761,-1.0,0.8292563292736937,-1.0,0.6910469410614115
14.673366834170855,2.0,-8.630456966597665,-1.0530739708102823,-0.12849441036313783,-0.015678688954228984,-1.0,0.4945957883313816,-1.0,0.43277131478995884,-1.0,0.37094684124853616,-1.0,0.3091223677071135
14.773869346733669,2.0,-8.080717984381437,-0.9817299861929121,-0.11927088263958616,-0.014490286117981985,-1.0,0.23207888823951062,-1.0,0.2030690272095718,-1.0,0.17405916617963296,-1.0,0.14504930514969414
14.874371859296483,2.0,-7.431670197919218,-0.9009859402233408,-0.10923199613216898,-0.013242862728195259,-1.0,0.11683576099555835,-1.0,0.10223129087111354,-1.0,0.08762682074666876,-1.0,0.07302235062222397
14.974874371859297,2.0,-6.780015907677755,-0.8210853474252968,-0.09943657611239595,-0.012042153884217506,-1.0,0.06340508465949958,-1.0,0.05547944907706213,-1.0,0.04755381349462468,-1.0,0.039628177912187236
15.075376884422111,2.0,-6.1618413002654,-0.7457652838979372,-0.09025974187236419,-0.010924112466060384,-1.0,0.037009932555851346,-1.0,0.03238369098636992,-1.0,0.027757449416888506,-1.0,0.02313120784740709
15.175879396984925,2.0,-5.589134907998245,-0.6762013370175408,-0.08181025160944573,-0.009897820705751901,-1.0,0.02312693369423508,-1.0,0.020236066982455694,-1.0,0.01734520027067631,-1.0,0.014454333558896925
15.27638190954774,2.0,-5.064328621498082,-0.612562194582023,-0.07409327160396252,-0.008962052920897913,-1.0,0.015387624799893874,-1.0,0.013464171699907138,-1.0,0.011540718599920405,-1.0,0.00961726549993367
15.376884422110553,2.0,-4.586044683336674,-0.5546207089685148,-0.06707399158310864,-0.008111709205815026,-1.0,0.010842272990218517,-1.0,0.0094869888664412,-1.0,0.008131704742663887,-1.0,0.006776420618886572
15.477386934673367,2.0,-4.151434159601307,-0.5020014937182354,-0.06070327675588619,-0.007340394671823042,-1.0,0.008048576127377832,-1.0,0.007042504111455602,-1.0,0.006036432095533374,-1.0,0.005030360079611145
15.577889447236181,2.0,-3.7571630610210547,-0.4542847956225245,-0.05492835971649548,-0.0066414852069547016,-1.0,0.006264405530919316,-1.0,0.005481354839554402,-1.0,0.004698304148189487,-1.0,0.003915253456824573
15.678391959798995,2.0,-3.3998395378921806,-0.4110511051124687,-0.04969737966004536,-0.006008572590726251,-1.0,0.005089599450588733,-1.0,0.0044533995192651415,-1.0,0.00381719958794155,-1.0,0.0031809996566179582
15.77889447236181,2.0,-3.0761996402399916,-0.37190022755822644,-0.04496127742548343,-0.005435643811422104,-1.0,0.00429909681840173,-1.0,0.0037617097161015134,-1.0,0.0032243226138012975,-1.0,0.002686935511501081
15.879396984924623,2.0,-2.7831844793498295,-0.33645890369029197,-0.0406745098113682,-0.004917142347283664,-1.0,0.003761534790805131,-1.0,0.0032913429419544893,-1.0,0.002821151093103848,-1.0,0.0023509592442532068
15.979899497487438,2.0,-2.517966936950605,-0.3043831381855193,-0.0367952220433375,-0.004447975810649711,-1.0,0.0033977994706623793,-1.0,0.0029730745368295817,-1.0,0.002548349602996784,-1.0,0.002123624669163987
16.080402010050253,2.0,-2.2779544886015763,-0.2753580464520747,-0.03328516937950434,-0.004023499222176624,-1.0,0.0031590785300785506,-1.0,0.0027641937138187314,-1.0,0.0023693088975589127,-1.0,0.001974424081299094
16.180904522613066,2.0,-2.060780763473622,-0.24909655205063783,-0.030109525480414064,-0.0036394877099396507,-1.0,0.0030148204538109603,-1.0,0.00263796789708459,-1.0,0.00226111534035822,-1.0,0.00188426278363185
16.28140703517588,2.0,-1.8642920278778226,-0.22533758584253172,-0.027236644513879506,-0.00329210530705478,-1.0,0.0029459223788577344,-1.0,0.0025776820815005172,-1.0,0.0022094417841433006,-1.0,0.0018412014867860839
16.381909547738694,2.0,-1.6865317013761365,-0.20384411227951424,-0.024637810228611803,-0.002977873126031133,-1.0,0.002940779143936598,-1.0,0.0025731817509445226,-1.0,0.002205584357952448,-1.0,0.0018379869649603735
16.48241206030151,2.0,-1.5257244912526235,-0.18440114732451704,-0.022286988586658948,-0.0026936385164675943,-1.0,0.002992952611110222,-1.0,0.002618833534721444,-1.0,0.002244714458332666,-1.0,0.0018705953819438887
16.582914572864322,2.0,-1.3802609477725103,-0.16681384987818737,-0.020160592021008568,-0.0024365459595402724,-1.0,0.003099792371001674,-1.0,0.002712318324626464,-1.0,0.0023248442782512553,-1.0,0.001937370231876046
16.683417085427138,2.0,-1.2486828327272739,-0.15090572548387565,-0.01823725895552937,-0.002204010011898388,-1.0,0.0032616385330526384,-1.0,0.0028539337164210582,-1.0,0.0024462288997894785,-1.0,0.002038524083157899
16.78391959798995,2.0,-1.1296694769353235,-0.13651695839488898,-0.016497649908103883,-0.001993690383197698,-1.0,0.003481396739442206,-1.0,0.00304622214701193,-1.0,0.0026110475545816545,-1.0,0.0021758729621513787
16.884422110552766,2.0,-1.0220251804431482,-0.12350287542783933,-0.014924260219020113,-0.001803469107369387,-1.0,0.0037643683717592706,-1.0,0.0032938223252893615,-1.0,0.0028232762788194528,-1.0,0.002352730232349544
16.984924623115578,2.0,-0.9246676499871554,-0.11173253897230422,-0.013501248848128892,-0.0016314297114883296,-1.0,0.004118267656773079,-1.0,0.0036034841996764435,-1.0,0.003088700742579809,-1.0,0.002573917285483174
17.085427135678394,2.0,-0.8366174307801528,-0.10108746275953004,-0.012214282321444817,-0.0014758382534502345,-1.0,0.004553391177865325,-1.0,0.003984217280632159,-1.0,0.0034150433833989935,-1.0,0.002845869486165828
17.185929648241206,2.0,-0.7569882746602676,-0.09146044257741862,-0.0110503927852699,-0.001335126090716647,-1.0,0.005082924341498173,-1.0,0.0044475587988109,-1.0,0.0038121932561236286,-1.0,0.0031768277134363574
17.286432160804022,2.0,-0.6849783788165964,-0.08275449345499022,-0.009997849079733953,-0.0012078742409286618,-1.0,0.005723383488774664,-1.0,0.00500796055267783,-1.0,0.004292537616580998,-1.0,0.003577114680484165
17.386934673366834,2.0,-0.6198624278171715,-0.07488188481154079,-0.009046039758657478,-0.0010927991992309843,-1.0,0.006495201880933967,-1.0,0.00568330164581722,-1.0,0.0048714014107004745,-1.0,0.004059501175583729
17.48743718592965,2.0,-0.5609843736494916,-0.0677632654505749,-0.008185367046715002,-0.0009887400870176285,-1.0,0.007423477849078902,-1.0,0.006495543117944039,-1.0,0.005567608386809177,-1.0,0.004639673655674314
17.587939698492463,2.0,-0.5077508902719694,-0.061326870529603526,-0.007407150759451327,-0.0008946470115038723,-1.0,0.008538910635545337,-1.0,0.007471546806102169,-1.0,0.006404182976659002,-1.0,0.0053368191472158355
17.68844221105528,2.0,-0.4596254425005158,-0.055507803101497014,-0.006703541275457128,-0.0008095705241569701,-1.0,0.009878958578375873,-1.0,0.008644088756078888,-1.0,0.007409218933781904,-1.0,0.00617434911148492
17.78894472361809,2.0,-0.41612291648548055,-0.050247383768732765,-0.006067440770084219,-0.0007326520812335763,-1.0,0.011489263756044053,-1.0,0.010053105786538546,-1.0,0.00861694781703304,-1.0,0.007180789847527533
17.889447236180906,2.0,-0.3768047603351943,-0.04549256215053827,-0.00549243193947169,-0.0006631154120465912,-1.0,0.013425398203749543,-1.0,0.011747223428280848,-1.0,0.010069048652812156,-1.0,0.008390873877343464
17.98994974874372,2.0,-0.34127458864262294,-0.04119538451079682,-0.004972713524358693,-0.0006002587106359936,-1.0,0.015754999856188553,-1.0,0.013785624874164982,-1.0,0.011816249892141412,-1.0,0.009846874910117844
18.090452261306535,2.0,-0.3091742090705508,-0.03731251243466335,-0.004503042009537043,-0.000543447574683886,-1.0,0.018560381853497118,-1.0,0.016240334121809977,-1.0,0.013920286390122839,-1.0,0.011600238658435699
18.190954773869347,2.0,-0.2801800329003812,-0.03380478789589267,-0.0040786789298949,-0.0004921086222133878,-1.0,0.021941717561259587,-1.0,0.019199002866102138,-1.0,0.01645628817094469,-1.0,0.013713573475787241
18.291457286432163,2.0,-0.25399983532465853,-0.030636840523051267,-0.003695343270245209,-0.00044572372341545506,-1.0,0.026020926261501057,-1.0,0.02276831047881342,-1.0,0.01951569469612579,-1.0,0.01626307891343816
18.391959798994975,2.0,-0.23036983485694335,-0.027776733299214075,-0.003349168496946616,-0.0004038247910279223,-1.0,0.030946411828375004,-1.0,0.027078110349828127,-1.0,0.02320980887128125,-1.0,0.019341507392734377
18.49246231155779,2.0,-0.2090520647684376,-0.025195643343579117,-0.003036663808033414,-0.0003659890784573282,-1.0,0.03689883984662027,-1.0,0.03228648486579273,-1.0,0.0276741298849652,-1.0,0.023061774904137668
18.592964824120603,2.0,-0.18983201295856725,-0.022867574825067166,-0.0027546792350272536,-0.0003318349402497713,-1.0,0.044098178759058554,-1.0,0.038585906414176224,-1.0,0.03307363406929391,-1.0,0.027561361724411593
18.69346733668342,2.0,-0.17251651022450756,-0.020769101456523737,-0.002500374274647775,-0.00030101801465977595,-1.0,0.05281227917409376,-1.0,0.04621074427733204,-1.0,0.03960920938057032,-1.0,0.0330076744838086
18.79396984924623,2.0,-0.15693185066961954,-0.01887913642849467,-0.0022711897736801758,-0.0002732277930701892,-1.0,0.06336732410785215,-1.0,0.05544640859437062,-1.0,0.0475254930808891,-1.0,0.03960457756740759
18.894472361809047,2.0,-0.14292213218003688,-0.017178728081031238,-0.0020648228367705418,-0.0002481845460026822,-1.0,0.07616055363674851,-1.0,0.06664048443215494,-1.0,0.05712041522756138,-1.0,0.04760034602296782
18.99497487437186,2.0,-0.13034780980387722,-0.015650880107124718,-0.001879204577174871,-0.00022563658061650497,-1.0,0.09167575244829808,-1.0,0.0802162833922608,-1.0,0.06875681433622355,-1.0,0.0572973452801863
19.095477386934675,2.0,-0.11908446093141117,-0.01428039567014649,-0.001712480587626173,-0.00020535781017157046,-1.0,0.110502090634178,-1.0,0.09668932930490574,-1.0,0.08287656797563349,-1.0,0.06906380664636125
19.195979899497488,2.0,-0.10902176907039338,-0.013053745556908561,-0.0015629940771100062,-0.0001871456222853915,-1.0,0.13335702952108355,-1.0,0.1166874008309481,-1.0,0.10001777214081266,-1.0,0.08334814345067722
19.296482412060303,2.0,-0.1000627437833091,-0.011958961464439017,-0.0014292717063467371,-0.00017081904045936254,-1.0,0.1611141481940055,-1.0,0.1409748796697548,-1.0,0.12083561114550412,-1.0,0.10069634262125343
19.396984924623116,2.0,-0.09212320965682019,-0.010985556867620271,-0.0013100122707232766,-0.00015621718306195383,-1.0,0.1948369151729982,-1.0,0.1704823007763734,-1.0,0.14612768637974863,-1.0,0.12177307198312387
19.49748743718593,2.0,-0.0851316196833028,-0.010124479852016763,-0.0012040785408131806,-0.00014319803691866862,-1.0,0.23581962507495635,-1.0,0.20634217194058677,-1.0,0.17686471880621724,-1.0,0.1473872656718477
19.597989949748744,2.0,-0.07902928256847229,-0.009368105172119012,-0.0011104928038630573,-0.0001316375807235275,-1.0,0.2856369414829388,-1.0,0.2499323237975714,-1.0,0.21422770611220407,-1.0,0.17852308842683673
19.69849246231156,2.0,-0.07377114669628919,-0.008710277192272423,-0.001028436997757545,-0.00012142931961214124,-1.0,0.34620372963751456,-1.0,0.3029282634328252,-1.0,0.2596527972281359,-1.0,0.21637733102344658
19.798994974874372,2.0,-0.06932736866558994,-0.008146422274865369,-0.0009572588637476837,-0.00011248433124391377,-1.0,0.4198471121168118,-1.0,0.3673662231022103,-1.0,0.3148853340876088,-1.0,0.26240444507300736
19.899497487437188,2.0,-0.06568603426035398,-0.007673760316868158,-0.0008964863878268895,-0.00010473198365492521,-1.0,0.5093929065052175,-1.0,0.44571879319206525,-1.0,0.38204467987891305,-1.0,0.3183705665657609
20.0,2.0,-0.06285761932443548,-0.007291662271830928,-0.0008458540702648418,-9.812157300627942e-05,-1.0,0.6182687050144352,-1.0,0.5409851168876307,-1.0,0.4637015287608263,-1.0,0.38641794063402196
