time,->1,2->1,3->1,4->1,->2,1->2,3->2,->3,1->3,4->3,->4,1->4,2->4
0.0,1.0,-0.44999999999999996,-0.12,-0.04000000000000001,-0.4,1.2,-0.06,-0.5,1.0,-0.16000000000000003,-0.6,0.8,-0.14999999999999997
0.10050251256281408,1.0,-0.4858135609170303,-0.12440530814023798,-0.04023995269007135,-0.4,1.2454914059228641,-0.06220265407011899,-0.5,1.03790950493572,-0.1609598107602854,-0.6,0.8303276039485761,-0.16193785363901012
0.20100502512562815,1.0,-0.5266584588934498,-0.12943037603149618,-0.04054787165855218,-0.4,1.2870972145135013,-0.06471518801574809,-0.5,1.0725810120945845,-0.1621914866342087,-0.6,0.8580648096756676,-0.1755528196311499
0.30150753768844224,1.0,-0.57303335368782,-0.13508227435320888,-0.04090565669840847,-0.4,1.3235265008937398,-0.06754113717660444,-0.5,1.1029387507447832,-0.16362262679363387,-0.6,0.8823510005958266,-0.19101111789594
0.4020100502512563,1.0,-0.625392431013669,-0.14135309950293967,-0.04129038538904677,-0.4,1.3533936468475811,-0.07067654975146984,-0.5,1.127828039039651,-0.1651615415561871,-0.6,0.9022624312317208,-0.20846414367122298
0.5025125628140704,1.0,-0.6840951156027688,-0.1482143410693672,-0.04167381559687608,-0.4,1.375274119169782,-0.0741071705346836,-0.5,1.1460617659748182,-0.16669526238750432,-0.6,0.9168494127798547,-0.22803170520092292
0.6030150753768845,1.0,-0.7493419295352294,-0.15561096319931714,-0.042022281255432926,-0.4,1.387785016683425,-0.07780548159965857,-0.5,1.156487513902854,-0.1680891250217317,-0.6,0.9251900111222833,-0.24978064317840978
0.7035175879396985,1.0,-0.8210994790182322,-0.16345594965184168,-0.04229719756637618,-0.4,1.3896894315998065,-0.08172797482592084,-0.5,1.1580745263331722,-0.1691887902655047,-0.6,0.9264596210665378,-0.2736998263394107
0.8040201005025126,1.0,-0.8990211763791499,-0.1716263342234783,-0.042456383951498464,-0.4,1.3800192588980713,-0.08581316711173916,-0.5,1.1500160490817262,-0.16982553580599385,-0.6,0.920012839265381,-0.2996737254597166
0.9045226130653267,1.0,-0.9823759720860488,-0.17996208069333897,-0.04245636058625285,-0.4,1.3582037153591522,-0.08998104034666948,-0.5,1.1318364294659602,-0.1698254423450114,-0.6,0.9054691435727682,-0.32745865736201624
1.0050251256281408,1.0,-1.0700010465536938,-0.18826903800375794,-0.042255584323508455,-0.4,1.3241843867690037,-0.09413451900187897,-0.5,1.1034869889741699,-0.16902233729403382,-0.6,0.882789591179336,-0.35666701551789787
1.105527638190955,1.0,-1.1602967005855227,-0.1963269105476937,-0.04181837759903786,-0.4,1.2784928968686302,-0.09816345527384684,-0.5,1.0654107473905252,-0.16727351039615143,-0.6,0.8523285979124202,-0.3867655668618409
1.206030150753769,1.0,-1.2512769741442444,-0.20390216768435657,-0.041119011646635256,-0.4,1.2222694987352571,-0.10195108384217828,-0.5,1.0185579156127142,-0.16447604658654102,-0.6,0.8148463324901715,-0.4170923247147481
1.306532663316583,1.0,-1.3406824648885853,-0.2107648588066292,-0.04014521169030525,-0.4,1.157206790739875,-0.1053824294033146,-0.5,0.9643389922832293,-0.160580846761221,-0.6,0.7714711938265835,-0.4468941549628618
1.407035175879397,1.0,-1.4261444004064203,-0.21670688881423397,-0.038900333757562924,-0.4,1.0854215155769642,-0.10835344440711699,-0.5,0.9045179296474701,-0.1556013350302517,-0.6,0.7236143437179762,-0.47538146680214005
1.5075376884422111,1.0,-1.5053784696609818,-0.22155889142733043,-0.03740364733839163,-0.4,1.009270316475383,-0.11077944571366521,-0.5,0.8410585970628192,-0.14961458935356653,-0.6,0.6728468776502554,-0.5017928232203273
1.6080402010050252,1.0,-1.5763749994822485,-0.22520275144742868,-0.03568857366328525,-0.4,0.9311418859036673,-0.11260137572371434,-0.5,0.7759515715863895,-0.142754294653141,-0.6,0.6207612572691117,-0.5254583331607494
1.7085427135678393,1.0,-1.6375528570016589,-0.2275778339678874,-0.033799200870367085,-0.4,0.853261615255517,-0.1137889169839437,-0.5,0.7110513460462642,-0.13519680348146834,-0.6,0.5688410768370114,-0.5458509523338863
1.8090452261306533,1.0,-1.687853572388589,-0.22868041793500382,-0.031785775247323476,-0.4,0.7775393442230062,-0.11434020896750191,-0.5,0.6479494535191719,-0.1271431009892939,-0.6,0.5183595628153376,-0.562617857462863
1.9095477386934674,1.0,-1.726767084828284,-0.22855725382360245,-0.02970001321286387,-0.4,0.705477524453465,-0.11427862691180123,-0.5,0.5878979370445542,-0.11880005285145548,-0.6,0.47031834963564334,-0.5755890282760946
2.0100502512562817,1.0,-1.7542956384788322,-0.22729515244896736,-0.027590986705299206,-0.4,0.6381417097742997,-0.11364757622448368,-0.5,0.5317847581452498,-0.11036394682119682,-0.6,0.4254278065161999,-0.5847652128262774
2.1105527638190957,1.0,-1.770872886520355,-0.22500883262741903,-0.025502070269290862,-0.4,0.5761829135004772,-0.11250441631370951,-0.5,0.4801524279170644,-0.10200828107716345,-0.6,0.38412194233365154,-0.5902909621734517
2.21105527638191,1.0,-1.7772592349183558,-0.2218290001131334,-0.02346912732588755,-0.4,0.5198949106938338,-0.1109145000565667,-0.5,0.4332457589115281,-0.0938765093035502,-0.6,0.3465966071292225,-0.5924197449727853
2.311557788944724,1.0,-1.774433013144674,-0.21789202191535506,-0.021519830664872022,-0.4,0.46928828370250886,-0.10894601095767753,-0.5,0.39107356975209073,-0.08607932265948809,-0.6,0.3128588558016726,-0.5914776710482246
2.412060301507538,1.0,-1.7634910291942103,-0.2133318784904167,-0.01967388782215875,-0.4,0.424167353405788,-0.10666593924520835,-0.5,0.35347279450482333,-0.078695551288635,-0.6,0.2827782356038587,-0.5878303430647367
2.512562814070352,1.0,-1.7455668880643982,-0.20827453709083954,-0.017943858513124446,-0.4,0.3841999038545364,-0.10413726854541977,-0.5,0.320166586545447,-0.07177543405249778,-0.6,0.2561332692363576,-0.5818556293547994
2.613065326633166,1.0,-1.7217697372580674,-0.20283450649493787,-0.01633628744680208,-0.4,0.3489748000562376,-0.10141725324746893,-0.5,0.290812333380198,-0.06534514978720832,-0.6,0.23264986670415844,-0.573923245752689
2.71356783919598,1.0,-1.6931425480008637,-0.19711314362092924,-0.014852928553493154,-0.4,0.3180460525795959,-0.09855657181046462,-0.5,0.2650383771496633,-0.059411714213972615,-0.6,0.21203070171973062,-0.5643808493336212
2.814070351758794,1.0,-1.6606369578561375,-0.19119825085326486,-0.013491918116265511,-0.4,0.29096429024363685,-0.09559912542663243,-0.5,0.24247024186969737,-0.053967672465062046,-0.6,0.1939761934957579,-0.5535456526187125
2.9145728643216082,1.0,-1.6251010741994032,-0.1851645414930225,-0.012248810257101124,-0.4,0.2672975736968617,-0.09258227074651125,-0.5,0.22274797808071808,-0.048995241028404496,-0.6,0.17819838246457448,-0.5417003580664677
3.0150753768844223,1.0,-1.5872765881387823,-0.17907462413620054,-0.011117438329279077,-0.4,0.24664393221500439,-0.08953731206810027,-0.5,0.20553661017917033,-0.044469753317116306,-0.6,0.16442928814333627,-0.5290921960462607
3.1155778894472363,1.0,-1.5478021354308635,-0.17298025376032367,-0.010090599209885073,-0.4,0.22863783183549985,-0.08649012688016183,-0.5,0.19053152652958322,-0.04036239683954029,-0.6,0.15242522122366658,-0.5159340451436211
3.2160804020100504,1.0,-1.507220428282116,-0.1669236692235589,-0.009160574780856091,-0.4,0.21295247494112454,-0.08346183461177945,-0.5,0.17746039578427045,-0.036642299123424364,-0.6,0.14196831662741635,-0.5024068094273719
3.3165829145728645,1.0,-1.4659874533692867,-0.16093891186626655,-0.008319514191549854,-0.4,0.19929933088846336,-0.08046945593313327,-0.5,0.16608277574038613,-0.03327805676619942,-0.6,0.1328662205923089,-0.4886624844564289
3.4170854271356785,1.0,-1.4244823755118494,-0.1550530496351049,-0.007559702308201136,-0.4,0.18742605468022985,-0.07752652481755246,-0.5,0.15618837890019155,-0.030238809232804545,-0.6,0.12495070312015324,-0.47482745850394975
3.5175879396984926,1.0,-1.383017397615816,-0.14928727919820167,-0.00687373911228508,-0.4,0.17711351985087764,-0.07464363959910084,-0.5,0.14759459987573137,-0.02749495644914032,-0.6,0.1180756799005851,-0.46100579920527196
3.6180904522613067,1.0,-1.3418470816806969,-0.14365789418785183,-0.006254651444933782,-0.4,0.16817247250469325,-0.07182894709392591,-0.5,0.14014372708724437,-0.025018605779735126,-0.6,0.1121149816697955,-0.4472823605602323
3.7185929648241207,1.0,-1.3011768609169667,-0.13817712080897157,-0.005695954869079964,-0.4,0.1604401390708702,-0.06908856040448579,-0.5,0.13370011589239184,-0.022783819476319855,-0.6,0.10696009271391348,-0.43372562030565553
3.819095477386935,1.0,-1.2611706267308735,-0.13285382966448644,-0.005191679842162523,-0.4,0.15377698482008875,-0.06642691483224322,-0.5,0.12814748735007397,-0.020766719368650093,-0.6,0.10251798988005918,-0.42039020891029116
3.919597989949749,1.0,-1.221957385622866,-0.12769413708751043,-0.004736372971526584,-0.4,0.14806372080628638,-0.06384706854375521,-0.5,0.12338643400523865,-0.018945491886106336,-0.6,0.09870914720419093,-0.4073191285409553
4.020100502512563,1.0,-1.1836370105748004,-0.12270190885265336,-0.00432508193000178,-0.4,0.14319862072071676,-0.06135095442632668,-0.5,0.11933218393393065,-0.01730032772000712,-0.6,0.09546574714714452,-0.3945456701916001
4.120603015075377,1.0,-1.1462851742415383,-0.11787918069971091,-0.003953329887752772,-0.4,0.13909514903064232,-0.05893959034985546,-0.5,0.11591262419220194,-0.015813319551011087,-0.6,0.09273009935376156,-0.38209505808051275
4.2211055276381915,1.0,-1.1099575426981751,-0.11322650774439756,-0.0036170839747486972,-0.4,0.1356798953607924,-0.05661325387219878,-0.5,0.113066579467327,-0.014468335898994789,-0.6,0.0904532635738616,-0.3699858475660584
4.3216080402010055,1.0,-1.0746933229156173,-0.10874325420563893,-0.0033127208320034122,-0.4,0.13289079102155368,-0.05437162710281947,-0.5,0.11074232585129475,-0.013250883328013649,-0.6,0.08859386068103581,-0.35823110763853905
4.42211055276382,1.0,-1.040518249534334,-0.10442783314731818,-0.0030369913944394786,-0.4,0.13067558106753216,-0.05221391657365909,-0.5,0.10889631755627681,-0.012147965577757915,-0.6,0.08711705404502146,-0.3468394165114446
4.522613065326634,1.0,-1.0074470910386542,-0.10027790460288376,-0.0027869863221258173,-0.4,0.12899052229579028,-0.05013895230144188,-0.5,0.10749210191315857,-0.01114794528850327,-0.6,0.08599368153052686,-0.33581569701288466
4.623115577889448,1.0,-0.9754857472220786,-0.09629053916382052,-0.0025601029746246573,-0.4,0.12779927888399722,-0.04814526958191026,-0.5,0.1064993990699977,-0.01024041189849863,-0.6,0.08519951925599817,-0.3251619157406928
4.723618090452262,1.0,-0.9446330009101938,-0.09246235295216963,-0.0023540144606661473,-0.4,0.12707198908936376,-0.046231176476084816,-0.5,0.10589332424113648,-0.00941605784266459,-0.6,0.08471465939290919,-0.3148776669700646
4.824120603015076,1.0,-0.9148819786903357,-0.0887896189218774,-0.00216664103467158,-0.4,0.12678447913508772,-0.0443948094609387,-0.5,0.10565373261257312,-0.00866656413868632,-0.6,0.0845229860900585,-0.30496065956344526
4.92462311557789,1.0,-0.8862213675449245,-0.08526835858661747,-0.0019961239371045734,-0.4,0.1269176031250863,-0.04263417929330873,-0.5,0.10576466927090525,-0.007984495748418294,-0.6,0.0846117354167242,-0.29540712251497486
5.025125628140704,1.0,-0.8586364273650564,-0.08189441756846505,-0.0018408016587784675,-0.4,0.12745669056023576,-0.040947208784232525,-0.5,0.10621390880019647,-0.00736320663511387,-0.6,0.08497112704015719,-0.2862121424550188
5.125628140703518,1.0,-0.8321098331893733,-0.0786635277707468,-0.001699188534702674,-0.4,0.12839108554006304,-0.0393317638853734,-0.5,0.10699257128338588,-0.006796754138810696,-0.6,0.0855940570267087,-0.27736994439645773
5.226130653266332,1.0,-0.8066223757341964,-0.07557135849077479,-0.0015699555287820165,-0.4,0.12971376400003556,-0.037785679245387394,-0.5,0.10809480333336298,-0.006279822115128066,-0.6,0.0864758426666904,-0.2688741252447321
5.326633165829146,1.0,-0.7821535442545666,-0.07261355838449116,-0.0014519130468334171,-0.4,0.13142101731987513,-0.03630677919224558,-0.5,0.10951751443322928,-0.0058076521873336685,-0.6,0.08761401154658344,-0.26071784808485554
5.42713567839196,1.0,-0.7586820119413551,-0.06978578986325175,-0.0013439956058569937,-0.4,0.13351219235061348,-0.034892894931625874,-0.5,0.11126016029217792,-0.005375982423427975,-0.6,0.08900812823374234,-0.2528940039804517
5.527638190954774,1.0,-0.7361860408268479,-0.06708375723014526,-0.0012452481872854112,-0.4,0.13598947936163827,-0.03354187861507263,-0.5,0.11332456613469857,-0.004980992749141645,-0.6,0.09065965290775886,-0.2453953469422826
5.628140703517588,1.0,-0.714643820462788,-0.06450322963937678,-0.0011548141077360062,-0.4,0.13885774062645195,-0.03225161481968839,-0.5,0.11571478385537663,-0.004619256430944025,-0.6,0.09257182708430131,-0.2382146068209293
5.728643216080402,1.0,-0.6940337523753565,-0.06204005977859331,-0.0010719242502235918,-0.4,0.1421243733708554,-0.031020029889296655,-0.5,0.11843697780904618,-0.004287697000894367,-0.6,0.09474958224723695,-0.23134458412511882
5.8291457286432165,1.0,-0.6743346904251365,-0.059690199023411286,-0.0009958875101968568,-0.4,0.14579920162279147,-0.029845099511705643,-0.5,0.12149933468565956,-0.003983550040787427,-0.6,0.09719946774852765,-0.22477823014171217
5.9296482412060305,1.0,-0.6555261456486253,-0.057449709689884644,-0.0009260823230324722,-0.4,0.14989439214984057,-0.028724854844942322,-0.5,0.12491199345820049,-0.003704329292129889,-0.6,0.0999295947665604,-0.21850871521620843
6.030150753768845,1.0,-0.6375884628816874,-0.05531477490934464,-0.0008619491520071512,-0.4,0.1544243901661258,-0.02765738745467232,-0.5,0.12868699180510484,-0.003447796608028605,-0.6,0.10294959344408389,-0.21252948762722912
6.130653266331659,1.0,-0.6205029754222531,-0.053281706566961184,-0.0008029838277948328,-0.4,0.1594058708497035,-0.026640853283480592,-0.5,0.13283822570808626,-0.0032119353111793314,-0.6,0.10627058056646901,-0.206834325140751
6.231155778894473,1.0,-0.6042521431442264,-0.05134695167726288,-0.0007487316419127343,-0.4,0.1648577029456572,-0.02567347583863144,-0.5,0.137381419121381,-0.0029949265676509373,-0.6,0.1099051352971048,-0.20141738104807544
6.331658291457287,1.0,-0.5888196787975867,-0.04950709751405268,-0.000698782107104453,-0.4,0.17080092084715873,-0.02475354875702634,-0.5,0.1423341007059656,-0.002795128428417812,-0.6,0.1138672805647725,-0.19627322626586222
6.432160804020101,1.0,-0.57419066669685,-0.04775887576651076,-0.0006527643073271899,-0.4,0.17725870155173867,-0.02387943788325538,-0.5,0.1477155846264489,-0.0026110572293087594,-0.6,0.11817246770115913,-0.19139688889894999
6.532663316582915,1.0,-0.5603516775916971,-0.046099165956014286,-0.0006103427687877243,-0.4,0.1842563427850233,-0.023049582978007143,-0.5,0.15354695232085278,-0.002441371075150897,-0.6,0.12283756185668222,-0.18678389253056568
6.633165829145729,1.0,-0.5472908832137269,-0.0445249983178902,-0.0005712137913701573,-0.4,0.1918212383686163,-0.0222624991589451,-0.5,0.15985103197384692,-0.0022848551654806293,-0.6,0.12788082557907754,-0.18243029440457562
6.733668341708543,1.0,-0.5349981737892233,-0.04303355632775936,-0.000535102186862486,-0.4,0.19998284657934695,-0.02151677816387968,-0.5,0.1666523721494558,-0.002140408747449944,-0.6,0.13332189771956465,-0.17833272459640775
6.834170854271357,1.0,-0.5234652816894577,-0.04162217903234839,-0.0005017583766766035,-0.4,0.2087726467979962,-0.020811089516174195,-0.5,0.17397720566499683,-0.002007033506706414,-0.6,0.13918176453199746,-0.17448842722981925
6.934673366834171,1.0,-0.5126859143494458,-0.040288363328807024,-0.00047095580733104783,-0.4,0.21822407916871192,-0.020144181664403512,-0.5,0.18185339930725994,-0.0018838232293241913,-0.6,0.14548271944580796,-0.17089530478314857
7.035175879396985,1.0,-0.5026558996169626,-0.03902976632395855,-0.0004424886468929717,-0.4,0.22837246127528066,-0.019514883161979274,-0.5,0.19031038439606723,-0.0017699545875718868,-0.6,0.1522483075168538,-0.16755196653898752
7.135678391959799,1.0,-0.4933733467908782,-0.03784420789488643,-0.00041616972991894953,-0.4,0.23925487497493747,-0.018922103947443213,-0.5,0.19937906247911458,-0.0016646789196757981,-0.6,0.15950324998329168,-0.16445778226362606
7.236180904522613,1.0,-0.48483882676692214,-0.03672967356421658,-0.000391828722253626,-0.4,0.25091001550054487,-0.01836483678210829,-0.5,0.20909167958378738,-0.001567314889014504,-0.6,0.16727334366702992,-0.1616129422556407
7.336683417085427,1.0,-0.4770555749251926,-0.035684317796784784,-0.0003693104803965841,-0.4,0.2633779937327908,-0.017842158898392392,-0.5,0.21948166144399237,-0.0014772419215863363,-0.6,0.1755853291551939,-0.15901852497506422
7.437185929648241,1.0,-0.4700297206614128,-0.034706467818431536,-0.00034847358308193584,-0.4,0.2767000811403565,-0.017353233909215768,-0.5,0.23058340095029708,-0.0013938943323277434,-0.6,0.18446672076023768,-0.15667657355380424
7.5376884422110555,1.0,-0.46377054777535814,-0.033794628051696654,-0.0003291890152775864,-0.4,0.29091838527367275,-0.016897314025848327,-0.5,0.24243198772806065,-0.0013167560611103456,-0.6,0.19394559018244853,-0.15459018259178606
7.63819095477387,1.0,-0.45829079027183783,-0.032947485256343174,-0.00031133898703241346,-0.4,0.3060754418763157,-0.016473742628171587,-0.5,0.2550628682302631,-0.0012453559481296539,-0.6,0.20405029458421048,-0.15276359675727927
7.738693467336684,1.0,-0.45360696849801363,-0.032163914453554834,-0.0002948158715847677,-0.4,0.3222137075733492,-0.016081957226777417,-0.5,0.268511422977791,-0.0011792634863390709,-0.6,0.2148091383822328,-0.1512023228326712
7.839195979899498,1.0,-0.44973977086999556,-0.03144298570025454,-0.0002795212487260896,-0.4,0.33937493488907206,-0.01572149285012727,-0.5,0.28281244574089337,-0.0011180849949043584,-0.6,0.2262499565927147,-0.14991325695666516
7.939698492462312,1.0,-0.44671448675891745,-0.030783971762772724,-0.0002653650409021505,-0.4,0.35759940885076064,-0.015391985881386362,-0.5,0.29799950737563385,-0.001061460163608602,-0.6,0.2383996059005071,-0.14890482891963913
8.040201005025127,1.0,-0.44456149629554154,-0.030186356712497527,-0.0002522647307840734,-0.4,0.37692502172846,-0.015093178356248764,-0.5,0.31410418477371665,-0.0010090589231362935,-0.6,0.2512833478189733,-0.14818716543184718
8.14070351758794,1.0,-0.4433168228615626,-0.02964984543065214,-0.00024014464997911689,-0.4,0.39738615983789455,-0.01482492271532607,-0.5,0.33115513319824547,-0.0009605785999164675,-0.6,0.2649241065585964,-0.14777227428718753
8.241206030150755,1.0,-0.4430227537510829,-0.029174373957099865,-0.00022893532947931069,-0.4,0.4190123735870784,-0.014587186978549932,-0.5,0.349176977989232,-0.0009157413179172427,-0.6,0.27934158239138557,-0.14767425125036096
8.341708542713569,1.0,-0.4437285337282794,-0.028760120546295533,-0.0002185729030516534,-0.4,0.4418267995693262,-0.014380060273147767,-0.5,0.3681889996411052,-0.0008742916122066136,-0.6,0.2945511997128842,-0.1479095112427598
8.442211055276383,1.0,-0.445491134783852,-0.028407517194431332,-0.00020899855533748686,-0.4,0.465844301595848,-0.014203758597215666,-0.5,0.3882035846632067,-0.0008359942213499474,-0.6,0.3105628677305654,-0.14849704492795066
8.542713567839197,1.0,-0.44837610296343366,-0.028117261266262274,-0.00020015800682292182,-0.4,0.49106929662326054,-0.014058630633131137,-0.5,0.40922441385271713,-0.0008006320272916873,-0.6,0.3273795310821737,-0.1494587009878112
8.643216080402011,1.0,-0.4524584793629226,-0.02789032666994742,-0.0001920010281194333,-0.4,0.5174932321272017,-0.01394516333497371,-0.5,0.43124436010600137,-0.0007680041124777332,-0.6,0.3449954880848011,-0.15081949312097417
8.743718592964825,1.0,-0.45782378660651263,-0.0277279737863846,-0.00018448097618251684,-0.4,0.5450916844916399,-0.0138639868931923,-0.5,0.45424307040969997,-0.0007379239047300674,-0.6,0.36339445632776,-0.15260792886883753
8.84422110552764,1.0,-0.46456906377417057,-0.02763175704626994,-0.00017755434523717502,-0.4,0.573821054468654,-0.01381587852313497,-0.5,0.4781842120572116,-0.0007102173809487001,-0.6,0.3825473696457693,-0.1548563545913902
8.944723618090453,1.0,-0.47280392083801454,-0.027603528641163912,-0.00017118032533284633,-0.4,0.603614847117802,-0.013801764320581956,-0.5,0.5030123725981683,-0.0006847213013313853,-0.6,0.40240989807853467,-0.15760130694600485
9.045226130653267,1.0,-0.4826515671921314,-0.027645436342671022,-0.0001653203616706861,-0.4,0.634379541888131,-0.013822718171335511,-0.5,0.5286496182401091,-0.0006612814466827444,-0.6,0.42291969459208734,-0.16088385573071048
9.145728643216081,1.0,-0.4942497465437194,-0.027759912769092912,-0.00015993770826813942,-0.4,0.6659900858421322,-0.013879956384546456,-0.5,0.5549917382017768,-0.0006397508330725577,-0.6,0.4439933905614215,-0.1647499155145731
9.246231155778895,1.0,-0.5077514808189726,-0.02794965266894552,-0.00015499697031419078,-0.4,0.6982850822058572,-0.01397482633447276,-0.5,0.5819042351715477,-0.0006199878812567631,-0.6,0.46552338813723815,-0.1692504936063242
9.34673366834171,1.0,-0.5233254875672736,-0.028217573894067916,-0.00015046363092711458,-0.4,0.7310618005401461,-0.014108786947033958,-0.5,0.6092181671167884,-0.0006018545237084583,-0.6,0.48737453369343076,-0.1744418291890912
9.447236180904524,1.0,-0.5411560875814496,-0.02856675673689434,-0.00014630356024671444,-0.4,0.7640712069118613,-0.01428337836844717,-0.5,0.6367260057598844,-0.0005852142409868578,-0.6,0.5093808046079075,-0.18038536252714985
9.547738693467338,1.0,-0.56144236192004,-0.029000355271476538,-0.0001424825082299853,-0.4,0.7970133049938604,-0.014500177635738269,-0.5,0.6641777541615503,-0.0005699300329199411,-0.6,0.5313422033292403,-0.18714745397334667
9.648241206030152,1.0,-0.5843962517234388,-0.029521473389857052,-0.0001389655875772189,-0.4,0.8295331929828708,-0.014760736694928526,-0.5,0.691277660819059,-0.0005558623503088756,-0.6,0.5530221286552471,-0.19479875057447957
9.748743718592966,1.0,-0.6102392244860924,-0.030132997570331957,-0.00013571676030938302,-0.4,0.8612183744682479,-0.015066498785165978,-0.5,0.7176819787235399,-0.0005428670412375321,-0.6,0.5741455829788319,-0.20341307482869744
9.84924623115578,1.0,-0.6391970654922464,-0.030837378365765084,-0.0001326983509759575,-0.4,0.8915980065558294,-0.015418689182882542,-0.5,0.7429983387965245,-0.00053079340390383,-0.6,0.5943986710372197,-0.21306568849741545
9.949748743718594,1.0,-0.6714923078527848,-0.031636353599107006,-0.00012987062137851963,-0.4,0.920144910336286,-0.015818176799553503,-0.5,0.7667874252802384,-0.0005194824855140785,-0.6,0.6134299402241907,-0.22383076928426157
10.050251256281408,1.0,-0.707333811792251,-0.03253060886582664,-0.00012719145564216104,-0.4,0.9462812809494575,-0.01626530443291332,-0.5,0.788567734124548,-0.0005087658225686442,-0.6,0.6308541872996384,-0.23577793726408364
10.150753768844222,1.0,-0.7469030749726976,-0.033519375817321284,-0.00012461621923152855,-0.4,0.9693890775331848,-0.016759687908660642,-0.5,0.807824231277654,-0.0004984648769261142,-0.6,0.6462593850221232,-0.24896769165756585
10.251256281407036,1.0,-0.7903370392817437,-0.034599976451700175,-0.00012209786869004234,-0.4,0.9888259943528902,-0.017299988225850087,-0.5,0.8240216619607419,-0.0004883914747601693,-0.6,0.6592173295685936,-0.2634456797605812
10.35175879396985,1.0,-0.8377074957145478,-0.035767332639566336,-0.0001195873966162567,-0.4,1.0039476515105525,-0.017883666319783168,-0.5,0.8366230429254605,-0.0004783495864650268,-0.6,0.6692984343403685,-0.27923583190484924
10.452261306532664,1.0,-0.8889977075578491,-0.03701347416428851,-0.00011703469335827293,-0.4,1.0141361377650258,-0.018506737082144255,-0.5,0.8451134481375214,-0.0004681387734330917,-0.6,0.6760907585100172,-0.2963325691859497
10.552763819095478,1.0,-0.9440775738814128,-0.03832709448929824,-0.00011438988691357029,-0.4,1.0188342541183575,-0.01916354724464912,-0.5,0.8490285450986312,-0.00045755954765428115,-0.6,0.679222836078905,-0.3146925246271376
10.653266331658292,1.0,-1.0026794884251455,-0.03969321876933754,-0.00011160517998119611,-0.4,1.0175837637787615,-0.01984660938466877,-0.5,0.8479864698156346,-0.00044642071992478444,-0.6,0.6783891758525078,-0.3342264961417152
10.753768844221106,1.0,-1.0643778866765514,-0.04109305932115715,-0.00010863713552169144,-0.4,1.010064756760505,-0.020546529660578575,-0.5,0.8417206306337541,-0.00043454854208676576,-0.6,0.6733765045070034,-0.35479262889218377
10.85427135678392,1.0,-1.128576107699868,-0.0425041348124586,-0.00010544927323315585,-0.4,0.9961320970717135,-0.0212520674062293,-0.5,0.8301100808930946,-0.0004217970929326234,-0.6,0.6640880647144757,-0.3761920358999559
10.954773869346734,1.0,-1.194504360692973,-0.04390071584700347,-0.00010201474161730339,-0.4,0.9758441439689993,-0.021950357923501734,-0.5,0.8132034533074994,-0.00040805896646921357,-0.6,0.6505627626459995,-0.39816812023099096
11.055276381909549,1.0,-1.2612320222284543,-0.04525462842951236,-9.831874568690596e-05,-0.4,0.9494788679963547,-0.02262731421475618,-0.5,0.7912323899969623,-0.00039327498274762383,-0.6,0.6329859119975699,-0.4204106740761514
11.155778894472363,1.0,-1.327696056024146,-0.04653639915026103,-9.436036652895231e-05,-0.4,0.9175333830451325,-0.023268199575130516,-0.5,0.7646111525376105,-0.00037744146611580926,-0.6,0.6116889220300884,-0.44256535200804864
11.256281407035177,1.0,-1.3927451250292109,-0.04771666863024082,-9.015343116747864e-05,-0.4,0.8807048426128046,-0.02385833431512041,-0.5,0.7339207021773372,-0.00036061372466991454,-0.6,0.5871365617418698,-0.4642483750097369
11.35678391959799,1.0,-1.4551963215556771,-0.04876774486806351,-8.572619149711283e-05,-0.4,0.839853348706658,-0.024383872434031756,-0.5,0.6998777905888817,-0.0003429047659884513,-0.6,0.5599022324711054,-0.485065440518559
11.457286432160805,1.0,-1.5138989770176696,-0.04966513008801033,-8.111973931343619e-05,-0.4,0.7959504396221868,-0.024832565044005165,-0.5,0.663292033018489,-0.00032447895725374476,-0.6,0.5306336264147913,-0.5046329923392232
11.557788944723619,1.0,-1.5677983966623639,-0.05038884558727977,-7.638528668868673e-05,-0.4,0.7500191411823626,-0.025194422793639884,-0.5,0.6250159509853022,-0.0003055411467547469,-0.6,0.5000127607882418,-0.5225994655541212
11.658291457286433,1.0,-1.6159920921243573,-0.05092440380590563,-7.158062805001963e-05,-0.4,0.703072847481571,-0.025462201902952813,-0.5,0.5858940395679758,-0.0002863225122000785,-0.6,0.46871523165438067,-0.5386640307081191
11.758793969849247,1.0,-1.6577722781810467,-0.05126333060037863,-6.676622465292424e-05,-0.4,0.6560601204962566,-0.025631665300189316,-0.5,0.5467167670802139,-0.00026706489861169695,-0.6,0.43737341366417115,-0.5525907593936822
11.859296482412061,1.0,-1.6926507497048244,-0.05140321032726428,-6.20013846111617e-05,-0.4,0.6098209754889535,-0.02570160516363214,-0.5,0.5081841462407947,-0.0002480055384446468,-0.6,0.40654731699263574,-0.5642169165682748
11.959798994974875,1.0,-1.7203651343370627,-0.05134729494164504,-5.734095129646078e-05,-0.4,0.5650578373582714,-0.02567364747082252,-0.5,0.4708815311318929,-0.0002293638051858431,-0.6,0.37670522490551434,-0.5734550447790209
12.06030150753769,1.0,-1.7408682171487682,-0.05110377104109215,-5.2832784808909766e-05,-0.4,0.5223217720131141,-0.025551885520546075,-0.5,0.43526814334426184,-0.00021133113923563906,-0.6,0.3482145146754095,-0.580289405716256
12.160804020100503,1.0,-1.7543040011684277,-0.05068480716182322,-4.851616466258885e-05,-0.4,0.48201241288415664,-0.02534240358091161,-0.5,0.40167701073679724,-0.0001940646586503554,-0.6,0.32134160858943783,-0.5847680003894759
12.261306532663317,1.0,-1.7609751422166375,-0.050105506866753594,-4.442109558873417e-05,-0.4,0.44438858034915246,-0.025052753433376797,-0.5,0.37032381695762706,-0.00017768438235493667,-0.6,0.29625905356610166,-0.5869917140722124
12.361809045226131,1.0,-1.7613064197901849,-0.0493828765788886,-4.0568389358895896e-05,-0.4,0.40958601612730205,-0.0246914382894443,-0.5,0.34132168010608505,-0.00016227355743558358,-0.6,0.27305734408486804,-0.5871021399300617
12.462311557788945,1.0,-1.755808227580242,-0.04853488903654503,-3.6970334572603834e-05,-0.4,0.37763878889716795,-0.024267444518272514,-0.5,0.31469899074763996,-0.00014788133829041534,-0.6,0.25175919259811197,-0.585269409193414
12.56281407035176,1.0,-1.7450430154130978,-0.04757969193883199,-3.363175022858701e-05,-0.4,0.348501521724109,-0.023789845969415996,-0.5,0.2904179347700908,-0.00013452700091434803,-0.6,0.23233434781607265,-0.5816810051376992
12.663316582914574,1.0,-1.7295964861353061,-0.046534982998644725,-3.05512359795016e-05,-0.4,0.32207038693008194,-0.023267491499322362,-0.5,0.2683919891084016,-0.0001222049439180064,-0.6,0.2147135912867213,-0.576532162045102
12.763819095477388,1.0,-1.710054353217243,-0.04541755065784819,-2.7722468110784337e-05,-0.4,0.29820160683873803,-0.022708775328924093,-0.5,0.24850133903228172,-0.00011088987244313735,-0.6,0.19880107122582538,-0.570018117739081
12.864321608040202,1.0,-1.686984702787489,-0.04424296513161596,-2.5135433033658213e-05,-0.4,0.2767268664130782,-0.02212148256580798,-0.5,0.2306057220108985,-0.00010054173213463285,-0.6,0.1844845776087188,-0.5623282342624962
12.964824120603016,1.0,-1.6609254998489473,-0.043025396564706726,-2.2777530685184655e-05,-0.4,0.25746553600830296,-0.021512698282353363,-0.5,0.21455461334025247,-9.111012274073862e-05,-0.6,0.17164369067220198,-0.5536418332829824
13.06532663316583,1.0,-1.632376502750268,-0.04177753440505391,-2.0634513847010588e-05,-0.4,0.24023392031784963,-0.020888767202526956,-0.5,0.20019493359820803,-8.253805538804235e-05,-0.6,0.16015594687856644,-0.5441255009167559
13.165829145728644,1.0,-1.601794749025918,-0.04051058294568382,-1.869125433159577e-05,-0.4,0.22485192203261892,-0.02025529147284191,-0.5,0.1873766016938491,-7.476501732638308e-05,-0.6,0.14990128135507927,-0.5339315830086392
13.266331658291458,1.0,-1.569592792427065,-0.039234310864644135,-1.69323435882103e-05,-0.4,0.21114757440445955,-0.019617155432322068,-0.5,0.1759563120037163,-6.77293743528412e-05,-0.6,0.14076504960297306,-0.5231975974756883
13.366834170854272,1.0,-1.5361389561346386,-0.03795713636958421,-1.5342544952757683e-05,-0.4,0.19895989284317794,-0.018978568184792106,-0.5,0.1657999107026483,-6.137017981103073e-05,-0.6,0.13263992856211865,-0.5120463187115462
13.467336683417086,1.0,-1.5017589837521625,-0.036686233466389,-1.3907119245429033e-05,-0.4,0.18814045192621007,-0.0183431167331945,-0.5,0.1567837099385084,-5.562847698171613e-05,-0.6,0.12542696795080674,-0.5005863279173874
13.5678391959799,1.0,-1.4667385928922796,-0.03542764847199696,-1.2612046358586395e-05,-0.4,0.17855403242114354,-0.01771382423599848,-0.5,0.14879502701761962,-5.044818543434558e-05,-0.6,0.11903602161409571,-0.48891286429742653
13.668341708542714,1.0,-1.4313265512748201,-0.034186418964554016,-1.144416423336275e-05,-0.4,0.17007861717634173,-0.017093209482277008,-0.5,0.14173218098028478,-4.5776656933451e-05,-0.6,0.11338574478422783,-0.47710885042494
13.768844221105528,1.0,-1.3957379949216695,-0.032966689846783304,-1.0391244211868422e-05,-0.4,0.1626049531516097,-0.016483344923391652,-0.5,0.13550412762634143,-4.156497684747369e-05,-0.6,0.10840330210107314,-0.46524599830722313
13.869346733668342,1.0,-1.3601577898278685,-0.03177182311802151,-9.4420188695877e-06,-0.4,0.1560358433949757,-0.015885911559010753,-0.5,0.13002986949581308,-3.77680754783508e-05,-0.6,0.10402389559665047,-0.45338592994262283
13.969849246231156,1.0,-1.3247438028744107,-0.030604499378585844,-8.586175519807764e-06,-0.4,0.1502852887079009,-0.015302249689292922,-0.5,0.1252377405899174,-3.434470207923106e-05,-0.6,0.10019019247193393,-0.4415812676248036
14.07035175879397,1.0,-1.2896299966842788,-0.029466810114432224,-7.814325889450855e-06,-0.4,0.1452775638188273,-0.014733405057216112,-0.5,0.12106463651568942,-3.125730355780342e-05,-0.6,0.09685170921255154,-0.42987666556142623
14.170854271356784,1.0,-1.2549292991475691,-0.028360340516713874,-7.1179601141818125e-06,-0.4,0.14094628606739154,-0.014180170258356937,-0.5,0.11745523838949296,-2.847184045672725e-05,-0.6,0.09396419071159437,-0.41830976638252304
14.271356783919598,1.0,-1.2207362240345054,-0.027286243056478827,-6.489391227839377e-06,-0.4,0.13723351456094782,-0.013643121528239413,-0.5,0.11436126213412319,-2.595756491135751e-05,-0.6,0.09148900970729856,-0.4069120746781685
14.371859296482413,1.0,-1.1871292368182338,-0.02624530232313793,-5.9216947160033994e-06,-0.4,0.13408890316059427,-0.013122651161568966,-0.5,0.11174075263382856,-2.3686778864013598e-05,-0.6,0.08939260210706285,-0.3957097456060779
14.472361809045227,1.0,-1.154172871528208,-0.025237991797202278,-5.408646429301464e-06,-0.4,0.13146892027409288,-0.012618995898601139,-0.5,0.10955743356174408,-2.1634585717205856e-05,-0.6,0.08764594684939526,-0.38472429050940266
14.57286432160804,1.0,-1.1219196117572603,-0.024264523302071708,-4.944661161783269e-06,-0.4,0.12933614125258439,-0.012132261651035854,-0.5,0.107780117710487,-1.9778644647133074e-05,-0.6,0.08622409416838961,-0.3739732039190867
14.673366834170855,1.0,-1.0904115531086922,-0.023324889895401695,-4.524733444658861e-06,-0.4,0.12765861437669399,-0.011662444947700848,-0.5,0.106382178647245,-1.8098933778635444e-05,-0.6,0.085105742917796,-0.36347051770289734
14.773869346733669,1.0,-1.0596818663511305,-0.022418902938912966,-4.14438154049884e-06,-0.4,0.12640929832482942,-0.011209451469456483,-0.5,0.10534108193735786,-1.657752616199536e-05,-0.6,0.08427286554988629,-0.3532272887837101
14.874371859296483,1.0,-1.0297560810602229,-0.02154622404143834,-3.799595207785663e-06,-0.4,0.1255655671448733,-0.01077311202071917,-0.5,0.10463797262072774,-1.5198380831142652e-05,-0.6,0.0837103780965822,-0.3432520270200743
14.974874371859297,1.0,-1.000653209085913,-0.020706392513912108,-3.486787506913052e-06,-0.4,0.12510877772776674,-0.010353196256956054,-0.5,0.10425731477313895,-1.3947150027652208e-05,-0.6,0.08340585181851116,-0.3335510696953043
15.075376884422111,1.0,-0.972386726161869,-0.019898848913896403,-3.202750708885099e-06,-0.4,0.1250238943339006,-0.009949424456948202,-0.5,0.10418657861158383,-1.2811002835540396e-05,-0.6,0.08334926288926707,-0.324128908720623
15.175879396984925,1.0,-0.9449654286280513,-0.01912295519565901,-2.9446162250884925e-06,-0.4,0.12529916465272897,-0.009561477597829505,-0.5,0.10441597054394082,-1.177846490035397e-05,-0.6,0.08353277643515267,-0.3149884762093504
15.27638190954774,1.0,-0.9183941807446816,-0.018378011922593633,-2.7098183833256416e-06,-0.4,0.12592584204157034,-0.009189005961296817,-0.5,0.10493820170130862,-1.0839273533302566e-05,-0.6,0.0839505613610469,-0.30613139358156055
15.376884422110553,1.0,-0.8926745665527634,-0.017663272943539074,-2.4960618184287654e-06,-0.4,0.1268979488923287,-0.008831636471769537,-0.5,0.10574829074360724,-9.984247273715062e-06,-0.6,0.0845986325948858,-0.29755818885092117
15.477386934673367,1.0,-0.8678054587572751,-0.016977957884130705,-2.3012922150049057e-06,-0.4,0.1282120764467752,-0.008488978942065352,-0.5,0.10684339703897934,-9.205168860019623e-06,-0.6,0.08547471763118347,-0.289268486252425
15.577889447236181,1.0,-0.8437835157189494,-0.016321262758997354,-2.1236701274723986e-06,-0.4,0.129867216776079,-0.008160631379498677,-0.5,0.1082226806467325,-8.494680509889594e-06,-0.6,0.086578144517386,-0.28126117190631644
15.678391959798995,1.0,-0.820603616363625,-0.015692368970353213,-1.9615476027810235e-06,-0.4,0.1318646230280803,-0.007846184485176606,-0.5,0.10988718585673359,-7.846190411124094e-06,-0.6,0.08790974868538687,-0.273534538787875
15.77889447236181,1.0,-0.7982592416652977,-0.015090450923077812,-1.8134473398121474e-06,-0.4,0.1342076944068271,-0.007545225461538906,-0.5,0.11183974533902258,-7.25378935924859e-06,-0.6,0.08947179627121807,-0.26608641388843257
15.879396984924623,1.0,-0.7767428103321343,-0.014514682455366924,-1.6780441333366718e-06,-0.4,0.13690188267099668,-0.007257341227683462,-0.5,0.11408490222583058,-6.712176533346687e-06,-0.6,0.09126792178066447,-0.2589142701107114
15.979899497487438,1.0,-0.7560459754202815,-0.013964242257059776,-1.5541483673447444e-06,-0.4,0.13995461721372998,-0.006982121128529888,-0.5,0.11662884767810831,-6.216593469378978e-06,-0.6,0.09330307814248666,-0.25201532514009384
16.080402010050253,1.0,-0.7361598878115191,-0.013438318424379495,-1.4406913409824455e-06,-0.4,0.14337524601194118,-0.006719159212189747,-0.5,0.11947937167661765,-5.762765363929782e-06,-0.6,0.09558349734129412,-0.24538662927050636
16.180904522613066,1.0,-0.7170754318092912,-0.012936112279649909,-1.3367122291519345e-06,-0.4,0.14717498990597147,-0.006468056139824954,-0.5,0.12264582492164289,-5.346848916607738e-06,-0.6,0.09811665993731432,-0.23902514393643037
16.28140703517588,1.0,-0.6987834375244053,-0.012456841567184816,-1.24134649832505e-06,-0.4,0.15136690778910597,-0.006228420783592408,-0.5,0.12613908982425498,-4.9653859933002e-06,-0.6,0.10091127185940399,-0.23292781250813507
16.381909547738694,1.0,-0.6812748742278962,-0.011999743121632543,-1.1538156158153118e-06,-0.4,0.1559658703498042,-0.005999871560816271,-0.5,0.12997155862483684,-4.615262463261247e-06,-0.6,0.10397724689986948,-0.22709162474263206
16.48241206030151,1.0,-0.6645410284357535,-0.011564075092276247,-1.0734179073666238e-06,-0.4,0.16098854001623314,-0.005782037546138124,-0.5,0.13415711668019428,-4.293671629466495e-06,-0.6,0.10732569334415543,-0.22151367614525116
16.582914572864322,1.0,-0.6485736701508922,-0.011149118795859001,-9.995204332971544e-07,-0.4,0.16645335470103817,-0.005574559397929501,-0.5,0.13871112891753182,-3.998081733188618e-06,-0.6,0.11096890313402547,-0.21619122338363073
16.683417085427138,1.0,-0.6333652104150099,-0.010754180261167002,-9.315517675224497e-07,-0.4,0.17238051283182068,-0.005377090130583501,-0.5,0.14365042735985056,-3.7262070700897986e-06,-0.6,0.11492034188788046,-0.21112173680500332
16.78391959798995,1.0,-0.6189088531110586,-0.010378591520649239,-8.689955765752488e-07,-0.4,0.1787919569761689,-0.005189295760324619,-0.5,0.14899329748014076,-3.475982306300995e-06,-0.6,0.11919463798411262,-0.2063029510370195
16.884422110552766,1.0,-0.6051987438008024,-0.010021711697580302,-8.113849072820901e-07,-0.4,0.18571135312511125,-0.005010855848790151,-0.5,0.1547594609375927,-3.2455396291283604e-06,-0.6,0.12380756875007418,-0.20173291460026746
16.984924623115578,1.0,-0.592230118277193,-0.009682927931519848,-7.582971021166634e-07,-0.4,0.1931640623802049,-0.004841463965759924,-0.5,0.1609700519835041,-3.0331884084666537e-06,-0.6,0.12877604158680328,-0.197410039425731
17.085427135678394,1.0,-0.5799994534543507,-0.009361656179934627,-7.093492705079845e-07,-0.4,0.201177101390895,-0.004680828089967314,-0.5,0.16764758449241252,-2.837397082031938e-06,-0.6,0.13411806759393002,-0.19333315115145022
17.185929648241206,1.0,-0.5685046232058236,-0.009057341929696991,-6.641942526267373e-07,-0.4,0.20977908740288118,-0.004528670964848496,-0.5,0.17481590616906764,-2.656777010506949e-06,-0.6,0.1398527249352541,-0.18950154106860786
17.286432160804022,1.0,-0.5577450617915906,-0.008769460848632745,-6.225170194947274e-07,-0.4,0.21900016319680363,-0.004384730424316373,-0.5,0.18250013599733636,-2.4900680779789094e-06,-0.6,0.1460001087978691,-0.18591502059719686
17.386934673366834,1.0,-0.5477219375833956,-0.008497519404250744,-5.84031459748507e-07,-0.4,0.2288718965104834,-0.004248759702125372,-0.5,0.19072658042540283,-2.336125838994028e-06,-0.6,0.15258126434032226,-0.1825739791944652
17.48743718592965,1.0,-0.5384383399032721,-0.008241055474133197,-5.484775091218199e-07,-0.4,0.23942714773772256,-0.004120527737066598,-0.5,0.19952262311476882,-2.1939100364872797e-06,-0.6,0.15961809849181507,-0.17947944663442403
17.587939698492463,1.0,-0.5298994819279204,-0.007999638970090652,-5.156185837708481e-07,-0.4,0.2506998987725934,-0.003999819485045326,-0.5,0.20891658231049454,-2.0624743350833924e-06,-0.6,0.16713326584839563,-0.1766331606426401
17.68844221105528,1.0,-0.5221129227767005,-0.007772872495966665,-4.852392830224738e-07,-0.4,0.26272503481127457,-0.0038864362479833327,-0.5,0.21893752900939548,-1.9409571320898952e-06,-0.6,0.17515002320751638,-0.1740376409255668
17.78894472361809,1.0,-0.5150888120862408,-0.007560392056784224,-4.57143331044341e-07,-0.4,0.27553806972633993,-0.003780196028392112,-0.5,0.2296150581052833,-1.828573324177364e-06,-0.6,0.18369204648422666,-0.1716962706954136
17.889447236180906,1.0,-0.5088401605693633,-0.007361867834602157,-4.311517303742764e-07,-0.4,0.2891748042868814,-0.0036809339173010784,-0.5,0.24097900357240118,-1.7246069214971056e-06,-0.6,0.19278320285792094,-0.1696133868564544
17.98994974874372,1.0,-0.5033831402435865,-0.007177005043843151,-4.0710110323094906e-07,-0.4,0.3036709050283308,-0.0035885025219215753,-0.5,0.253059087523609,-1.6284044129237962e-06,-0.6,0.2024472700188872,-0.16779438008119552
18.090452261306535,1.0,-0.4987374181864511,-0.007005544875491547,-3.84842199336706e-07,-0.4,0.31906138985987403,-0.0035027724377457736,-0.5,0.265884491549895,-1.539368797346824e-06,-0.6,0.21270759323991603,-0.16624580606215036
18.190954773869347,1.0,-0.49492652774597967,-0.006847265535934826,-3.64238550813989e-07,-0.4,0.3353800049924881,-0.003423632767967413,-0.5,0.2794833374937401,-1.456954203255956e-06,-0.6,0.2235866699949921,-0.1649755092486599
18.291457286432163,1.0,-0.4919782811847814,-0.00670198338058218,-3.4516525737633633e-07,-0.4,0.3526584756559417,-0.00335099169029109,-0.5,0.2938820630466181,-1.3806610295053453e-06,-0.6,0.2351056504372945,-0.16399276039492713
18.391959798994975,1.0,-0.4899252275114677,-0.00656955413577528,-3.275078861277759e-07,-0.4,0.3709256114965813,-0.00328477706788764,-0.5,0.3091046762471511,-1.3100315445111035e-06,-0.6,0.24728374099772088,-0.16330840917048925
18.49246231155779,1.0,-0.48880515889253656,-0.006449874193480417,-3.111614721903982e-07,-0.4,0.3902062456646775,-0.0032249370967402085,-0.5,0.32517187138723125,-1.2446458887615929e-06,-0.6,0.260137497109785,-0.16293505296417884
18.592964824120603,1.0,-0.4886616682091361,-0.006342881951036838,-2.960296074283835e-07,-0.4,0.41051998513552534,-0.003171440975518419,-0.5,0.3420999876129378,-1.184118429713534e-06,-0.6,0.27367999009035027,-0.1628872227363787
18.69346733668342,1.0,-0.4895447590529124,-0.006248559152732896,-2.8202360564206223e-07,-0.4,0.4318797487459198,-0.003124279576366448,-0.5,0.3598997906215998,-1.128094422568249e-06,-0.6,0.28791983249727987,-0.1631815863509708
18.79396984924623,1.0,-0.4915115074016127,-0.006166932169032313,-2.690617335650378e-07,-0.4,0.45429006904079094,-0.0030834660845161566,-0.5,0.37857505753399245,-1.076246934260151e-06,-0.6,0.30286004602719396,-0.1638371691338709
18.894472361809047,1.0,-0.49462677118227033,-0.006098073122478318,-2.570684977257796e-07,-0.4,0.47774513483449793,-0.003049036561239159,-0.5,0.39812094569541495,-1.0282739909031184e-06,-0.6,0.318496756556332,-0.1648755903940901
18.99497487437186,1.0,-0.498963939587546,-0.006042100734966057,-2.459739779294727e-07,-0.4,0.5022265537680122,-0.0030210503674830283,-0.5,0.41852212814001016,-9.838959117178908e-07,-0.6,0.33481770251200815,-0.16632131319584867
19.095477386934675,1.0,-0.504605707739552,-0.005999180726602674,-2.357131986932796e-07,-0.4,0.5277008190784395,-0.002999590363301337,-0.5,0.43975068256536626,-9.428527947731184e-07,-0.6,0.35180054605229305,-0.16820190257985068
19.195979899497488,1.0,-0.5116448538786346,-0.005969525541984575,-2.2622553058233538e-07,-0.4,0.5541164728186614,-0.0029847627709922876,-0.5,0.46176372734888455,-9.049021223293415e-07,-0.6,0.36941098187910765,-0.17054828462621152
19.296482412060303,1.0,-0.5201849846082918,-0.005953393110648209,-2.1745411405961095e-07,-0.4,0.5814009703733374,-0.0029766965553241044,-0.5,0.48450080864444783,-8.698164562384438e-07,-0.6,0.3876006469155583,-0.17339499486943058
19.396984924623116,1.0,-0.5303411985687932,-0.005951084267224807,-2.093452992389792e-07,-0.4,0.6094572695461928,-0.0029755421336124036,-0.5,0.5078810579551607,-8.373811969559168e-07,-0.6,0.40630484636412856,-0.1767803995229311
19.49748743718593,1.0,-0.5422405990532704,-0.00596293835934714,-2.0184809602262912e-07,-0.4,0.6381601933957372,-0.00298146917967357,-0.5,0.5318001611631143,-8.073923840905165e-07,-0.6,0.4254401289304915,-0.1807468663510901
19.597989949748744,1.0,-0.5560225609596853,-0.005989326460672744,-1.949136306197178e-07,-0.4,0.6673526512117012,-0.002994663230336372,-0.5,0.5561272093430843,-7.796545224788712e-07,-0.6,0.4449017674744675,-0.18534085365322842
19.69849246231156,1.0,-0.5718386265430881,-0.006030641486343053,-1.884946065664896e-07,-0.4,0.6968418483025333,-0.0030153207431715266,-0.5,0.5807015402521111,-7.539784262659584e-07,-0.6,0.4645612322016889,-0.1906128755143627
19.798994974874372,1.0,-0.5898518676063362,-0.0060872843867474345,-1.8254477135230156e-07,-0.4,0.7263956741092716,-0.0030436421933737173,-0.5,0.605329728424393,-7.301790854092062e-07,-0.6,0.4842637827395144,-0.19661728920211205
19.899497487437188,1.0,-0.6102355099318143,-0.006159645487454647,-1.7701839383882464e-07,-0.4,0.7557395302070481,-0.0030798227437273235,-0.5,0.6297829418392068,-7.080735753552986e-07,-0.6,0.5038263534713655,-0.20341183664393808
20.0,1.0,-0.6331705713797959,-0.006248079972088722,-1.7186976306954885e-07,-0.4,0.7845539438908827,-0.003124039986044361,-0.5,0.6537949532424023,-6.874790522781954e-07,-0.6,0.5230359625939219,-0.21105685712659863
