time,1->1,2->1,3->1,4->1,5->1,1->2,2->2,3->2,4->2,5->2,1->3,2->3,3->3,4->3,5->3,1->4,2->4,3->4,4->4,5->4,1->5,2->5,3->5,4->5,5->5
0.0,0.4999999999588667,-1.500000000209667,-0.9999999999177334,0.0,-1.999999999946489,1.299999999870849,-0.20000000000575113,0.0,1.999999999946489,0.9999999999732445,0.0,0.0,-1.0000056338554941e-06,-0.3999999999906856,0.0,0.0,0.0,0.0,-0.4000009999720333,-0.5999999999825589,0.0,0.0,-0.7999999999813712,0.0,-0.2000009999975072
0.10050251256281408,0.5054384254465916,-1.5985481730540485,-1.0345243479648047,0.0,-2.069048696151654,1.2799142184161116,-0.13103362866973,0.0,2.069048696234921,1.034524348075827,0.0,0.0,-0.0017911517269375565,-0.4081667210262263,0.0,0.0,0.0,0.0,-0.4092114972292782,-0.5936234306891386,0.0,0.0,-0.8155870664938725,0.0,-0.22375478754554923
0.20100502512562815,0.501406475339472,-1.7024346059546502,-1.0779105682479084,0.0,-2.1558211362737723,1.2679700329559784,-0.05955866075324501,0.0,2.1558211362529556,1.0779105681299472,0.0,0.0,-0.0032302960306651585,-0.4166067971086984,0.0,0.0,0.0,0.0,-0.4167785813136149,-0.5866224989103941,0.0,0.0,-0.8301550823847093,0.0,-0.2467628795188581
0.30150753768844224,0.48753760828468273,-1.810115136335888,-1.1302789757472453,0.0,-2.260557951605513,1.2642564624302384,0.013062256552440199,0.0,2.260557951532655,1.1302789758201037,0.0,0.0,-0.004447914973837452,-0.42534862065152224,0.0,0.0,0.0,0.0,-0.42275813206399393,-0.5790982943107426,0.0,0.0,-0.843658837720862,0.0,-0.2690084583839569
0.4020100502512563,0.4634990833363162,-1.9195472831246008,-1.1915901662051809,0.0,-2.3831803319662725,1.2688173696290272,0.08513080466954204,0.0,2.383180332077295,1.1915901660386474,0.0,0.0,-0.005567655489424617,-0.43441762925117144,0.0,0.0,0.0,0.0,-0.4272079599867973,-0.5711490262266805,0.0,0.0,-0.8560579337138496,0.0,-0.2904765629974104
0.5025125628140704,0.4290436672604869,-2.0281567073565654,-1.261506097360865,0.0,-2.5230121946107076,1.281615489401311,0.15460808644451873,0.0,2.5230121944719297,1.261506097222087,0.0,0.0,-0.006706273612822056,-0.4438361531911017,0.0,0.0,0.0,0.0,-0.43018709031117375,-0.562869120389331,0.0,0.0,-0.8673169698755756,0.0,-0.31115412309906665
0.6030150753768845,0.3840851413583479,-2.132849945546411,-1.3392213223939464,0.0,-2.678442644898915,1.3024799538630116,0.2191464542611321,0.0,2.6784426450099375,1.3392213225049687,0.0,0.0,-0.007972815727064209,-0.45362328601750157,0.0,0.0,0.0,0.0,-0.43175524271077403,-0.55434852969799,0.0,0.0,-0.8774057130012114,0.0,-0.3310299990441634
0.7035175879396985,0.3287999213452686,-2.230093868405003,-1.423275621137421,0.0,-2.846551241941775,1.331036723117851,0.2761708327581047,0.0,2.8465512421083083,1.423275621137421,0.0,0.0,-0.009467971712195933,-0.46379476907609796,0.0,0.0,0.0,0.0,-0.4319724403456515,-0.5456722026037086,0.0,0.0,-0.8862992377026147,0.0,-0.35009500680416306
0.8040201005025126,0.26375084988261577,-2.3160819903056407,-1.511378109220196,0.0,-3.022756218440392,1.366626299625917,0.32302094177261154,0.0,3.0227562185514145,1.511378109164685,0.0,0.0,-0.011283602566192208,-0.47436288892060974,0.0,0.0,0.0,0.0,-0.4308987475373782,-0.5369197136131931,0.0,0.0,-0.8939780338848569,0.0,-0.36834192283091705
0.9045226130653267,0.1900219861461494,-2.387000216819146,-1.6002938519887877,0.0,-3.2005877037000197,1.408218168075237,0.3571590635464972,0.0,3.2005877037000197,1.6002938518222543,0.0,0.0,-0.013502419758670836,-0.48533638283276836,0.0,0.0,0.0,0.0,-0.4285941185913633,-0.528165036900452,0.0,0.0,-0.9004280817348498,0.0,-0.3857654645479658
1.0050251256281408,0.10934123170769361,-2.4393819045565035,-1.6858595032198664,0.0,-3.371719006106666,1.4543396083532834,0.376430471682454,0.0,3.371719006162177,1.685859503053333,0.0,0.0,-0.016197791760652613,-0.49672035019182603,0.0,0.0,0.0,0.0,-0.42511833710234814,-0.5194764415364372,0.0,0.0,-0.9056408955786244,0.0,-0.40236224575079804
1.105527638190955,0.024157198921792578,-2.4705197494631626,-1.7631980209140141,0.0,-3.5263960421541563,1.5030427646389732,0.37934831320640683,0.0,3.526396042174973,1.7631980210874865,0.0,0.0,-0.01943366646078859,-0.5085161693396678,0.0,0.0,0.0,0.0,-0.42053103404410264,-0.5109164971095481,0.0,0.0,-0.9096135369229819,0.0,-0.41813070629156956
1.206030150753769,-0.06237005586995359,-2.4788680171999866,-1.8271704023548052,0.0,-3.6543408043765435,1.5519368139482737,0.36535220609978936,0.0,3.654340804404299,1.8271704021466384,0.0,0.0,-0.023264590032212595,-0.5207214201080612,0.0,0.0,0.0,0.0,-0.4148917674418051,-0.5025421698848231,0.0,0.0,-0.9123485975211232,0.0,-0.4330710176529001
1.306532663316583,-0.14649931415200435,-2.464347894054475,-1.8730349732876128,0.0,-3.7460699468527814,1.598305842287484,0.33497921991809676,0.0,3.746069946686248,1.873034973343124,0.0,0.0,-0.027735807955897585,-0.5333298136317444,0.0,0.0,0.0,0.0,-0.4082601475566272,-0.494404994284825,0.0,0.0,-0.9138541532290045,0.0,-0.44718496688446463
1.407035175879397,-0.22417194839308152,-2.4284705866794987,-1.8971943778200995,0.0,-3.794388755640199,1.6393152076354944,0.2898925341998648,0.0,3.794388755640199,1.8971943777645883,0.0,0.0,-0.0328834365986852,-0.5463311319314768,0.0,0.0,0.0,0.0,-0.40069599477332574,-0.48655130467645247,0.0,0.0,-0.9141436900542924,0.0,-0.4604758219891019
1.5075376884422111,-0.29138534812789274,-2.3742271911819657,-1.8978395813218363,0.0,-3.7956791626991837,1.672283167497568,0.23274223426295038,0.0,3.7956791626991837,1.8978395812663251,0.0,0.0,-0.038734693924569186,-0.5597111801397547,0.0,0.0,0.0,0.0,-0.3922595160424369,-0.479022513759364,0.0,0.0,-0.9132360022350711,0.0,-0.47294818239247
1.6080402010050252,-0.34461316439360345,-2.30575288379109,-1.8752945571409718,0.0,-3.7505891145594994,1.694968945586961,0.1668760520046053,0.0,3.750589114392966,1.8752945572797497,0.0,0.0,-0.04530818041581508,-0.5734517555117113,0.0,0.0,0.0,0.0,-0.383011487831153,-0.47185542489946997,0.0,0.0,-0.911155062916641,0.0,-0.48460781844859857
1.7085427135678393,-0.38118686829236026,-2.2278369406492082,-1.8319488327978029,0.0,-3.663897665651117,1.7058166031092004,0.09596094446839842,0.0,3.6638976655400946,1.8319488327700473,0.0,0.0,-0.05261420386870608,-0.5875306364616639,0.0,0.0,0.0,0.0,-0.3730134347998404,-0.4650825673677139,0.0,0.0,-0.9079298673858593,0.0,-0.49546150385909593
1.8090452261306533,-0.3995569165526902,-2.1453899055057235,-1.7718021598778222,0.0,-3.5436043200887113,1.7041015162658213,0.02359886366182229,0.0,3.543604320248306,1.7718021600443556,0.0,0.0,-0.06065514084052648,-0.6019215962188573,0.0,0.0,0.0,0.0,-0.36232779338646326,-0.45873254462744373,0.0,0.0,-0.9035942487162218,0.0,-0.5055168449535907
1.9095477386934674,-0.39938593343613604,-2.0629785735803985,-1.699771102148251,0.0,-3.399542204018946,1.6899537625264527,-0.046987229690431676,0.0,3.399542204282624,1.699771102148251,0.0,0.0,-0.06942583204161412,-0.616594444877161,0.0,0.0,0.0,0.0,-0.3510180526244966,-0.45283038712859436,0.0,0.0,-0.8981866654773907,0.0,-0.5147821103695938
2.0100502512562817,-0.38147248171416237,-1.9845035798549127,-1.6209596630512024,0.0,-3.241919326102405,1.664265903922324,-0.11315145573287388,0.0,3.2419193262689383,1.6209596632177359,0.0,0.0,-0.0789140059825888,-0.6315151033636779,0.0,0.0,0.0,0.0,-0.33914886389888044,-0.44739790262121604,0.0,0.0,-0.8917499612348667,0.0,-0.523266064623995
2.1105527638190957,-0.34754479849574693,-1.9130437182157678,-1.5400649909791397,0.0,-3.0801299819582795,1.6285193471798909,-0.172899145972627,0.0,3.0801299820693018,1.5400649909513842,0.0,0.0,-0.089100730460423,-0.6466457127402014,0.0,0.0,0.0,0.0,-0.32678611337766394,-0.4424540176947711,0.0,0.0,-0.8843310956435646,0.0,-0.5309778083814609
2.21105527638191,-0.2999843046191941,-1.8508461183674996,-1.4610057915143138,0.0,-2.922011582806583,1.5845743162601345,-0.22485946199468643,0.0,2.92201158313965,1.4610057915143138,0.0,0.0,-0.09996088695674032,-0.6619447811412327,0.0,0.0,0.0,0.0,-0.31399695298028885,-0.43801510578658776,0.0,0.0,-0.8759808471717201,0.0,-0.5379266283245254
2.311557788944724,-0.24153896382994589,-1.7994172732960223,-1.3867773109854653,0.0,-2.7735546219154195,1.534465245034422,-0.26819305271041927,0.0,2.7735546220264418,1.3867773109854653,0.0,0.0,-0.1114636680871195,-0.6773673705412486,0.0,0.0,0.0,0.0,-0.30084978563590936,-0.43409529755858434,0.0,0.0,-0.8667534880310579,0.0,-0.5441218585908181
2.412060301507538,-0.17507009691941633,-1.7596659455665353,-1.3194813352213064,0.0,-2.638962670442613,1.4802294927007686,-0.3024710402699249,0.0,2.638962670498124,1.3194813351935508,0.0,0.0,-0.12357309429888996,-0.6928653237536775,0.0,0.0,0.0,0.0,-0.28741420267028306,-0.43070677052149675,0.0,0.0,-0.85670643212854,0.0,-0.5495727558799124
2.512562814070352,-0.10335686936868704,-1.7320577247181834,-1.2604616855399486,0.0,-2.5209233713158197,1.4237827659080438,-0.3275532439173112,0.0,2.5209233712741863,1.260461685581582,0.0,0.0,-0.136248547416562,-0.7083875318697475,0.0,0.0,0.0,0.0,-0.2737608734357244,-0.4278600155577933,0.0,0.0,-0.8458998578333987,0.0,-0.5542883897216577
2.613065326633166,-0.028964534288383748,-1.7167551203157994,-1.2104833776449553,0.0,-2.420966755067866,1.3668420967283268,-0.34348241234605226,0.0,2.4209667551788883,1.2104833774784218,0.0,0.0,-0.14944531971650132,-0.7238802411935197,0.0,0.0,0.0,0.0,-0.2599613863792094,-0.42556407848712285,0.0,0.0,-0.8343963078527583,0.0,-0.5582775490509118
2.71356783919598,0.04582932520286187,-1.7137301877162558,-1.1699128762698852,0.0,-2.3398257526438537,1.310889715333552,-0.3504017037081475,0.0,2.339825752817326,1.1699128763531519,0.0,0.0,-0.16311517249401053,-0.73928739700857,0.0,0.0,0.0,0.0,-0.24608804476394103,-0.42382677550509285,0.0,0.0,-0.822260269241204,0.0,-0.5615486662613467
2.814070351758794,0.11906179621379298,-1.7228455315432267,-1.1388763202918595,0.0,-2.2777526406947413,1.2571682561079989,-0.348496612845306,0.0,2.277752640722497,1.1388763203612484,0.0,0.0,-0.1772069034011725,-0.7545510217477069,0.0,0.0,0.0,0.0,-0.23221361916681005,-0.4226548816739853,0.0,0.0,-0.8095577374439555,0.0,-0.5641097591962962
2.9145728643216082,0.18907838092441231,-1.7439050107037612,-1.1173868755820493,0.0,-2.234773750942054,1.2066970185298231,-0.33795910581169153,0.0,2.2347737511085874,1.1173868755820493,0.0,0.0,-0.19166691495042798,-0.7696116228889105,0.0,0.0,0.0,0.0,-0.21841106104801036,-0.4220542920234903,0.0,0.0,-0.7963557690088274,0.0,-0.5659683919162495
3.0150753768844223,0.2545044670010377,-1.7766778062089372,-1.1054420830380884,0.0,-2.210884166520266,1.1603013602701218,-0.3189705232720108,0.0,2.2108841666867995,1.1054420833156442,0.0,0.0,-0.20643978136669627,-0.7844086262337457,0.0,0.0,0.0,0.0,-0.204753183051477,-0.42203015514783243,0.0,0.0,-0.7827220278727731,0.0,-0.5671316541111526
3.1155778894472363,0.3142042529491462,-1.8208994914670207,-1.103095342847027,0.0,-2.206190685749565,1.1186486020831055,-0.2917001957758458,0.0,2.2061906858605873,1.103095342847027,0.0,0.0,-0.22146880818141312,-0.7988808287812121,0.0,0.0,0.0,0.0,-0.19131231065224602,-0.4225869793756179,0.0,0.0,-0.7687243312459735,0.0,-0.5676061600179416
3.2160804020100504,0.36723370488989104,-1.8762533517957536,-1.1105072743600175,0.0,-2.2210145488865685,1.082286226583573,-0.2563173207015268,0.0,2.2210145489420796,1.110507274526551,0.0,0.0,-0.2366965771993801,-0.8129668653683586,0.0,0.0,0.0,0.0,-0.1781599127080591,-0.4237287118081731,0.0,0.0,-0.7544302008666293,0.0,-0.5673980662396216
3.3165829145728645,0.41279227286361575,-1.942334083904207,-1.1279816588549707,0.0,-2.2559633176544303,1.051679560881702,-0.21301467245660177,0.0,2.2559633177099414,1.1279816588549707,0.0,0.0,-0.25206547360490106,-0.8266056829159263,0.0,0.0,0.0,0.0,-0.16536621661941697,-0.4254587906635243,0.0,0.0,-0.7399064259200339,0.0,-0.5665131088267161
3.4170854271356785,0.45017630057042624,-2.0185952123163986,-1.1559890374934767,0.0,-2.311978074875931,1.0272473871530963,-0.16204352248916365,0.0,2.311978075014709,1.1559890375212323,0.0,0.0,-0.2675181872274779,-0.8397370157564588,0.0,0.0,0.0,0.0,-0.152999815129784,-0.42778017148893677,0.0,0.0,-0.7252186435963148,0.0,-0.5649566593574074
3.5175879396984926,0.4787363693248281,-2.104281106141137,-1.1951784830710466,0.0,-2.390356965698004,1.0093944178973802,-0.1037596907838001,0.0,2.390356965878415,1.1951784828906353,0.0,0.0,-0.2829981840951623,-0.8523018561468199,0.0,0.0,0.0,0.0,-0.14112727162243766,-0.43069532796452537,0.0,0.0,-0.7104309436151146,0.0,-0.5627337997665682
3.6180904522613067,0.49784011202369527,-2.1983446700790665,-1.246375297303537,0.0,-2.4927505948291184,0.9985400056047866,-0.03868079083424458,0.0,2.492750594933202,1.2463752974145592,0.0,0.0,-0.29845014177382057,-0.8642429136784813,0.0,0.0,0.0,0.0,-0.12981272987447334,-0.4342062280664194,0.0,0.0,-0.6956055017687257,0.0,-0.5598494154518407
3.7185929648241207,0.5068425410481581,-2.2993528772108363,-1.3105585585648782,0.0,-2.6211171174628234,0.9951420760385965,0.03244574584351789,0.0,2.621117117754257,1.3105585588250868,0.0,0.0,-0.3138203452449084,-0.8755050586797819,0.0,0.0,0.0,0.0,-0.11911753420440485,-0.4383142865431455,0.0,0.0,-0.6808022476462172,0.0,-0.556308306323694
3.819095477386935,0.505066601985682,-2.4053847325067323,-1.3888081131785412,0.0,-2.7776162266901494,0.9997147227686076,0.10856566216854713,0.0,2.777616226773416,1.388808113386708,0.0,0.0,-0.3290570390820924,-0.8860357443851719,0.0,0.0,0.0,0.0,-0.10909986547860684,-0.44302029471310345,0.0,0.0,-0.6660785707296446,0.0,-0.5521153151194502
3.919597989949749,0.4917981931695792,-2.5139301873533526,-1.4822053847618477,0.0,-2.9644107696347177,1.0128367282646877,0.18823616035335,0.0,2.9644107696347177,1.4822053848173589,0.0,0.0,-0.34411073294993155,-0.8957854040272939,0.0,0.0,0.0,0.0,-0.09981439686931881,-0.44832432889371776,0.0,0.0,-0.6514890679432117,0.0,-0.5472754719820783
4.020100502512563,0.46630182226614636,-2.621804459090882,-1.5916674513949403,0.0,-3.183334902678858,1.0351467045754958,0.26954780651955446,0.0,3.1833349028453917,1.5916674513949403,0.0,0.0,-0.3589344580584575,-0.904707819340822,0.0,0.0,0.0,0.0,-0.09131197401673896,-0.45422563868871557,0.0,0.0,-0.6370853352921646,0.0,-0.5417941546376204
4.120603015075377,0.42786522624904677,-2.7250994305560994,-1.7176909894445203,0.0,-3.4353819793331297,1.0673186562892845,0.3500636914788302,0.0,3.4353819793331297,1.7176909896110537,0.0,0.0,-0.3734839748095742,-0.912760457993933,0.0,0.0,0.0,0.0,-0.08363932160054821,-0.460722516838763,0.0,0.0,-0.6229158047155181,0.0,-0.5356772627140849
4.2211055276381915,0.3758842257450823,-2.819205552784254,-1.8599874331837185,0.0,-3.719974865923348,1.1100091109050858,0.4267985072581304,0.0,3.7199748662564147,1.8599874330726962,0.0,0.0,-0.3877179304903611,-0.9199047779698266,0.0,0.0,0.0,0.0,-0.07683877924907767,-0.4678121524881451,0.0,0.0,-0.6090256267216043,0.0,-0.5289314047030036
4.3216080402010055,0.309996201597329,-2.8989373269672214,-2.017007001864357,0.0,-4.03401400350667,1.163767940681737,0.49626197695662455,0.0,4.03401400350667,2.0170070016423125,0.0,0.0,-0.4015979677765569,-0.9261064981280764,0.0,0.0,0.0,0.0,-0.07094806767082851,-0.47549046967160224,0.0,0.0,-0.595456597959898,0.0,-0.5215640960926082
4.42211055276382,0.23027069945280587,-2.9588069483943436,-2.1853913815261805,0.0,-4.370782763329917,1.228903810157611,0.5546018716495738,0.0,4.370782763274406,2.185391381637203,0.0,0.0,-0.4150887874740383,-0.9313358337592614,0.0,0.0,0.0,0.0,-0.06600008629203957,-0.48375195368932644,0.0,0.0,-0.5822471325633849,0.0,-0.5135839663272801
4.522613065326634,0.13745031257617057,-2.9934692540312113,-2.359461020784437,0.0,-4.718922041346829,1.3053045615496472,0.5978710519993768,0.0,4.718922041346829,2.3594610206734146,0.0,0.0,-0.4281581654497213,-0.9355676976220695,0.0,0.0,0.0,0.0,-0.06202274267091967,-0.49258946785424307,0.0,0.0,-0.5694322747912262,0.0,-0.50500097241446
4.623115577889448,0.03321558231239585,-2.9983326068211413,-2.5309298967574057,0.0,-5.061859793292767,1.3922259067822296,0.6224269910592994,0.0,5.0618597932095,2.530929896660261,0.0,0.0,-0.4407769300437264,-0.9387818663761371,0.0,0.0,0.0,0.0,-0.05903881346996931,-0.501994063616118,0.0,0.0,-0.5570437498422787,0.0,-0.49582661625080515
4.723618090452262,-0.0795820083443477,-2.970272716035227,-2.6891064510981,0.0,-5.378212902640289,1.488083652301242,0.6254339837141742,0.0,5.378212902251711,2.6891064510703444,0.0,0.0,-0.4529189005456763,-0.9409631131548218,0.0,0.0,0.0,0.0,-0.05706583714598645,-0.5119547873411179,0.0,0.0,-0.5451100498002348,0.0,-0.4860741629822418
4.824120603015076,-0.19680638707608722,-2.9083145089425777,-2.8218189946360717,0.0,-5.643637989272143,1.5903108003811894,0.6053853462972825,0.0,5.643637989383166,2.821818994691583,0.0,0.0,-0.46456079392164995,-0.9421013064626547,0.0,0.0,0.0,0.0,-0.056116037462639046,-0.5224584874036209,0.0,0.0,-0.5336565500405066,0.0,-0.47575885653294847
4.92462311557789,-0.3131360009067663,-2.8140982707425266,-2.917122777335024,0.0,-5.834245555003115,1.6953522110618735,0.5625193346681101,0.0,5.834245555003115,2.917122777335024,0.0,0.0,-0.475682101966704,-0.9421914764482822,0.0,0.0,0.0,0.0,-0.056196278061526606,-0.533489625469119,0.0,0.0,-0.5227056525530793,0.0,-0.4648981290281129
5.025125628140704,-0.42244336750929534,-2.6919449662710093,-2.9655118702898164,0.0,-5.931023740579633,1.798860017165893,0.4989867397053871,0.0,5.931023740579633,2.9655118702898164,0.0,0.0,-0.48626494470599413,-0.9412338486461391,0.0,0.0,0.0,0.0,-0.0573080472451859,-0.5450300960621601,0.0,0.0,-0.512276951178392,0.0,-0.4535117998499816
5.125628140703518,-0.5184415712289336,-2.5484265074871004,-2.9620051809065018,0.0,-5.924010361701981,1.8961016394758445,0.4186769050340544,0.0,5.924010361257892,2.962005180684457,0.0,0.0,-0.49629390459597633,-0.9392338455906091,0.0,0.0,0.0,0.0,-0.05944747363123559,-0.5570590589504265,0.0,0.0,-0.5023874146692364,0.0,-0.4416222602887654
5.226130653266332,-0.5954806450159111,-2.3915019790043957,-2.9073504347332246,0.0,-5.814700869577472,1.9825173159793152,0.3267114010441219,0.0,5.814700869577472,2.907350434844247,0.0,0.0,-0.5057558451065924,-0.9362020563612183,0.0,0.0,0.0,0.0,-0.06260537167845914,-0.5695527887095153,0.0,0.0,-0.49305158297818785,0.0,-0.429254639375265
5.326633165829146,-0.6493002097096578,-2.2294342173490023,-2.8078563915068244,0.0,-5.61571278356876,2.054298751219541,0.2287296893555002,0.0,5.615712783513249,2.807856391728869,0.0,0.0,-0.5146397198431407,-0.93215417389797,0.0,0.0,0.0,0.0,-0.06676731850729922,-0.5824845459162509,0.0,0.0,-0.48428177260029237,0.0,-0.41643694653759056
5.42713567839196,-0.6775408394332771,-2.0697721738738295,-2.673921069562546,0.0,-5.347842139458159,2.108840856968053,0.130160056399653,0.0,5.34784213926387,2.6739210697290794,0.0,0.0,-0.5229363745987148,-0.9271108998010202,0.0,0.0,0.0,0.0,-0.07191376168169672,-0.5958244748138775,0.0,0.0,-0.4760882868493077,0.0,-0.4032001866896562
5.527638190954774,-0.6799001688317929,-1.9186307956831072,-2.51784055715909,0.0,-5.035681114540225,2.144963787212295,0.03565182234155362,0.0,5.035681114276547,2.5178405571452123,0.0,0.0,-0.5306383474984466,-0.9210978161172667,0.0,0.0,0.0,0.0,-0.07802015883351388,-0.6095395313487906,0.0,0.0,-0.4684796275009062,0.0,-0.38957844365056227
5.628140703517588,-0.6579386223615202,-1.7803690989248722,-2.351660858934679,0.0,-4.7033217182024245,2.16288197264769,-0.05123508203808136,0.0,4.703321718174669,2.3516608590873345,0.0,0.0,-0.5377396695149805,-0.9141452237473868,0.0,0.0,0.0,0.0,-0.0850571498650643,-0.6235934457282655,0.0,0.0,-0.4614627041113484,0.0,-0.37560892789112454
5.728643216080402,-0.6146406797968851,-1.6576263502932065,-2.1856367631301055,0.0,-4.371273526260211,2.1639744235690817,-0.128086431155916,0.0,4.3712735260936775,2.185636763157861,0.0,0.0,-0.5442356701759743,-0.9062879470153606,0.0,0.0,0.0,0.0,-0.09299076139668294,-0.6379467231698577,0.0,0.0,-0.4550430382013748,0.0,-0.36133198525953314
5.8291457286432165,-0.5538754052070161,-1.5515949549627095,-2.0274915588647247,0.0,-4.054983117840472,2.1504486596990446,-0.1935050611967526,0.0,4.054983117840472,2.027491558920236,0.0,0.0,-0.550122789974572,-0.8975651043519051,0.0,0.0,0.0,0.0,-0.10178264495119826,-0.6525566855902776,0.0,0.0,-0.44922495936669526,0.0,-0.34679106375098967
5.9296482412060305,-0.47988324214376377,-1.462393256712602,-1.8823608843865358,0.0,-3.7647217691061385,2.1249898780051346,-0.24688823407892357,0.0,3.7647217690506274,1.8823608846085804,0.0,0.0,-0.5553984017969693,-0.8880198450814114,0.0,0.0,0.0,0.0,-0.11139034773732792,-0.6673775567317408,0.0,0.0,-0.4440117910183006,0.0,-0.3320326361321013
6.030150753768845,-0.39686595409982317,-1.389434688636726,-1.753163352102849,0.0,-3.50632670431672,2.0904579894898134,-0.28818636443883605,0.0,3.50632670431672,1.7531633522693824,0.0,0.0,-0.5600606453604051,-0.8776990532838314,0.0,0.0,0.0,0.0,-0.12176761578219786,-0.6823605920441844,0.0,0.0,-0.43940602370909354,0.0,-0.3171060770287837
6.130653266331659,-0.30870788197967514,-1.3317343092178469,-1.6411459453080646,0.0,-3.282291890616129,2.0496627348709495,-0.3176909656454896,0.0,3.282291890616129,1.6411459453635757,0.0,0.0,-0.5641082736415615,-0.8666530196821398,0.0,0.0,0.0,0.0,-0.1328647282472506,-0.6974542539200934,0.0,0.0,-0.43540947428782895,0.0,-0.302063494009297
6.231155778894473,-0.21882032288922382,-1.2881334316983128,-1.5464302328127566,0.0,-3.0928604655422465,2.0052199924958103,-0.335871979673108,0.0,3.0928604654034686,1.5464302326462231,0.0,0.0,-0.5675405155836089,-0.8549350836370428,0.0,0.0,0.0,0.0,-0.1446288613871083,-0.7126044319211156,0.0,0.0,-0.4320234294405423,0.0,-0.2869595131117092
6.331658291457287,-0.1300833862016848,-1.2574461615427746,-1.4684699313899374,0.0,-2.9369398628770194,1.95947743331093,-0.3432671729086678,0.0,2.936939862974164,1.468469931542593,0.0,0.0,-0.5703569542214737,-0.842601247844077,0.0,0.0,0.0,0.0,-0.15700447883459923,-0.7277547064005185,0.0,0.0,-0.4292487724572025,0.0,-0.27185102033019937
6.432160804020101,-0.044855467305759955,-1.238542744787241,-1.4063932962729564,0.0,-2.8127865925528517,1.9144920606617433,-0.34041669949580466,0.0,2.812786592532035,1.4063932962660175,0.0,0.0,-0.5725574225567964,-0.8297097692372413,0.0,0.0,0.0,0.0,-0.16993374558904595,-0.742846653342677,0.0,0.0,-0.4270860922608172,0.0,-0.25679686152871306
6.532663316582915,0.034976281572396406,-1.2303862239743113,-1.3592378787369297,0.0,-2.7184757574738594,1.872042385109296,-0.32783340486730594,0.0,2.718475757501615,1.3592378787508075,0.0,0.0,-0.5741419170368633,-0.8163207302624986,0.0,0.0,0.0,0.0,-0.18335696079507802,-0.7578201867974865,0.0,0.0,-0.4255357739756105,0.0,-0.24185750427223318
6.633165829145729,0.10792449747776267,-1.232036578327489,-1.3260991162528102,0.0,-2.652198232602765,1.8336613715197458,-0.3060001415589042,0.0,2.652198232477865,1.3260991162944435,0.0,0.0,-0.5751105299628412,-0.8024955953506163,0.0,0.0,0.0,0.0,-0.19721300506536643,-0.7726139345798355,0.0,0.0,-0.42459807046268255,0.0,-0.22709466584742294
6.733668341708543,0.17282332126500322,-1.2426331378601052,-1.306215699159452,0.0,-2.612431398457682,1.8006795658442876,-0.27538711744323763,0.0,2.612431398374415,1.306215699159452,0.0,0.0,-0.5754634006677195,-0.7882967581751554,0.0,0.0,0.0,0.0,-0.21143979690718684,-0.7871656425018081,0.0,0.0,-0.42427315441962365,0.0,-0.21257091263332129
6.834170854271357,0.22875211036499365,-1.2613625256785443,-1.2990105745791514,0.0,-2.598021149269325,1.7742711794221933,-0.2364844923774534,0.0,2.598021149269325,1.299010574662418,0.0,0.0,-0.5752006867615345,-0.7737870858087748,0.0,0.0,0.0,0.0,-0.22597475173025128,-0.8014126009758815,0.0,0.0,-0.4245611507657822,0.0,-0.1983492366134515
6.934673366834171,0.27496595822462666,-1.2874164420639822,-1.304100570864719,0.0,-2.608201141673927,1.755498657107779,-0.1898473996897465,0.0,2.608201141729438,1.304100570864719,0.0,0.0,-0.5743225539589503,-0.7590294658077479,0.0,0.0,0.0,0.0,-0.24075523728794845,-0.815292088118813,0.0,0.0,-0.4254621491766447,0.0,-0.18449261501678194
7.035175879396985,0.3108365204118613,-1.319942448729794,-1.321281698551946,0.0,-2.642563397159403,1.7453517646703887,-0.13615102370523324,0.0,2.6425633970761364,1.3212816985241904,0.0,0.0,-0.5728291860435109,-0.7440863629831762,0.0,0.0,0.0,0.0,-0.255719019834344,-0.8287418230834565,0.0,0.0,-0.4269761967254371,0.0,-0.17106355972885956
7.135678391959799,0.3358050566504289,-1.3579899358906466,-1.350492041529705,0.0,-2.70098408305941,1.74477828723818,-0.07625372279440601,0.0,2.70098408293451,1.3504920415019495,0.0,0.0,-0.5707208148297838,-0.729019392187169,0.0,0.0,0.0,0.0,-0.27080469333640167,-0.8417004226241032,0.0,0.0,-0.4291032706885828,0.0,-0.15812366290120228
7.236180904522613,0.34934975656764067,-1.4004537092771052,-1.3917494587900592,0.0,-2.7834989179686964,1.7547028885716438,-0.011265375989694126,0.0,2.783498917966962,1.3917494589843482,0.0,0.0,-0.5679977684996951,-0.7138889133589954,0.0,0.0,0.0,0.0,-0.2859520868148113,-0.8541078551083103,0.0,0.0,-0.43184323172441863,0.0,-0.14573314511233393
7.336683417085427,0.3509701514414765,-1.4460188919596106,-1.4450576897862,0.0,-2.8901153795724,1.77602965349688,0.05738383662690083,0.0,2.8901153794475,1.4450576898000778,0.0,0.0,-0.5646605400894122,-0.6987536544239559,0.0,0.0,0.0,0.0,-0.30110264341576265,-0.8659058856816393,0.0,0.0,-0.435195757701734,0.0,-0.13395041216154868
7.437185929648241,0.34019254874229077,-1.4931128879958067,-1.5102720491433352,0.0,-3.0205440983421816,1.809622377918485,0.1278818928529546,0.0,3.020544098064626,1.5102720491710908,0.0,0.0,-0.5607098742532735,-0.6836703674018008,0.0,0.0,0.0,0.0,-0.3161997655376503,-0.8770385068745945,0.0,0.0,-0.4391602586410748,0.0,-0.12283162607526488
7.5376884422110555,0.31660188759552454,-1.5398733256288821,-1.5869163396686758,0.0,-3.1738326791708182,1.8562549463640998,0.19799256439911872,0.0,3.173832679004285,1.5869163395576535,0.0,0.0,-0.5561468719716967,-0.6686935218880308,0.0,0.0,0.0,0.0,-0.3311891234522579,-0.8874523500929099,0.0,0.0,-0.4437357733269587,0.0,-0.1124302952473788
7.63819095477387,0.2799060381808438,-1.5841439652275469,-1.6739477026184169,0.0,-3.347895405403367,1.916523439393636,0.26504836847518476,0.0,3.3478954054588783,1.6739477026184169,0.0,0.0,-0.5509731130365347,-0.6538750396273274,0.0,0.0,0.0,0.0,-0.34601892179991767,-0.8970970734323291,0.0,0.0,-0.44892084839071034,0.0,-0.10279688804695764
7.738693467336684,0.23003808669042058,-1.6235136874320766,-1.7694795145795084,0.0,-3.5389590290479944,1.990712428012742,0.32599910826380807,0.0,3.538959029214528,1.7694795145239972,0.0,0.0,-0.5451907948428314,-0.6392640725244592,0.0,0.0,0.0,0.0,-0.36064012312597704,-0.905925722341494,0.0,0.0,-0.45471340081107425,0.0,-0.09397847336098386
7.839195979899498,0.16729823781869158,-1.655414120838028,-1.8704965835947274,0.0,-3.7409931673282326,2.078613038136723,0.3775370035485892,0.0,3.7409931674670105,1.870496583622483,0.0,0.0,-0.538802886418388,-0.6249068257302426,0.0,0.0,0.0,0.0,-0.3750066256552609,-0.9138950606696339,0.0,0.0,-0.4611105650156877,0.0,-0.08601839077831963
7.939698492462312,0.09252858074182413,-1.6772874218001776,-1.972631589436391,0.0,-3.945263178747882,2.1793012550119784,0.41631420899523874,0.0,3.945263178817271,1.9726315894086355,0.0,0.0,-0.5318132961507072,-0.6108464263715474,0.0,0.0,0.0,0.0,-0.3890753958873949,-0.9209658697953427,0.0,0.0,-0.4681085260596629,0.0,-0.07895595246359965
8.040201005025127,0.007299643516381349,-1.6868243051457177,-2.07010886482846,0.0,-4.140217729951823,2.2909033577933613,0.4392536632202848,0.0,4.140217729764473,2.0701088648822363,0.0,0.0,-0.5242270520455783,-0.5971228373008453,0.0,0.0,0.0,0.0,-0.40280655544747135,-0.9271032147678548,0.0,0.0,-0.4757023406506966,0.0,-0.07282617797005342
8.14070351758794,-0.08593124858902179,-1.6822522023590691,-2.1559806435700324,0.0,-4.3119612874176205,2.410399548846698,0.4439278992185436,0.0,4.311961287251087,2.155980643792077,0.0,0.0,-0.5160504914225594,-0.583772814699568,0.0,0.0,0.0,0.0,-0.4161634246935275,-0.9322766767010104,0.0,0.0,-0.4838857479635972,0.0,-0.06765956269555451
8.241206030150755,-0.18374615390337468,-1.6626284779497347,-2.222751207814344,0.0,-4.445502415656444,2.5335377770163703,0.428947671937685,0.0,4.445502415406644,2.222751207758833,0.0,0.0,-0.50729145863182,-0.5708299074119738,0.0,0.0,0.0,0.0,-0.42911252398636357,-0.9364605512360291,0.0,0.0,-0.49265097278039516,0.0,-0.06348188021088053
8.341708542713569,-0.28183886985333473,-1.6280722750505738,-2.263383627465476,0.0,-4.526767254875441,2.654936183565937,0.3942739780216087,0.0,4.526767255041975,2.263383627409965,0.0,0.0,-0.49795950791964305,-0.5583244947066079,0.0,0.0,0.0,0.0,-0.4416235367416671,-0.9396340131685027,0.0,0.0,-0.5019885235199584,0.0,-0.06031401825895566
8.442211055276383,-0.37527530361014527,-1.5798626021301665,-2.2725187217575993,0.0,-4.545037443681732,2.768426873966945,0.3413588010037216,0.0,4.545037443515199,2.2725187217575993,0.0,0.0,-0.4880661075498671,-0.5462838597244946,0.0,0.0,0.0,0.0,-0.4536692363062145,-0.9417812478155346,0.0,0.0,-0.5118869884357391,0.0,-0.058171848192623
8.542713567839197,-0.45893786404516135,-1.5203531131824377,-2.247580779490832,0.0,-4.495161559092686,2.8676343382105784,0.2730487861368758,0.0,4.495161558981664,2.247580779490832,0.0,0.0,-0.47762484320368337,-0.5347322939650012,0.0,0.0,0.0,0.0,-0.46522538240528766,-0.9428915492266758,0.0,0.0,-0.5223328331249721,0.0,-0.0570661271223627
8.643216080402011,-0.5280839766585999,-1.4527036859002251,-2.1893968706887534,0.0,-4.378793741266485,2.946697335137749,0.19324995559344416,0.0,4.378793741266485,2.1893968706332423,0.0,0.0,-0.4666516154328004,-0.523691229194212,0.0,0.0,0.0,0.0,-0.47627058958254687,-0.9429593861940561,0.0,0.0,-0.5333102033391879,0.0,-0.05700243255885029
8.743718592964825,-0.5788994597022423,-1.3804855041321673,-2.1020887233103025,0.0,-4.204177446620605,3.000979610284782,0.10642511102942898,0.0,4.204177446648361,2.102088723338058,0.0,0.0,-0.45516482814755843,-0.5131793920226668,0.0,0.0,0.0,0.0,-0.48678617308849786,-0.9419844361150537,0.0,0.0,-0.5448007369193708,0.0,-0.05798112896748808
8.84422110552764,-0.6089165469624902,-1.3072549661652388,-1.9922605557498585,0.0,-3.9845211113886947,3.0276014490460135,0.017046237206497228,0.0,3.9845211113540002,1.9922605556804696,0.0,0.0,-0.44318556396971687,-0.5032129769336202,0.0,0.0,0.0,0.0,-0.49675597625122025,-0.9399715870262587,0.0,0.0,-0.5567833892272667,0.0,-0.05999736618633733
8.944723618090453,-0.6172047452013274,-1.2361940008309702,-1.8677640264419537,0.0,-3.735528052772885,3.025674517709298,-0.07087196021715592,0.0,3.735528052911663,1.8677640264419537,0.0,0.0,-0.4307377411486013,-0.49380583327235383,0.0,0.0,0.0,0.0,-0.5061661841436471,-0.9369309078334498,0.0,0.0,-0.5692342762569913,0.0,-0.06304110955479558
9.045226130653267,-0.604316437002872,-1.169879547568975,-1.7364326474478275,0.0,-3.472865294784633,2.9962178403342143,-0.15407524145416573,0.0,3.472865294784633,1.7364326473923164,0.0,0.0,-0.4178482484393231,-0.4849696619083077,0.0,0.0,0.0,0.0,-0.5150051266972211,-0.9328775865125039,0.0,0.0,-0.5821265401245723,0.0,-0.06709720207220826
9.145728643216081,-0.5720337830084077,-1.1101984040418067,-1.605107333657596,0.0,-3.210214667259681,2.941817007384717,-0.2301875396959474,0.0,3.21021466720417,1.605107333602085,0.0,0.0,-0.40454705369646904,-0.4767142176981265,0.0,0.0,0.0,0.0,-0.5232630771422053,-0.927831835979831,0.0,0.0,-0.5954302411126378,0.0,-0.07214545882927581
9.246231155778895,-0.5230068683137468,-1.0583815268083718,-1.4790995222502268,0.0,-2.9581990445004536,2.8661440060195886,-0.297675144311782,0.0,2.958199044611476,1.4790995221947156,0.0,0.0,-0.39086728088888467,-0.4690475137458794,0.0,0.0,0.0,0.0,-0.5309320476806767,-0.9218187670967382,0.0,0.0,-0.6091122805584881,0.0,-0.07816079430900125
9.34673366834171,-0.4603715132445174,-1.0151133691405079,-1.362065927046352,0.0,-2.724131854037193,2.773453262938652,-0.35571367129616505,0.0,2.7241318539816817,1.3620659269353297,0.0,0.0,-0.376845252704483,-0.46197602431713447,0.0,0.0,0.0,0.0,-0.5380055869905198,-0.9148682283480203,0.0,0.0,-0.6231363586378658,0.0,-0.08511338293881732
9.447236180904524,-0.38741352931248585,-0.9806716698701479,-1.2561714407000046,0.0,-2.512342881288987,2.66814075100541,-0.4040147362216473,0.0,2.5123428814000093,1.2561714407555158,0.0,0.0,-0.36252049479684745,-0.45550488295131863,0.0,0.0,0.0,0.0,-0.5444785821789866,-0.9070146118062006,0.0,0.0,-0.6374629704097856,0.0,-0.09296885335186023
9.547738693467338,-0.3073136566889012,-0.9550647760980802,-1.162397183118724,0.0,-2.3247943660986703,2.554410615029923,-0.4426545474611743,0.0,2.324794366126426,1.1623971831742352,0.0,0.0,-0.34793569853378004,-0.44963807333681105,0.0,0.0,0.0,0.0,-0.5503470684106726,-0.8982966251541713,0.0,0.0,-0.6520494433004398,0.0,-0.10168851662106793
9.648241206030152,-0.22298037716250718,-0.9381479886827471,-1.0808810426699011,0.0,-2.161762085173269,2.4360583223970167,-0.4719282995502283,0.0,2.1617620851177577,1.0808810425588788,0.0,0.0,-0.3331366402910263,-0.44437861028770453,0.0,0.0,0.0,0.0,-0.5556080478127945,-0.8887570299848102,0.0,0.0,-0.6668500177747783,0.0,-0.11122962809140269
9.748743718592966,-0.13696010556230043,-0.9297122571944039,-1.0112231762227086,0.0,-2.0224463524454173,2.316356293552424,-0.49223910036921836,0.0,2.022446352389906,1.011223176194953,0.0,0.0,-0.31817205575421226,-0.43972870884811943,0.0,0.0,0.0,0.0,-0.5602593205270012,-0.8784423468910507,0.0,0.0,-0.6818159736382556,0.0,-0.12154568251876441
9.84924623115578,-0.051407044975027016,-0.9295456511876354,-0.9527277763793363,0.0,-1.9054555527656114,2.198018402621571,-0.5040209460904777,0.0,1.905455552786428,0.9527277763377029,0.0,0.0,-0.3030934684761233,-0.43568993976506043,0.0,0.0,0.0,0.0,-0.5642993298610177,-0.8674025286717346,0.0,0.0,-0.6968958011777104,0.0,-0.13258674093352685
9.949748743718594,0.03190626696528143,-0.9374718869976928,-0.9045779168111168,0.0,-1.8091558336916225,2.0832181681917916,-0.5076903173417691,0.0,1.809155833587539,0.9045779167937695,0.0,0.0,-0.2879549732964781,-0.43226336976856516,0.0,0.0,0.0,0.0,-0.5677270214776708,-0.8556906034851153,0.0,0.0,-0.7120354179879218,0.0,-0.1442997877298957
10.050251256281408,0.11155357541869915,-0.9533706250425267,-0.865952718420715,0.0,-1.7319054369802078,1.9736394510916355,-0.5036201968788845,0.0,1.7319054370634746,0.8659527185317373,0.0,0.0,-0.27281297614381583,-0.42944968553851326,0.0,0.0,0.0,0.0,-0.5705417200907448,-0.8433622905729132,0.0,0.0,-0.72717842949932,0.0,-0.15662911502511978
10.150753768844222,0.18640690152560424,-0.9771840124017661,-0.836100410128715,0.0,-1.672200820201919,1.870543343218678,-0.49213056607655403,0.0,1.6722008201464078,0.836100410128715,0.0,0.0,-0.2577258922335096,-0.42724930032593533,0.0,0.0,0.0,0.0,-0.5727430226754038,-0.8304755918925322,0.0,0.0,-0.7422664307366045,0.0,-0.1695167310827861
10.251256281407036,0.25558418290105855,-1.0089127295276334,-0.8143802866789063,0.0,-1.6287605734133237,1.7748401366368682,-0.47349084475456493,0.0,1.628760573524346,0.8143802866511507,0.0,0.0,-0.2427538065155957,-0.4256624424395228,0.0,0.0,0.0,0.0,-0.5743307102262785,-0.8170903640358773,0.0,0.0,-0.7572393461718896,0.0,-0.18290278860910725
10.35175879396985,0.31839766662100644,-1.0486035779966318,-0.8002841306864461,0.0,-1.6005682614839145,1.6871594443745863,-0.4479311517258111,0.0,1.6005682614839145,0.8002841307419573,0.0,0.0,-0.22795810005827102,-0.42468922505957407,0.0,0.0,0.0,0.0,-0.5753046778966819,-0.8032678749797517,0.0,0.0,-0.7720358029122965,0.0,-0.19672602799558625
10.452261306532664,0.3743060404404197,-1.0963296640520426,-0.7934447804336386,0.0,-1.5868895609782996,1.6079144573022397,-0.41566041292240286,0.0,1.5868895609782996,0.7934447804891498,0.0,0.0,-0.2134010483259433,-0.42432969687684985,0.0,0.0,0.0,0.0,-0.5756648846777512,-0.7890703514340514,0.0,0.0,-0.7865935332390661,0.0,-0.21092423013735484
10.552763819095478,0.42287161355902825,-1.1521633180855417,-0.7936369370575846,0.0,-1.5872738741151693,1.537358546022105,-0.3768903413803315,0.0,1.5872738741151693,0.7936369370575846,0.0,0.0,-0.1991453959381169,-0.42458387330187447,0.0,0.0,0.0,0.0,-0.5754113219652579,-0.7745605226233687,0.0,0.0,-0.8008497993233776,0.0,-0.2254346726515699
10.653266331658292,0.4637232070558994,-1.2161413645572772,-0.8007730609715935,0.0,-1.6015461218876759,1.475633436387458,-0.33186488956893356,0.0,1.601546121943187,0.8007730609715935,0.0,0.0,-0.18525391499730343,-0.4254517480496364,0.0,0.0,0.0,0.0,-0.5745440022908443,-0.7598011669135429,0.0,0.0,-0.8147418353171565,0.0,-0.24019458338964128
10.753768844221106,0.4965248996957605,-1.2882220564724989,-0.8148954763753657,0.0,-1.6297909526397092,1.4228089631473928,-0.2808950824717549,0.0,1.6297909526397092,0.8148954763198546,0.0,0.0,-0.17178895274361228,-0.42693328502693695,0.0,0.0,0.0,0.0,-0.5730629672601184,-0.7448546676808165,0.0,0.0,-0.8282072995746681,0.0,-0.2551415845819527
10.85427135678392,0.5209508164294441,-1.368232953269377,-0.836164178230625,0.0,-1.6723283567388059,1.3789145512088652,-0.22439919558636667,0.0,1.6723283566277836,0.8361641783138918,0.0,0.0,-0.15881197554072635,-0.4290283905916681,0.0,0.0,0.0,0.0,-0.5709683156551737,-0.7297825849322814,0.0,0.0,-0.8411847306766251,0.0,-0.2702141212868048
10.954773869346734,0.5366663867745203,-1.4558094721950354,-0.864838411163138,0.0,-1.7296768222707648,1.343962494904094,-0.1629478660059025,0.0,1.7296768222430092,0.8648384111076268,0.0,0.0,-0.14638311517621572,-0.4317368663096788,0.0,0.0,0.0,0.0,-0.5682602504941681,-0.7146452488532296,0.0,0.0,-0.8536140015946714,0.0,-0.28535186793327005
11.055276381909549,0.5433170945368104,-1.5503247821069266,-0.9012485405746062,0.0,-1.802497081371257,1.3179626919684884,-0.09731296639337028,0.0,1.8024970813296237,0.9012485407133841,0.0,0.0,-0.1345607235844759,-0.4350583425252741,0.0,0.0,0.0,0.0,-0.5649391455336827,-0.6995013810129347,0.0,0.0,-0.8654367645508088,0.0,-0.30049610705989993
11.155778894472363,0.5405264674740451,-1.6508134279558107,-0.9457532492707088,0.0,-1.8915064985414176,1.300927988379802,-0.02851775352669117,0.0,1.8915064984859065,0.9457532491909115,0.0,0.0,-0.12340094174972949,-0.4389921931385876,0.0,0.0,0.0,0.0,-0.5610056307558953,-0.6844077485856914,0.0,0.0,-0.8765968821863868,0.0,-0.31559007530185257
11.256281407035177,0.5279060391050194,-1.7558936716843832,-0.9986756717150769,0.0,-1.9973513430970868,1.2928686101143505,0.04211610891285966,0.0,1.997351343145659,0.998675671576299,0.0,0.0,-0.11295728780461034,-0.4435374321605512,0.0,0.0,0.0,0.0,-0.5564606954250317,-0.6694188556116698,0.0,0.0,-0.8870408397670948,0.0,-0.330579271949627
11.35678391959799,0.5050809941398171,-1.8636972408669905,-1.0602114068891666,0.0,-2.120422813667311,1.2937735324319855,0.1129316393178037,0.0,2.120422813722822,1.060211406861411,0.0,0.0,-0.10328026826128545,-0.4486925927714436,0.0,0.0,0.0,0.0,-0.5513058094208656,-0.6545866754470442,0.0,0.0,-0.8967181340177599,0.0,-0.3454117267626122
11.457286432160805,0.4717360170269913,-1.9718197626916734,-1.1303022541264696,0.0,-2.260604507919872,1.3035762314317356,0.18191974954229195,0.0,2.2606045079753834,1.1303022539876917,0.0,0.0,-0.09441701628518095,-0.45445558989956614,0.0,0.0,0.0,0.0,-0.5455430607259615,-0.6399604263601644,0.0,0.0,-0.9055816343264689,0.0,-0.3600382242549549
11.557788944723619,0.42768589636477117,-2.077310180981229,-1.2084736690232134,0.0,-2.4169473374913153,1.3221025049192647,0.24673558418619734,0.0,2.416947337630093,1.2084736688011688,0.0,0.0,-0.08641095957523381,-0.4608235673678185,0.0,0.0,0.0,0.0,-0.5391753079009298,-0.625586392175026,0.0,0.0,-0.9135879156796367,0.0,-0.37441248306596675
11.658291457286433,0.37297395866220384,-2.1767214413714875,-1.29364319673142,0.0,-2.5872863930187506,1.348999490780045,0.30476282569802393,0.0,2.5872863930187506,1.2936431964538642,0.0,0.0,-0.0793015198924385,-0.4677927311624863,0.0,0.0,0.0,0.0,-0.5322063472562588,-0.6115077886975628,0.0,0.0,-0.9206975585193677,0.0,-0.3884912897073045
11.758793969849247,0.30799730155184335,-2.2662453872945854,-1.3839230573742256,0.0,-2.7678461149149847,1.3836483593321347,0.35323978209156337,0.0,2.767846114748451,1.3839230574297368,0.0,0.0,-0.07312384560365093,-0.4753581704930454,0.0,0.0,0.0,0.0,-0.5246410916398547,-0.5977646750782162,0.0,0.0,-0.9268754165951687,0.0,-0.40223458706162285
11.859296482412061,0.23365013446241534,-2.341948845629993,-1.4764619609142215,0.0,-2.952923921717421,1.4250689344685874,0.3894549779337453,0.0,2.952923921772932,1.4764619608587104,0.0,0.0,-0.06790857786515003,-0.4835136686309749,0.0,0.0,0.0,0.0,-0.5164857596606787,-0.5843939092087247,0.0,0.0,-0.9320908504958925,0.0,-0.41560551910374555
11.959798994974875,0.15146520948583486,-2.4001121069205933,-1.5673936599736038,0.0,-3.134787319974963,1.4718324612972289,0.4110069921070547,0.0,3.1347873200027188,1.5673936599180927,0.0,0.0,-0.06368165079290167,-0.49225150598047884,0.0,0.0,0.0,0.0,-0.5077480726145556,-0.5714291447661557,0.0,0.0,-0.9363179278576439,0.0,-0.42857043381500093
12.06030150753769,0.06372036190360753,-2.4376448837792886,-1.6519707082413015,0.0,-3.303941416149536,1.5220071172272753,0.41610384621248997,0.0,3.3039414160662695,1.6519707080053792,0.0,0.0,-0.06046412531768297,-0.5015622579970791,0.0,0.0,0.0,0.0,-0.49843745648231463,-0.5589008672743367,0.0,0.0,-0.9395355891946705,0.0,-0.4410988472206695
12.160804020100503,-0.026533602932865552,-2.4525188354607153,-1.7249428034687986,0.0,-3.449885606611469,1.5731666883622708,0.40385243499363455,0.0,3.449885606632286,1.724942803316143,0.0,0.0,-0.05827205650649203,-0.5114345910800511,0.0,0.0,0.0,0.0,-0.48856524634266485,-0.5468364654148683,0.0,0.0,-0.9417277808849989,0.0,-0.4531633719974393
12.261306532663317,-0.11556386442235222,-2.444134469370418,-1.7811822456414994,0.0,-3.5623644916438213,1.6224872543824098,0.37447757622599553,0.0,3.5623644915050434,1.7811822456970106,0.0,0.0,-0.057116393968603685,-0.5218550597624327,0.0,0.0,0.0,0.0,-0.4781448888213635,-0.5352603341668427,0.0,0.0,-0.9428835546130242,0.0,-0.46473961440307576
12.361809045226131,-0.19919216559527442,-2.4135205026754036,-1.8164615920857052,0.0,-3.6329231838383436,1.6669446232797647,0.3294013083410263,0.0,3.6329231838383436,1.8164615918636606,0.0,0.0,-0.0570029141458428,-0.5328079089386706,0.0,0.0,0.0,0.0,-0.467192140148065,-0.5241940051886607,0.0,0.0,-0.9429971349404591,0.0,-0.47580604391108533
12.462311557788945,-0.273162925057413,-2.3632991761890487,-1.8281993555135934,0.0,-3.656398710805142,1.7035941631271534,0.27114567480168716,0.0,3.656398711082698,1.8281993554580822,0.0,0.0,-0.05793218547239798,-0.5442748851891555,0.0,0.0,0.0,0.0,-0.4557252548456625,-0.5136563002716699,0.0,0.0,-0.9420679545329297,0.0,-0.48634383975100504
12.56281407035176,-0.3335872874599133,-2.2974021051114235,-1.8159523179628323,0.0,-3.6319046362032203,1.7298864758430454,0.20306242781709116,0.0,3.6319046362032203,1.8159523180183434,0.0,0.0,-0.05989956460700219,-0.5562350612470235,0.0,0.0,0.0,0.0,-0.44376516101368724,-0.503663503348406,0.0,0.0,-0.940100657625953,0.0,-0.4963367189001616
12.663316582914574,-0.3773741983903456,-2.2205937959540734,-1.7814932993798216,0.0,-3.56298659909271,1.743952769917012,0.12894453249590043,0.0,3.562986599037199,1.781493299352066,0.0,0.0,-0.06289522495872557,-0.5686646781938309,0.0,0.0,0.0,0.0,-0.43133561845182244,-0.4942295467325053,0.0,0.0,-0.9371050716695806,0.0,-0.5057707498749842
12.763819095477388,-0.40255357564022987,-2.137913879596276,-1.7284505489656432,0.0,-3.4569010982643533,1.7447954095972662,0.0526073433704255,0.0,3.4569010982365977,1.7284505490350321,0.0,0.0,-0.06690421688881898,-0.5815370095751948,0.0,0.0,0.0,0.0,-0.41846335432221826,-0.4853662072812348,0.0,0.0,-0.9330961469947163,0.0,-0.5146341565884227
12.864321608040202,-0.40842729170931236,-2.0541610751823036,-1.661634864591477,0.0,-3.323269729182954,1.7323461595775136,-0.02247229442114973,0.0,3.323269729176015,1.6616348644318824,0.0,0.0,-0.07190656053923661,-0.5948222521756641,0.0,0.0,0.0,0.0,-0.4051781725203374,-0.47708330836587765,0.0,0.0,-0.9280938641394176,0.0,-0.5229171163231849
12.964824120603016,-0.3955325364457529,-1.9735122758213208,-1.5862649899722747,0.0,-3.1725299796114825,1.7073915579979282,-0.09339910908567894,0.0,3.1725299798057716,1.5862649899167636,0.0,0.0,-0.07787737132947115,-0.6084874472483959,0.0,0.0,0.0,0.0,-0.3915130324522176,-0.4693889240903193,0.0,0.0,-0.9221231083433867,0.0,-0.5306115556033553
13.06532663316583,-0.3654504199257502,-1.899316946996077,-1.5072919567482579,0.0,-3.0145839134965158,1.6713977816495973,-0.15796632005238287,0.0,3.0145839133854935,1.5072919566927467,0.0,0.0,-0.08478701865599625,-0.622496436605835,0.0,0.0,0.0,0.0,-0.37750409286746445,-0.4622895820594053,0.0,0.0,-0.9152135107687309,0.0,-0.5377109473791997
13.165829145728644,-0.3205227941949218,-1.8340547851547484,-1.4289436665593236,0.0,-2.8578873329521137,1.6262849215076258,-0.2146449714635068,0.0,2.857887333118647,1.4289436665593236,0.0,0.0,-0.09260131850208353,-0.6368098567632874,0.0,0.0,0.0,0.0,-0.363190717677514,-0.45579046170987625,0.0,0.0,-0.9073992559491262,0.0,-0.5442101127170473
13.266331658291458,-0.26354403487305333,-1.7794124784753507,-1.3545149022964331,0.0,-2.7090298043708216,1.5741988621531533,-0.2624940993456448,0.0,2.7090298045928662,1.354514902240922,0.0,0.0,-0.10128175970125497,-0.6513851743272792,0.0,0.0,0.0,0.0,-0.34861544082401275,-0.4498955853450559,0.0,0.0,-0.8987188554326897,0.0,-0.5501050297784804
13.366834170854272,-0.19748047055956341,-1.7364264726649203,-1.286358942781396,0.0,-2.5727178855350363,1.5173156534542542,-0.3010327719321637,0.0,2.5727178854517696,1.2863589428091515,0.0,0.0,-0.11078576438172671,-0.6661767648630246,0.0,0.0,0.0,0.0,-0.33382388708175226,-0.4446079995244767,0.0,0.0,-0.8892148875144779,0.0,-0.555392652396014
13.467336683417086,-0.1252483212837996,-1.7056459462455598,-1.2260080956699726,0.0,-2.4520161911179006,1.4576961628876006,-0.3301068040584276,0.0,2.452016191423212,1.2260080956005837,0.0,0.0,-0.12106698135672112,-0.6811360366842933,0.0,0.0,0.0,0.0,-0.31886464854635754,-0.43992994464003843,0.0,0.0,-0.8789337038669909,0.0,-0.5600707405628569
13.5678391959799,-0.04956009522216753,-1.6872849677371238,-1.1743536026467827,0.0,-2.3487072052866265,1.3971938305767928,-0.3497706640431808,0.0,2.348707205501732,1.174353602695355,0.0,0.0,-0.1320756111422572,-0.6962116002595664,0.0,0.0,0.0,0.0,-0.3037891150754757,-0.4358630108988737,0.0,0.0,-0.8679251041338043,0.0,-0.5641377043980045
13.668341708542714,0.02716484773929162,-1.681347465531946,-1.1318346963308523,0.0,-2.2636693924431297,1.3374090623297086,-0.360194002790859,0.0,2.2636693925437434,1.131834696188605,0.0,0.0,-0.14375876211669691,-0.7113494828320244,0.0,0.0,0.0,0.0,-0.2886512597000124,-0.43240827926963044,0.0,0.0,-0.8562419804084009,0.0,-0.5675924632450591
13.768844221105528,0.10283739780569956,-1.6877193627501397,-1.0986080766356432,0.0,-2.197216153174142,1.2796795514358195,-0.36159470201413413,0.0,2.1972161530769974,1.0986080765662543,0.0,0.0,-0.156060833006455,-0.726493386921101,0.0,0.0,0.0,0.0,-0.2735073802492133,-0.42956644609459804,0.0,0.0,-0.8439399341170217,0.0,-0.5704343210427565
13.869346733668342,0.17569748991808076,-1.7062286347679922,-1.0746861231758498,0.0,-2.149372246323944,1.2250953364545403,-0.354196202534407,0.0,2.149372246462722,1.0746861231480942,0.0,0.0,-0.16892392071254925,-0.7415849902769889,0.0,0.0,0.0,0.0,-0.25841579913074564,-0.42733793044306967,0.0,0.0,-0.8310768686708991,0.0,-0.5726628589525218
13.969849246231156,0.24428762873673904,-1.7366769993754083,-1.0600428917983962,0.0,-2.120085783763326,1.1745289124620584,-0.3382052884970399,0.0,2.1200857837078146,1.0600428919094185,0.0,0.0,-0.18228824735788685,-0.7565642839851838,0.0,0.0,0.0,0.0,-0.24343652558003748,-0.42572296338194704,0.0,0.0,-0.8177125621622316,0.0,-0.5742778461520492
14.07035175879397,0.307411577582517,-1.7788474400148857,-1.0546922739607112,0.0,-2.1093845479214224,1.1286730846604698,-0.3138065927665856,0.0,2.1093845479769335,1.0546922740162223,0.0,0.0,-0.19609260304420673,-0.7713699445022204,0.0,0.0,0.0,0.0,-0.2286308832749953,-0.4247216585616387,0.0,0.0,-0.8039082246696916,0.0,-0.5752791691765458
14.170854271356784,0.36408582920754995,-1.8324911508216246,-1.0587443860510248,0.0,-2.1174887719910274,1.0880815478064854,-0.28117089306833876,0.0,2.1174887721020497,1.0587443860510248,0.0,0.0,-0.21027479821245088,-0.7859397345433283,0.0,0.0,0.0,0.0,-0.2140611096991237,-0.4243340636957138,0.0,0.0,-0.7897260459743816,0.0,-0.5756667805223437
14.271356783919598,0.4134891515295003,-1.8972963280461386,-1.072445675598388,0.0,-2.144891351585354,1.0532089687598223,-0.24047535734927905,0.0,2.1448913516131096,1.0724456757371659,0.0,0.0,-0.22477211984728296,-0.8002109272570168,0.0,0.0,0.0,0.0,-0.1997899318553764,-0.4245601926034133,0.0,0.0,-0.7752287392304158,0.0,-0.5754406664920664
14.371859296482413,0.4549135105280655,-1.9728402972374326,-1.0962067833464317,0.0,-2.192413566581841,1.0244487876065467,-0.19193481121115852,0.0,2.19241356677613,1.0962067833464317,0.0,0.0,-0.2395217851003384,-0.8141207474277046,0.0,0.0,0.0,0.0,-0.18588012514527547,-0.4254000376402445,0.0,0.0,-0.7604790874943257,0.0,-0.5746008349405418
14.472361809045227,0.48771851168805114,-2.0585256355065695,-1.130619905920227,0.0,-2.261239811396365,1.0021677663701878,-0.13584388593168573,0.0,2.261239811521265,1.1306199057120603,0.0,0.0,-0.2544613859067901,-0.8276068234752687,0.0,0.0,0.0,0.0,-0.1723940613127667,-0.42685356244076544,0.0,0.0,-0.7455394988309383,0.0,-0.5731473223108408
14.57286432160804,0.5112908880722244,-2.153500838986133,-1.1764647406264928,0.0,-2.3529294812529855,0.9867367168625574,-0.07263025368631215,0.0,2.3529294814472745,1.1764647406681261,0.0,0.0,-0.2695293185167591,-0.8406076434930299,0.0,0.0,0.0,0.0,-0.159393252301826,-0.428920675034708,0.0,0.0,-0.730471577226055,0.0,-0.5710802207375965
14.673366834170855,0.5250105900023172,-2.256566675851168,-1.2346987495748252,0.0,-2.469397499038628,0.9785567783348118,-0.0029190028384869227,0.0,2.4693974991175582,1.2346987495089057,0.0,0.0,-0.2846651908014475,-0.8530630093706026,0.0,0.0,0.0,0.0,-0.14693789639717847,-0.43160118145396664,0.0,0.0,-0.7153357149125572,0.0,-0.5683997242877936
14.773869346733669,0.5282256269056873,-2.3660711592210504,-1.3064233734816355,0.0,-2.6128467470742933,0.9780801710074227,0.07239270233272421,0.0,2.6128467472408268,1.3064233736204134,0.0,0.0,-0.299810202546158,-0.8649144823819066,0.0,0.0,0.0,0.0,-0.13508643239429352,-0.4348947201388009,0.0,0.0,-0.7001907122161644,0.0,-0.5651061946165825
14.874371859296483,0.5202390306324745,-2.4797993101177696,-1.392812803535648,0.0,-2.785625606738229,0.9858234151505219,0.15205345663127368,0.0,2.7856256068214957,1.39281280339687,0.0,0.0,-0.31490749273499485,-0.876105815179884,0.0,0.0,0.0,0.0,-0.12389510771829149,-0.438800677526191,0.0,0.0,-0.6850934301805278,0.0,-0.5612002453719844
14.974874371859297,0.5003131469116795,-2.5948690671739882,-1.494986338834714,0.0,-2.989972677669428,1.0023696302152718,0.23437404084170055,0.0,2.989972677475139,1.4949863386959361,0.0,0.0,-0.32990245021902176,-0.8865833647717092,0.0,0.0,0.0,0.0,-0.11341756549904103,-0.44331808541492324,0.0,0.0,-0.670098480079484,0.0,-0.5566828448488881
15.075376884422111,0.4676987880314343,-2.7076520083824107,-1.6138006198040955,0.0,-3.22760124005228,1.0283546561518087,0.31715352583061573,0.0,3.2276012401077914,1.61380062002614,0.0,0.0,-0.3447429830980009,-0.8962964823458486,0.0,0.0,0.0,0.0,-0.1037044546244037,-0.44844550077874357,0.0,0.0,-0.655257953799393,0.0,-0.5515554361429365
15.175879396984925,0.42169916458778545,-2.81374666899481,-1.7495373042519802,0.0,-3.4990746086149827,1.0644296685735632,0.39763280074156526,0.0,3.4990746085594715,1.7495373043630025,0.0,0.0,-0.35937974539324014,-0.9051978763427448,0.0,0.0,0.0,0.0,-0.09480306664699789,-0.45418086901810595,0.0,0.0,-0.6406211975895637,0.0,-0.5458200739438812
15.27638190954774,0.36177991002972476,-2.9080415691051797,-1.9014710298526083,0.0,-3.8029420592611274,1.1111912869843366,0.472500809811649,0.0,3.802942059150105,1.9014710295750525,0.0,0.0,-0.3737663179098627,-0.9132439460560193,0.0,0.0,0.0,0.0,-0.08675700238075512,-0.46052137182145403,0.0,0.0,-0.6262346305269118,0.0,-0.539479576580626
15.376884422110553,0.2877349486452019,-2.98491093020381,-2.067330500898912,0.0,-4.134661001797824,1.1690702101940786,0.5379849760123179,0.0,4.134661002019868,2.067330500898912,0.0,0.0,-0.38785934451668336,-0.9203950835021124,0.0,0.0,0.0,0.0,-0.0796058698682156,-0.4674632609821816,0.0,0.0,-0.6121416088605836,0.0,-0.5325376923603908
15.477386934673367,0.19991044569733774,-3.0385819982381435,-2.2427209661612935,0.0,-4.485441932322587,1.2381733535127282,0.5900578279316449,0.0,4.4854419325446315,2.2427209661612935,0.0,0.0,-0.4016186224767293,-0.926615942486303,0.0,0.0,0.0,0.0,-0.07338501534920328,-0.47500167996844533,0.0,0.0,-0.5983823353483686,0.0,-0.5249992778427748
15.577889447236181,0.09947259765885619,-3.063690936250252,-2.420659868329622,0.0,-4.841319736215155,1.318084722590207,0.6247808438386571,0.0,4.841319736548222,2.4206598681075775,0.0,0.0,-0.41500714905232106,-0.9318756739283562,0.0,0.0,0.0,0.0,-0.06812528793864736,-0.4831304751470866,0.0,0.0,-0.5849938127522325,0.0,-0.5168704866748142
15.678391959798995,-0.011323858541828491,-3.055994133412815,-2.5914674509214253,0.0,-5.182934901624276,1.4076500762794097,0.6387755916437143,0.0,5.182934901704073,2.591467450741014,0.0,0.0,-0.42799112649066773,-0.9361481273194305,0.0,0.0,0.0,0.0,-0.06385283819743126,-0.49184199919782845,0.0,0.0,-0.5720098389533357,0.0,-0.5081589662808694
15.77889447236181,-0.12893862350038532,-3.0131364583962927,-2.7432922616865696,0.0,-5.486584523151095,1.5047925131517204,0.629767920035107,0.0,5.486584523262117,2.7432922615755473,0.0,0.0,-0.4405399274820532,-0.9394120182859567,0.0,0.0,0.0,0.0,-0.0605889505095325,-0.5011269091498294,0.0,0.0,-0.5594610413203749,0.0,-0.498874059631782
15.879396984924623,-0.24852253954765757,-2.93529872441578,-2.8634612054823094,0.0,-5.726922410687063,1.6064319044994946,0.5970915071262795,0.0,5.72692241052053,2.863461205260265,0.0,0.0,-0.45262602526088824,-0.9416510629335628,0.0,0.0,0.0,0.0,-0.058349908842181275,-0.5109739622741194,0.0,0.0,-0.5473749465287336,0.0,-0.48902700948427746
15.979899497487438,-0.3641567754009145,-2.825517560478552,-2.9405645244340306,0.0,-5.8811290489790835,1.7085794870030924,0.5420055868565754,0.0,5.8811290489790835,2.9405645243230083,0.0,0.0,-0.4642248921829344,-0.9428540789406873,0.0,0.0,0.0,0.0,-0.057146895507398376,-0.5213698131903421,0.0,0.0,-0.5357760822985447,0.0,-0.47863116126728444
16.080402010050253,-0.46939133679924083,-2.6895108278246482,-2.9667955043777283,0.0,-5.933591008533412,1.8066506146663386,0.46769394901335914,0.0,5.933591008644434,2.9667955043777283,0.0,0.0,-0.47531487020976465,-0.9430150544800092,0.0,0.0,0.0,0.0,-0.05698592243225109,-0.5322988157266395,0.0,0.0,-0.5246861066662833,0.0,-0.46770216117347774
16.180904522613066,-0.5580139851302235,-2.5349830128362782,-2.9397717471457696,0.0,-5.879543494624606,1.895968233411871,0.3788979625607425,0.0,5.8795434944025615,2.939771747256792,0.0,0.0,-0.4858770186744188,-0.9421331849225959,0.0,0.0,0.0,0.0,-0.05786779419536536,-0.543742833751526,0.0,0.0,-0.5141239603975722,0.0,-0.4562581453482206
16.28140703517588,-0.6248799204744415,-2.3705604255130908,-2.8631249757715693,0.0,-5.726249951765183,1.9723540530813821,0.28125651674315577,0.0,5.726249951876206,2.8631249758825916,0.0,0.0,-0.495894942748043,-0.9402128777497715,0.0,0.0,0.0,0.0,-0.05978810333623352,-0.5556810649468003,0.0,0.0,-0.5041060383778606,0.0,-0.4443199161582867
16.381909547738694,-0.666585118214158,-2.2046406251696737,-2.745613676413683,0.0,-5.491227352827366,2.0326577779283816,0.18053136013884696,0.0,5.491227352882877,2.745613676469194,0.0,0.0,-0.5053546077750382,-0.937263725648424,0.0,0.0,0.0,0.0,-0.06273725725036705,-0.5680898820942248,0.0,0.0,-0.49464637515844734,0.0,-0.4319111008427301
16.48241206030151,-0.6818132237684793,-2.0444465467228667,-2.5991274906767003,0.0,-5.198254981353401,2.075092034842241,0.08192028741471624,0.0,5.19825498154769,2.599127490759967,0.0,0.0,-0.5142441437677725,-0.9333004476336226,0.0,0.0,0.0,0.0,-0.0667005369131557,-0.5809426961017605,0.0,0.0,-0.4857568407928836,0.0,-0.4190582884727734
16.582914572864322,-0.6712986219126194,-1.8954727215581002,-2.436346978162973,0.0,-4.872693956436969,2.099309376713682,-0.010393549638998412,0.0,4.872693956506358,2.436346978253179,0.0,0.0,-0.5225536433353661,-0.9283427978602765,0.0,0.0,0.0,0.0,-0.07165818816101677,-0.5942098454392308,0.0,0.0,-0.4774473427032744,0.0,-0.4057911405994097
16.683417085427138,-0.6374740229020404,-1.7613486772427578,-2.2687909123630945,0.0,-4.537581824837211,2.1062459055476435,-0.09341422618769357,0.0,4.5375818247817,2.268790912474117,0.0,0.0,-0.5302749575691879,-0.9224154416051511,0.0,0.0,0.0,0.0,-0.07758554573800147,-0.6078585159802197,0.0,0.0,-0.46972602975314803,0.0,-0.3921424713906885
16.78391959798995,-0.5839422618780787,-1.6440236458858948,-2.1056481713799258,0.0,-4.2112963427598515,2.0978140984340143,-0.16527358820406235,0.0,4.211296342648829,2.1056481713244146,0.0,0.0,-0.5374014932987836,-0.9155477980193893,0.0,0.0,0.0,0.0,-0.08445319052419187,-0.6218526952955772,0.0,0.0,-0.4625994952239809,0.0,-0.3781482932826985
16.884422110552766,-0.5149203162746474,-1.5441250774683724,-1.9534089941153354,0.0,-3.906817988341693,2.0765443113357485,-0.22503151464459137,0.0,3.9068179881751597,1.9534089940598243,0.0,0.0,-0.5439280142613412,-0.907773849166682,0.0,0.0,0.0,0.0,-0.09222714049406111,-0.6361531651039032,0.0,0.0,-0.45607297536123803,0.0,-0.36384782456377884
16.984924623115578,-0.4347606019083905,-1.461360427557068,-1.8160736002803546,0.0,-3.632147200505198,2.04525273572731,-0.27242493116919064,0.0,3.6321472002831534,1.8160736003358657,0.0,0.0,-0.5498504497755685,-0.8991319150955523,0.0,0.0,0.0,0.0,-0.10086907552275814,-0.6507175346892602,0.0,0.0,-0.45015054083233363,0.0,-0.3492834559602753
17.085427135678394,-0.3476014932002336,-1.3948760682613859,-1.6956578061666505,0.0,-3.3913156124443233,2.0067807712242924,-0.30762962510699765,0.0,3.391315612333301,1.6956578061666505,0.0,0.0,-0.555165712970429,-0.8896643952024941,0.0,0.0,0.0,0.0,-0.11033659630399484,-0.6655003177286067,0.0,0.0,-0.4448352785811627,0.0,-0.3345006738160461
17.185929648241206,-0.25715272766735353,-1.3435351151613872,-1.5927721005448703,0.0,-3.185544201200763,1.9638186510295697,-0.3310674394629842,0.0,3.1855442010897406,1.5927721005448703,0.0,0.0,-0.559871530393663,-0.879417476305766,0.0,0.0,0.0,0.0,-0.12058351600563455,-0.6804530540416298,0.0,0.0,-0.4401294619697793,0.0,-0.3195479383079347
17.286432160804022,-0.16659498039417464,-1.3061084877807883,-1.5071418263679082,0.0,-3.0142836529301054,1.9188059336983088,-0.3432684747561865,0.0,3.0142836527913275,1.507141826451175,0.0,0.0,-0.5639662856021799,-0.8684408086753748,0.0,0.0,0.0,0.0,-0.1315601843715486,-0.695524476942988,0.0,0.0,-0.43603470743433514,0.0,-0.3044765161455687
17.386934673366834,-0.07856326153521387,-1.2813911218212404,-1.43801483727668,0.0,-2.8760296747615266,1.8738923514005634,-0.3447842473747187,0.0,2.876029674747649,1.4380148374293356,0.0,0.0,-0.5674488775808673,-0.8567871518094794,0.0,0.0,0.0,0.0,-0.14321384193827225,-0.7106607257945097,0.0,0.0,-0.4325521161183121,0.0,-0.2893402679636503
17.48743718592965,0.004816354880025908,-1.2682610219597046,-1.3844514065459308,0.0,-2.7689028130918616,1.8309400909299889,-0.3361422482028864,0.0,2.768902813088392,1.3844514064609292,0.0,0.0,-0.5703185950861611,-0.8445119925037936,0.0,0.0,0.0,0.0,-0.15548900179906955,-0.7258056025499782,0.0,0.0,-0.4296823992652743,0.0,-0.27419539180145724
17.587939698492463,0.08185991527687175,-1.2656975438285478,-1.3455146824076225,0.0,-2.6910293649123895,1.7915523156664115,-0.3178322410257728,0.0,2.6910293648430006,1.345514682504767,0.0,0.0,-0.5725750084756287,-0.8316731385793474,0.0,0.0,0.0,0.0,-0.16832785626474944,-0.7409008699194031,0.0,0.0,-0.427425986363264,0.0,-0.2591001249697966
17.68844221105528,0.1512463333463998,-1.2727721012684157,-1.3203857462396051,0.0,-2.6407714926457437,1.7571154750650742,-0.2903160944423,0.0,2.6407714925347214,1.3203857462951163,0.0,0.0,-0.574217880078276,-0.8183302922792901,0.0,0.0,0.0,0.0,-0.1816707031060405,-0.7558865878221077,0.0,0.0,-0.4257831152524108,0.0,-0.2441144075606208
17.78894472361809,0.2119366729336214,-1.2886204677486912,-1.3084252642459049,0.0,-2.616850528602832,1.728847164594871,-0.25405540254874737,0.0,2.6168505284918098,1.3084252642459049,0.0,0.0,-0.575247092238218,-0.804544608282165,0.0,0.0,0.0,0.0,-0.19545638747786587,-0.7707014839236637,0.0,0.0,-0.42475390357515563,0.0,-0.22929951189231204
17.889447236180906,0.2630986731810836,-1.3124025753374902,-1.3091979452206637,0.0,-2.6183958904968385,1.7078439251694277,-0.20955319612880885,0.0,2.6183958904413274,1.3091979452761748,0.0,0.0,-0.5756625950509298,-0.7903782416468497,0.0,0.0,0.0,0.0,-0.20962275451563706,-0.7852833534133241,0.0,0.0,-0.4243384011240253,0.0,-0.21471764280369798
17.98994974874372,0.3040403441234574,-1.3432534801127716,-1.3224697329450308,0.0,-2.644939466056595,1.6951252008734485,-0.1574074343091425,0.0,2.6449394659455727,1.322469733056053,0.0,0.0,-0.5754643737920784,-0.775893891552526,0.0,0.0,0.0,0.0,-0.2241071050124166,-0.7995694822210409,0.0,0.0,-0.4245366227759,0.0,-0.20043151436168263
18.090452261306535,0.3341551950697408,-1.380228176028897,-1.3481818206817486,0.0,-2.6963636415300307,1.6916702260116878,-0.09837428771586332,0.0,2.6963636414190084,1.3481818207372598,0.0,0.0,-0.5746524350536131,-0.7611543475088967,0.0,0.0,0.0,0.0,-0.2388466494029906,-0.8134970875678382,0.0,0.0,-0.4253485618105693,0.0,-0.18650390935098793
18.190954773869347,0.35288082139706134,-1.422242359994108,-1.3864002615382454,0.0,-2.772800523187513,1.698444974045088,-0.03343921925469395,0.0,2.7728005231042463,1.3864002615868176,0.0,0.0,-0.5732268135993923,-0.7462220440457301,0.0,0.0,0.0,0.0,-0.2537789531575907,-0.8270037695629062,0.0,0.0,-0.4267741835588257,0.0,-0.17299722763694514
18.291457286432163,0.35967352191024204,-1.4680124547639117,-1.4372354331659842,0.0,-2.8744708662764573,1.7164149811038643,0.036107966096265987,0.0,2.874470866373602,1.4372354332214954,0.0,0.0,-0.5711875980807246,-0.7311586306679718,0.0,0.0,0.0,0.0,-0.26884236679902695,-0.8400279673803634,0.0,0.0,-0.42881339938627416,0.0,-0.15997303008143116
18.391959798994975,0.35400254638773276,-1.51599989917095,-1.5007220151574963,0.0,-3.0014440303705037,1.7465385347692486,0.10860044910576683,0.0,3.0014440300651923,1.5007220151852518,0.0,0.0,-0.5685349765000014,-0.7160245630993822,0.0,0.0,0.0,0.0,-0.28397643456884447,-0.8525094133751687,0.0,0.0,-0.43146602120812394,0.0,-0.14749158433642606
18.49246231155779,0.3353691820362492,-1.564367644757425,-1.5766485020884957,0.0,-3.1532970042880137,1.7897327004301467,0.1819344565001657,0.0,3.153297003954947,1.5766485021162513,0.0,0.0,-0.5652693011448662,-0.7008787218376611,0.0,0.0,0.0,0.0,-0.2991222760456713,-0.8643895793303269,0.0,0.0,-0.43473169673846623,0.0,-0.13561141860157777
18.592964824120603,0.30335733519626373,-1.6109604417113843,-1.6643275924654866,0.0,-3.3286551850419954,1.846802842930817,0.25353737453936986,0.0,3.3286551850419954,1.6643275924654866,0.0,0.0,-0.5613911721741305,-0.6857780630309396,0.0,0.0,0.0,0.0,-0.3142229350952541,-0.8756121091246793,0.0,0.0,-0.4386098259416549,0.0,-0.12438888900845324
18.69346733668342,0.2577226655975373,-1.653324144701429,-1.7623083806705964,0.0,-3.5246167616742596,1.9183257729538106,0.32038430725078726,0.0,3.524616761729771,1.7623083807816187,0.0,0.0,-0.5569015391060361,-0.6707773063940881,0.0,0.0,0.0,0.0,-0.32922369185006684,-0.8861232326864976,0.0,0.0,-0.4430994591832216,0.0,-0.11387776562010732
18.79396984924623,0.19852538074571768,-1.688781614717083,-1.868052146580812,0.0,-3.7361042933836686,2.004479081607613,0.37908693506505386,0.0,3.7361042933836686,1.8680521466363231,0.0,0.0,-0.5518018206113195,-0.6559286636065309,0.0,0.0,0.0,0.0,-0.3440723348596686,-0.8958721569793382,0.0,0.0,-0.4481991778514105,0.0,-0.1041288414868613
18.894472361809047,0.1263052775424267,-1.7145810402019457,-1.9776280814065572,0.0,-3.9552561631184258,2.1048174357884974,0.4260768713404417,0.0,3.955256163035159,1.9776280816286018,0.0,0.0,-0.54609404027961,-0.6412816099116148,0.0,0.0,0.0,0.0,-0.3587193887003015,-0.9048114303425447,0.0,0.0,-0.4539069583323063,0.0,-0.09518956827284097
18.99497487437186,0.04228509038056716,-1.7281239631447565,-2.0855297348382207,0.0,-4.171059469822159,2.2180125313076005,0.45789519054206806,0.0,4.171059469482152,2.0855297347965873,0.0,0.0,-0.5397809782342611,-0.6268827007771538,0.0,0.0,0.0,0.0,-0.37311829797354035,-0.9128972774385957,0.0,0.0,-0.4602200205025553,0.0,-0.08710372131209843
19.095477386934675,-0.051432214098756646,-1.727261690925852,-2.1847520208367888,0.0,-4.369504041840111,2.3415994302444787,0.4715762301765736,0.0,4.369504041923378,2.184752020961689,0.0,0.0,-0.5328663365833375,-0.6127754339640967,0.0,0.0,0.0,0.0,-0.38722556484904747,-0.9200899026423626,0.0,0.0,-0.4671346622298067,0.0,-0.07991109622629278
19.195979899497488,-0.15172610443037193,-1.7106221779639164,-2.2672665861978025,0.0,-4.5345331725621385,2.471797726499858,0.4650791066707072,0.0,4.534533172062538,2.2672665862533137,0.0,0.0,-0.5253549175548988,-0.5990001569478043,0.0,0.0,0.0,0.0,-0.40100084202493447,-0.9263537606302163,0.0,0.0,-0.47464608136926767,0.0,-0.0736472383494613
19.296482412060303,-0.25445159940185036,-1.677901738994514,-2.3249613454456863,0.0,-4.649922691002395,2.6034977841371543,0.4376834088493098,0.0,4.649922691113417,2.3249613454456863,0.0,0.0,-0.5172528115410246,-0.5855940183319142,0.0,0.0,0.0,0.0,-0.4144069807379691,-0.9316577932252934,0.0,0.0,-0.48274818748028636,0.0,-0.06834320584458986
19.396984924623116,-0.3546250419428354,-1.630038807487466,-2.3509439567304113,0.0,-4.70188791379389,2.73049307586426,0.39024137543641757,0.0,4.70188791379389,2.3509439568414336,0.0,0.0,-0.5085675936211675,-0.5725909612563918,0.0,0.0,0.0,0.0,-0.4274100378551249,-0.9359756323844282,0.0,0.0,-0.491433405497288,0.0,-0.06402536678606907
19.49748743718593,-0.4468254848344344,-1.5691994390554243,-2.340906389508568,0.0,-4.681812779128158,2.8459904869437835,0.3251921533165003,0.0,4.681812779239181,2.3409063896195903,0.0,0.0,-0.49930852528273784,-0.5600217559201259,0.0,0.0,0.0,0.0,-0.43997924326251436,-0.9392857693163448,0.0,0.0,-0.50069247394674,0.0,-0.06071522989925526
19.597989949748744,-0.5257670876446241,-1.4985497778230439,-2.294117620427194,0.0,-4.588235240743366,2.9433440979498293,0.24630022937843776,0.0,4.5882352406323434,2.2941176203161717,0.0,0.0,-0.4894867583690732,-0.5479140680192396,0.0,0.0,0.0,0.0,-0.45208693124146326,-0.941571690331322,0.0,0.0,-0.5105142409089769,0.0,-0.058429308953666936
19.69849246231156,-0.5869274551928427,-1.421855934991001,-2.2136686900209313,0.0,-4.42733737993084,3.0168665582919196,0.1581638625069992,0.0,4.427337380208396,2.2136686900209313,0.0,0.0,-0.47911553840984666,-0.536292558986351,0.0,0.0,0.0,0.0,-0.46370844039231307,-0.9428219794123568,0.0,0.0,-0.5208854609237146,0.0,-0.05717901994245489
19.798994974874372,-0.6270821817366823,-1.343009285004193,-2.105857678347256,0.0,-4.211715356361445,3.0625252768756717,0.06561523274717374,0.0,4.211715356278178,2.1058576782639893,0.0,0.0,-0.4682104027681211,-0.5251790141519441,0.0,0.0,0.0,0.0,-0.4748219852377788,-0.9430303886028696,0.0,0.0,-0.5317905966348291,0.0,-0.056970610812223654
19.899497487437188,-0.6446197529097475,-1.265591373256214,-1.9789315370832838,0.0,-3.9578630743886123,3.078358790778446,-0.02684140157360737,0.0,3.95786307421514,1.9789315371110394,0.0,0.0,-0.45678937045379175,-0.5145924942343005,0.0,0.0,0.0,0.0,-0.4854085052553858,-0.9421958761732241,0.0,0.0,-0.5432116290324251,0.0,-0.05780512329217613
20.0,-0.6395794410751776,-1.1925687530833784,-1.8416175804336632,0.0,-3.6832351608673264,3.064535772645538,-0.11543488792620238,0.0,3.683235160839571,1.8416175804336632,0.0,0.0,-0.4448731189196642,-0.504549505918328,0.0,0.0,0.0,0.0,-0.4954514935765625,-0.9403226129654774,0.0,0.0,-0.555127880615125,0.0,-0.05967838655196456
