time,->1,2->1,"2,3->1","2,5->1",->2,1->2,"1,4->2","1,5->2",->3,3->3,4->3,->4,4->4,5->4,->5,3->5,5->5
0.0,2.0,-0.49999999999999994,-0.19999999999999998,-0.7999999999999999,-1.5,0.29999999999999993,0.5999999999999999,0.3999999999999999,1.0,-0.2,-0.6,1.0,-0.3,-0.8,1.0,-0.4,-0.4
0.10050251256281408,2.0,-0.4917387177932391,-0.20071138004920575,-0.8021114766740979,-1.5,0.3155713524348439,0.6244351628841961,0.42895985601440445,1.0,-0.20408336051911075,-0.5936234307071235,1.0,-0.29681171535356177,-0.8155870665154344,1.0,-0.4081667210382215,-0.4077935332577172
0.20100502512562815,2.0,-0.48704386343289746,-0.20290578400183673,-0.8086438771729796,-1.5,0.3319754078915609,0.6491474778625387,0.4593184534950668,1.0,-0.20830339856010946,-0.5866224989243011,1.0,-0.29331124946215054,-0.8301550824121928,1.0,-0.4166067971202189,-0.4150775412060964
0.30150753768844224,2.0,-0.4859057308863665,-0.2066793324021079,-0.8198773283338473,-1.5,0.3489192153890158,0.6735284083010147,0.49061463286244716,1.0,-0.21267431032876802,-0.5790982943287488,1.0,-0.2895491471643744,-0.8436588377320282,1.0,-0.42534862065753604,-0.4218294188660141
0.4020100502512563,2.0,-0.48831544879995614,-0.21213283960199777,-0.8360526282252468,-1.5,0.3660308625325067,0.6968605690300708,0.5222393731072617,1.0,-0.21720881463336658,-0.5711490262394336,1.0,-0.2855745131197168,-0.8560579337392058,1.0,-0.43441762926673316,-0.4280289668696029
0.5025125628140704,2.0,-0.494249210082436,-0.219365668127838,-0.8573414545290566,-1.5,0.3828552696318377,0.7183246961982066,0.5534281206126882,1.0,-0.2219180766027425,-0.5628691204033555,1.0,-0.28143456020167773,-0.8673169699007313,1.0,-0.443836153205485,-0.43365848495036563
0.6030150753768845,2.0,-0.5036458596227135,-0.2284654898378228,-0.8838035091491998,-1.5,0.3988580359442664,0.7370212192987583,0.5832671990393722,1.0,-0.2268116430153608,-0.5543485297122692,1.0,-0.2771742648561346,-0.8774057130254843,1.0,-0.4536232860307216,-0.43870285651274216
0.7035175879396985,2.0,-0.5163773226482918,-0.23949310112057876,-0.9153296548818352,-1.5,0.413440586551164,0.7520101183825174,0.6107201278404686,1.0,-0.23189738454461445,-0.5456722026172833,1.0,-0.27283610130864167,-0.8862992377235672,1.0,-0.4637947690892289,-0.4431496188617836
0.8040201005025126,2.0,-0.5322131812116137,-0.252462182167954,-0.95157378671456,-1.5,0.4259697512043216,0.76237185610118,0.634679334473597,1.0,-0.2371814444666792,-0.5369197136269183,1.0,-0.26845985681345913,-0.8939780339038654,1.0,-0.4743628889333584,-0.4469890169519327
0.9045226130653267,2.0,-0.5507827031889844,-0.26731488490112504,-0.9918804257420354,-1.5,0.43582355872806106,0.7672892199371316,0.654046284915246,1.0,-0.24266819142412688,-0.5281650369083607,1.0,-0.26408251845418035,-0.9004280817091144,1.0,-0.48533638284825376,-0.4502140408545572
1.0050251256281408,2.0,-0.5715409747388756,-0.283896033131276,-1.0352217604154283,-1.5,0.44245108687717954,0.7661430539030363,0.6678363309296992,1.0,-0.2483601751046649,-0.5194764415500537,1.0,-0.25973822077502684,-0.9056408955529376,1.0,-0.4967203502093298,-0.4528204477764688
1.105527638190955,2.0,-0.5937485727252388,-0.3019307497628485,-1.0801634785875438,-1.5,0.44544057084685607,0.7586097871108752,0.6752979552460837,1.0,-0.25425808467801486,-0.5109164971223654,1.0,-0.2554582485611827,-0.9096135369468894,1.0,-0.5085161693560297,-0.4548067684734447
1.206030150753769,2.0,-0.6164759311433758,-0.3210122223343495,-1.124881902397496,-1.5,0.4445843649123377,0.7447413048197005,0.6760265363634854,1.0,-0.26036071005965244,-0.5025421698983142,1.0,-0.2512710849491571,-0.9123485975447423,1.0,-0.5207214201193049,-0.45617429877237115
1.306532663316583,2.0,-0.6386417640651845,-0.3406066930139904,-1.1672508570631874,-1.5,0.43992620247239705,0.7250057054196758,0.6700473120901402,1.0,-0.266664906821867,-0.4944049943002651,1.0,-0.24720249715013254,-0.9138541532526906,1.0,-0.533329813643734,-0.4569270766263453
1.407035175879397,2.0,-0.6590884096910724,-0.36008051690363396,-1.2050030218462129,-1.5,0.43177690958059384,0.7002720623036737,0.6578435623579769,1.0,-0.2731655659613334,-0.4865513046891848,1.0,-0.2432756523445924,-0.9141436900787113,1.0,-0.5463311319226668,-0.45707184503935566
1.5075376884422111,2.0,-0.6766867659562275,-0.37874914836216733,-1.2359494338483683,-1.5,0.42069085953319546,0.6717346435128833,0.640316731245771,1.0,-0.27985559007272454,-0.47902251377050326,1.0,-0.23951125688525163,-0.9132360022601046,1.0,-0.5597111801454491,-0.4566180011300523
1.6080402010050252,2.0,-0.6904527603320239,-0.3959413475165246,-1.2582190565948743,-1.5,0.40740540084128607,0.6407881617487425,0.6186824894094116,1.0,-0.28672587776035896,-0.47185542491007076,1.0,-0.23592771245503538,-0.9111550629400221,1.0,-0.5734517555207179,-0.45557753147001107
1.7085427135678393,2.0,-0.6996514089094935,-0.41106663757930684,-1.2704688218488547,-1.5,0.3927560516853203,0.6088799762456261,0.5943249165518905,1.0,-0.2937653182318412,-0.4650825673847028,1.0,-0.2325412836923514,-0.907929867410016,1.0,-0.5875306364636824,-0.453964933705008
1.8090452261306533,2.0,-0.7038660678774641,-0.42367218710501875,-1.272018661636012,-1.5,0.37758649854025,0.5773707176555498,0.5686416474720251,1.0,-0.3009607981122168,-0.45873254463890994,1.0,-0.22936627231945497,-0.9035942487409818,1.0,-0.6019215962244336,-0.4517971243704909
1.9095477386934674,2.0,-0.703020389003785,-0.433478466500086,-1.2628870779585541,-1.5,0.36267179345870054,0.5474293621217422,0.5429116147305422,1.0,-0.3082972224421162,-0.4528303871396172,1.0,-0.2264151935698086,-0.8981866655020689,1.0,-0.6165944448842324,-0.44909333275103447
2.0100502512562817,2.0,-0.6973534416964209,-0.4403892308202437,-1.2437298092339366,-1.5,0.3486667376024576,0.5199758904028603,0.5182059162491179,1.0,-0.3157575516863646,-0.4473979026319331,1.0,-0.22369895131596654,-0.8917499612595086,1.0,-0.6315151033727292,-0.4458749806297543
2.1105527638190957,2.0,-0.6873596362208244,-0.44447816186629086,-1.2157070004288781,-1.5,0.336082796362063,0.4956706117743695,0.4953474459011965,1.0,-0.32332285636532176,-0.44245401770614473,1.0,-0.22122700885307237,-0.8843310956641004,1.0,-0.6466457127306435,-0.4421655478320502
2.21105527638191,2.0,-0.6737104021836039,-0.4459590847248015,-1.180314817743832,-1.5,0.32528942408708017,0.4749389383574205,0.47491217549473536,1.0,-0.3309723905697287,-0.4380151058003156,1.0,-0.2190075529001578,-0.8759808471995101,1.0,-0.6619447811394574,-0.43799042359975504
2.311557788944724,2.0,-0.6571743007885396,-0.44514842811472016,-1.1392162349446118,-1.5,0.31653184916757054,0.4580166241820293,0.4572584739138153,1.0,-0.3386836852723769,-0.4340952975694626,1.0,-0.2170476487847313,-0.8667534880606811,1.0,-0.6773673705447538,-0.43337674403034054
2.412060301507538,2.0,-0.638547404779015,-0.442427354338213,-1.0940953378210403,-1.5,0.3099569410199783,0.44500184356925254,0.4425701751052076,1.0,-0.346432661872086,-0.4307067705322688,1.0,-0.2153533852661344,-0.8567064321557136,1.0,-0.692865323744172,-0.4283532160778568
2.512562814070352,2.0,-0.6186003052844808,-0.4382087434773862,-1.04654782062525,-1.5,0.30564041308373063,0.4359043730013488,0.43090196997327096,1.0,-0.3541937659373313,-0.42786001556862063,1.0,-0.21393000778431032,-0.8458998578605337,1.0,-0.7083875318746626,-0.42294992893026684
2.613065326633166,2.0,-0.5980430827985813,-0.4329115710192151,-0.998009880474083,-1.5,0.30361108063750675,0.4306865658448727,0.4222199411895559,1.0,-0.36194012059580843,-0.4255640784985905,1.0,-0.21278203924929526,-0.8343963078745357,1.0,-0.7238802411916169,-0.41719815393726783
2.71356783919598,2.0,-0.577506380982253,-0.42694318915276613,-0.9497211046569815,-1.5,0.30387011681985276,0.4292943059587711,0.41643387346292815,1.0,-0.369643698504767,-0.4238267755166677,1.0,-0.21191338775833385,-0.8222602692645977,1.0,-0.739287397009534,-0.41113013463229886
2.814070351758794,2.0,-0.5575353122845463,-0.42068883954409614,-0.9027140519517453,-1.5,0.3064047142673848,0.4316781608552407,0.41342051205697583,1.0,-0.37727551087328387,-0.42265488168553667,1.0,-0.21132744084276833,-0.8095577374756775,1.0,-0.7545510217465677,-0.40477886873783875
2.9145728643216082,2.0,-0.5385923756792048,-0.41450695232317264,-0.8578222910561579,-1.5,0.31119644261617657,0.4378059809071332,0.4130384706320333,1.0,-0.38480581144548204,-0.4220542920348684,1.0,-0.2110271460174342,-0.796355769030689,1.0,-0.7696116228909641,-0.3981778845153445
3.0150753768844223,2.0,-0.5210663568588699,-0.40872894516067093,-0.8157002310079543,-1.5,0.31822494450981337,0.4476684090230867,0.41513612315128806,1.0,-0.39220431311723947,-0.4220301551589538,1.0,-0.2110150775794769,-0.7827220278864458,1.0,-0.7844086262344789,-0.3913610139432229
3.1155778894472363,2.0,-0.50528455041277,-0.403662140399982,-0.7768490562232373,-1.5,0.3274675651451604,0.46127843067301694,0.41955380837543965,1.0,-0.3994404143865352,-0.4225869793869881,1.0,-0.21129348969349404,-0.768724331259114,1.0,-0.7988808287730704,-0.384362165629557
3.2160804020100504,2.0,-0.49152654962972725,-0.3995947982992309,-0.7416449471526719,-1.5,0.3388954092158232,0.47866571729530544,0.4261215527548643,1.0,-0.4064834326856305,-0.4237287118195843,1.0,-0.21186435590979216,-0.7544302008827009,1.0,-0.812966865371261,-0.3772151004413504
3.3165829145728645,2.0,-0.48003835884801493,-0.39680243543589727,-0.7103669328170399,-1.5,0.35246610132180634,0.4998660040743761,0.43465322215570507,1.0,-0.41330284145222757,-0.4254587906750144,1.0,-0.2127293953375072,-0.739906425938296,1.0,-0.8266056829044551,-0.369953212969148
3.4170854271356785,2.0,-0.4710460773926839,-0.39555482731611075,-0.6832227946608456,-1.5,0.36811336289577706,0.524905325036372,0.4449377895643228,1.0,-0.4198685078809812,-0.42778017149976727,1.0,-0.21389008574988363,-0.725218643622503,1.0,-0.8397370157619624,-0.3626093218112515
3.5175879396984926,2.0,-0.46476856946356154,-0.3961231144325753,-0.660371946759381,-1.5,0.3857334256601183,0.553778614253302,0.456728269310726,1.0,-0.4261509280734956,-0.4306953279759998,1.0,-0.2153476639879999,-0.7104309436431835,1.0,-0.8523018561469912,-0.35521547182159174
3.6180904522613067,2.0,-0.4614287058445915,-0.39878648919393445,-0.6419446929372742,-1.5,0.40516832232331274,0.586422029911489,0.46972885693084254,1.0,-0.43212145683914727,-0.4342062280798504,1.0,-0.2171031140399252,-0.6956055017884823,1.0,-0.8642429136782945,-0.3478027508942412
3.7185929648241207,2.0,-0.46126256589954384,-0.403837709822411,-0.6280571832593431,-1.5,0.4261862946661966,0.6226784722849286,0.4835809788903079,1.0,-0.43775252933744563,-0.4383142865534645,1.0,-0.21915714327673225,-0.680802247668332,1.0,-0.8755050586748913,-0.340401123834166
3.819095477386935,2.0,-0.46452572950265975,-0.41158640052572676,-0.6188212679621841,-1.5,0.4484600179895489,0.6622562978100102,0.49784934636408107,1.0,-0.44301787219234123,-0.44302029472699417,1.0,-0.22151014736349708,-0.6660785707443153,1.0,-0.8860357443846825,-0.33303928537215766
3.919597989949749,2.0,-0.4714952474258215,-0.42235856071448097,-0.6143479985843608,-1.5,0.47154411193865364,0.7046823251150097,0.5120097233135028,1.0,-0.4478927020159721,-0.44832432890606416,1.0,-0.22416216445303208,-0.6514890679582235,1.0,-0.8957854040319442,-0.32574453397911174
4.020100502512563,2.0,-0.482465178370309,-0.4364900194322916,-0.6147429798741253,-1.5,0.494854610084246,0.7492521710984041,0.5254410253247112,1.0,-0.4523539096714563,-0.4542256387007378,1.0,-0.2271128193503689,-0.6370853353092027,1.0,-0.9047078193429126,-0.3185426676546014
4.120603015075377,2.0,-0.49773276830462343,-0.4543107895549323,-0.6200912158275949,-1.5,0.5176545826505541,0.794983740596502,0.5374253682149466,1.0,-0.4563802289955763,-0.4607225168524166,1.0,-0.2303612584262083,-0.6229158047397086,1.0,-0.9127604579911526,-0.3114579023698543
4.2211055276381915,2.0,-0.517571233629654,-0.476116250757686,-0.6304282898903232,-1.5,0.5390525918724265,0.8405845110589155,0.5471614043537418,1.0,-0.4599523889868743,-0.46781215250580804,1.0,-0.23390607625290402,-0.6090256267424472,1.0,-0.9199047779737486,-0.3045128133712236
4.3216080402010055,2.0,-0.5421857941893631,-0.5021217871924385,-0.6456962169571431,-1.5,0.5580209837830675,0.88444553224436,0.5537954610038897,1.0,-0.4630532490649028,-0.4754904696853789,1.0,-0.23774523484268945,-0.5954565979753687,1.0,-0.9261064981298056,-0.2977282989876843
4.42211055276382,2.0,-0.5716493618757343,-0.5323975350607365,-0.6656824035932731,-1.5,0.5734436686364496,0.9246816501342381,0.5564765529384039,1.0,-0.4656679168798491,-0.4837519537008606,1.0,-0.2418759768504303,-0.5822471325857789,1.0,-0.9313358337596982,-0.29112356629288944
4.522613065326634,2.0,-0.6058190708453096,-0.5667847532862434,-0.6899458632544371,-1.5,0.5841994254455932,0.9592349470244866,0.5544366796115673,1.0,-0.4677838488109982,-0.4925894678651069,1.0,-0.24629473393255344,-0.569432274797609,1.0,-0.9355676976219964,-0.2847161373988045
4.623115577889448,2.0,-0.6442412634889336,-0.6048020157511167,-0.7177411384534332,-1.5,0.5892815409696083,0.9860527845747006,0.5470926655057198,1.0,-0.4693909332008393,-0.5019940636281811,1.0,-0.25099703181409055,-0.5570437498573562,1.0,-0.9387818664016786,-0.2785218749286781
4.723618090452262,2.0,-0.6860627888022545,-0.645559777588571,-0.7479594419529612,-1.5,0.5879432236826592,1.0033344935179862,0.5341562665780766,1.0,-0.47048155659018126,-0.5119547873518141,1.0,-0.25597739367590705,-0.5451100498095571,1.0,-0.9409631131803625,-0.27255502490477856
4.824120603015076,2.0,-0.7299780257151148,-0.6877132517335487,-0.7791151096413854,-1.5,0.5798432751357094,1.0098134682266142,0.5157286029713155,1.0,-0.4710506532438686,-0.5224584874198666,1.0,-0.2612292437099333,-0.5336565500571979,1.0,-0.9421013064877372,-0.26682827502859896
4.92462311557789,2.0,-0.7742448277002757,-0.729486877362725,-0.809404295821398,-1.5,0.5651551046492383,1.005014617057527,0.4923496129633045,1.0,-0.47109573823664125,-0.5334896254796916,1.0,-0.2667448127398458,-0.522705652568294,1.0,-0.9421914764732825,-0.261352826284147
5.025125628140704,2.0,-0.816795931085256,-0.7687959777941065,-0.8368514586434181,-1.5,0.5445996528909692,0.9894106704567112,0.4649764163379265,1.0,-0.4706169243354498,-0.5450300960739657,1.0,-0.27251504803698284,-0.5122769511911713,1.0,-0.9412338486708997,-0.25613847559558567
5.125628140703518,2.0,-0.855446382542275,-0.8034641955932057,-0.8595309930473102,-1.5,0.5193788718863456,0.9644156854031493,0.43488234781155394,1.0,-0.46961692280784156,-0.5570590589681457,1.0,-0.27852952948407284,-0.5023874146810325,1.0,-0.9392338456156831,-0.25119370734051627
5.226130653266332,2.0,-0.8881620664536851,-0.8314991530176535,-0.8758194256365349,-1.5,0.4910168782193529,0.9322001076393149,0.40349441513624873,1.0,-0.4681010281928167,-0.5695527887065043,1.0,-0.28477639435325214,-0.49305158299181095,1.0,-0.9362020563856334,-0.24652579149590548
5.326633165829146,2.0,-0.9133257580915063,-0.851360417557617,-0.8846140341946581,-1.5,0.46114812270355376,0.8953721828314516,0.3722093838297402,1.0,-0.46607708696217404,-0.5824845459082804,1.0,-0.2912422729541402,-0.4842817726082507,1.0,-0.9321541739243481,-0.24214088630412536
5.42713567839196,2.0,-0.9299317501598366,-0.8621498616659563,-0.8854592276651382,-1.5,0.4313092443528288,0.8566153466609998,0.34223546541977234,1.0,-0.46355544991219516,-0.5958244748124988,1.0,-0.2979122374062494,-0.47608828686242055,1.0,-0.9271108998243903,-0.23804414343121028
5.527638190954774,2.0,-0.9376650298262352,-0.8636812112434328,-0.87855392780403,-1.5,0.4027835864294872,0.8183750616885728,0.3144931742292851,1.0,-0.4605489080698078,-0.6095395313471945,1.0,-0.30476976567359726,-0.46847962750985844,1.0,-0.9210978161396156,-0.23423981375492922
5.628140703517588,2.0,-0.9368602221345571,-0.8564262974037072,-0.864652102981603,-1.5,0.37652268773772446,0.7826569341436576,0.28958529607805783,1.0,-0.4570726118846267,-0.6235934457332105,1.0,-0.31179672286660526,-0.4614627041222681,1.0,-0.9141452237692534,-0.23073135206113404
5.728643216080402,2.0,-0.9283712525340739,-0.8413716765555187,-0.8448977506878019,-1.5,0.35314052817810127,0.7509494759021158,0.2678235647645975,1.0,-0.45314397352294034,-0.6379467231725259,1.0,-0.31897336158626294,-0.4550430382142793,1.0,-0.9062879470458807,-0.22752151910713966
5.8291457286432165,2.0,-0.9133983130138537,-0.8198344521545289,-0.8206426401196342,-1.5,0.3329585017906623,0.7242476545603725,0.24928878240259278,1.0,-0.44878255218656965,-0.6525566855917573,1.0,-0.32627834279587864,-0.44922495937825724,1.0,-0.8975651043731393,-0.22461247968912862
5.9296482412060305,2.0,-0.8933157233803908,-0.7932820903036915,-0.7932854285838403,-1.5,0.31607428963137935,0.7031362905349862,0.23390118572874094,1.0,-0.44400992255114313,-0.6673775567335927,1.0,-0.33368877836679633,-0.4440117910283576,1.0,-0.8880198451022863,-0.2220058955141788
6.030150753768845,2.0,-0.8695288596672671,-0.7631846569538966,-0.7641524374719969,-1.5,0.3024333234033931,0.6878952720383205,0.22148504012841122,1.0,-0.4388495266539721,-0.6823605920444045,1.0,-0.34118029602220223,-0.43940602371979154,1.0,-0.8776990533079442,-0.21970301185989577
6.130653266331659,2.0,-0.8433722458845798,-0.7309111036360382,-0.7344245324371012,-1.5,0.2918899608099128,0.6785996494818324,0.21181942398209008,1.0,-0.43332650985533344,-0.6974542539238848,1.0,-0.3487271269619424,-0.43540947429850047,1.0,-0.8666530197106669,-0.21770473714925023
6.231155778894473,2.0,-0.8160482010435155,-0.6976682370297493,-0.7051038848262488,-1.5,0.2842534725510923,0.6752009477557329,0.20467360007536992,1.0,-0.4274675418300116,-0.712604431913532,1.0,-0.356302215956766,-0.4320234294522079,1.0,-0.8549350836600232,-0.21601171472610395
6.331658291457287,2.0,-0.7885988442483302,-0.6644743702259658,-0.6770101717274135,-1.5,0.2793188086963216,0.6775852587082574,0.19982875960045268,1.0,-0.42130062393086803,-0.7277547063917225,1.0,-0.36387735319586123,-0.42924877246854215,1.0,-0.8426012478617361,-0.21462438623427108
6.432160804020101,2.0,-0.7619021635460665,-0.6321576683124364,-0.650795635445031,-1.5,0.27688462448333007,0.6856093888674578,0.19708928713466908,1.0,-0.4148548846286446,-0.7428466533453921,1.0,-0.37142332667269606,-0.42708609227205735,1.0,-0.8297097692572892,-0.21354304613602867
6.532663316582915,2.0,-0.7366834396448924,-0.6013699634401684,-0.6269703153450817,-1.5,0.2767615923475137,0.6991184053629582,0.19628659734902673,1.0,-0.4081603651427607,-0.7578201867892658,1.0,-0.3789100933946329,-0.4255357739867912,1.0,-0.8163207302855214,-0.2127678869933956
6.633165829145729,2.0,-0.7135352411465612,-0.5726088881637048,-0.6059313732121453,-1.5,0.2787737114809193,0.7179481802798785,0.19727796665615083,1.0,-0.4012477976866248,-0.7726139345772048,1.0,-0.3863069672886024,-0.4245980704740595,1.0,-0.8024955953732495,-0.21229903523702975
6.733668341708543,2.0,-0.6929410026621208,-0.5462431460238876,-0.5879925300680334,-1.5,0.28275474265860673,0.7419160622601869,0.19994207766347344,1.0,-0.39414837910106804,-0.787165642511571,1.0,-0.3935828212557855,-0.42427315443096936,1.0,-0.7882967582021361,-0.21213657721548468
6.834170854271357,2.0,-0.6752989249815928,-0.5225375872299042,-0.57341137741711,-1.5,0.28854123557602934,0.7708019403039432,0.20417233170455548,1.0,-0.38689354291815836,-0.8014126009738115,1.0,-0.40070630048690575,-0.42456115077685036,1.0,-0.7737870858363167,-0.21228057538842518
6.934673366834171,2.0,-0.6609442916087189,-0.5016761926021119,-0.5624135576028497,-1.5,0.2959630457676142,0.8043210986420312,0.2098684558875551,1.0,-0.37951473291421195,-0.8152920881280282,1.0,-0.4076460440640141,-0.4254621491880592,1.0,-0.7590294658284239,-0.2127310745940296
7.035175879396985,2.0,-0.6501686995121023,-0.4837816629518309,-0.555213117109427,-1.5,0.3048320457950764,0.8420902178881079,0.21692671259491786,1.0,-0.37204318149648613,-0.8287418230833287,1.0,-0.41437091154166433,-0.4269761967363766,1.0,-0.7440863629929723,-0.2134880983681883
7.135678391959799,2.0,-0.643235258939176,-0.46893097751415636,-0.5520287068805912,-1.5,0.31492957422718465,0.8835878524053956,0.2252288505683516,1.0,-0.36450969610055084,-0.8417004226170174,1.0,-0.4208502113085087,-0.42910327069989707,1.0,-0.7290193922011017,-0.21455163534994853
7.236180904522613,2.0,-0.6403887382745654,-0.4571664205053247,-0.5530950846071151,-1.5,0.3259932699716241,0.9281113753225076,0.2346299787143248,1.0,-0.35694445668820884,-0.854107855113047,1.0,-0.4270539275565235,-0.431843231735578,1.0,-0.7138889133764177,-0.215921615867789
7.336683417085427,2.0,-0.6418593498929476,-0.44850156637890115,-0.5586689322458458,-1.5,0.33770428600320007,0.9747337628986256,0.24494578771777126,1.0,-0.3493768272236779,-0.8659058856801619,1.0,-0.43295294284008096,-0.4351957577146951,1.0,-0.6987536544473558,-0.21759787885734755
7.437185929648241,2.0,-0.6478584530175536,-0.44292162661103224,-0.5690273715960887,-1.5,0.34967639353846397,1.0222655402580487,0.2559399590522907,1.0,-0.34183518371028443,-0.8770385068721552,1.0,-0.4385192534360776,-0.43916025865349867,1.0,-0.6836703674205689,-0.21958012932674933
7.5376884422110555,2.0,-0.6585639296396538,-0.4403774335108391,-0.5844567492237188,-1.5,0.36144926896375124,1.0692300106089645,0.2673132848107776,1.0,-0.3343467609528814,-0.887452350096905,1.0,-0.4437261750484525,-0.4437357733390559,1.0,-0.6686935219057628,-0.22186788666952795
7.63819095477387,2.0,-0.6740928321785182,-0.44077247736371183,-0.6052286522492186,-1.5,0.3724889858072325,1.113862596836326,0.27869678588285635,1.0,-0.3269375198214415,-0.8970970734254918,1.0,-0.4485485367127459,-0.448920848403961,1.0,-0.653875039642883,-0.2244604242019805
7.738693467336684,2.0,-0.6944592344232519,-0.44394283840810833,-0.631559840434802,-1.5,0.38219943521643535,1.1541476647514173,0.28965200829970345,1.0,-0.3196320362683367,-0.9059257223374777,1.0,-0.45296286116873885,-0.45471340082280864,1.0,-0.6392640725366734,-0.22735670041140432
7.839195979899498,2.0,-0.7195169594832262,-0.44963105922496893,-0.663553743463618,-1.5,0.3899484005900323,1.1879063907162701,0.2996822122105918,1.0,-0.3124534128757051,-0.9138950606686769,1.0,-0.45694753033433844,-0.4611105650242057,1.0,-0.6249068257514102,-0.23055528251210286
7.939698492462312,2.0,-0.7488904125564527,-0.45745703226657297,-0.7011239744242163,-1.5,0.3951108646198899,1.2129454036679388,0.3082579407878355,1.0,-0.3054232131941528,-0.920965869795684,1.0,-0.460482934897842,-0.46810852607314174,1.0,-0.6108464263883056,-0.23405426303657087
8.040201005025127,2.0,-0.7819026249130221,-0.466891913885681,-0.743905817684195,-1.5,0.39712915630177814,1.2272657249498085,0.3148587819974937,1.0,-0.2985614186533889,-0.9271032147666414,1.0,-0.4635516073833207,-0.47570234066354883,1.0,-0.5971228373067778,-0.23785117033177441
8.14070351758794,2.0,-0.8175171561248363,-0.4772442913133656,-0.7911698011512739,-1.5,0.39558447688605597,1.2293139382189546,0.31902948414361254,1.0,-0.2918864073602937,-0.9322766767006222,1.0,-0.4661383383503111,-0.48388574797717204,1.0,-0.5837728147205874,-0.24194287398858602
8.241206030150755,2.0,-0.8543167095925288,-0.48766952824321264,-0.8417599160989936,-1.5,0.3902682429465191,1.218236046397634,0.3204433825595441,1.0,-0.28541495370950276,-0.9364605512352,1.0,-0.4682302756176,-0.492650972787642,1.0,-0.5708299074190055,-0.246325486393821
8.341708542713569,2.0,-0.8905426752775754,-0.4972117892049183,-0.8940844054153947,-1.5,0.38123669258586546,1.1940765447696606,0.3189607407143837,1.0,-0.27916224736222844,-0.9396340131930404,1.0,-0.4698170065965202,-0.5019885235352227,1.0,-0.5583244947244569,-0.25099426176761136
8.442211055276383,2.0,-0.9242108367319188,-0.504881463104357,-0.9461830038168033,-1.5,0.36883121765295873,1.1578610813470926,0.31466650208509467,1.0,-0.27314192987049196,-0.9417812478415662,1.0,-0.4708906239207831,-0.5118869884509144,1.0,-0.5462838597409839,-0.2559434942254572
8.542713567839197,2.0,-0.9532991426580419,-0.5097598374066298,-0.99587888402823,-1.5,0.35365301599296123,1.1115214671572062,0.3078743029866056,1.0,-0.26736614699206007,-0.9428915492517632,1.0,-0.4714457746258816,-0.5223328331395877,1.0,-0.5347322939841201,-0.26116641656979384
8.643216080402011,2.0,-0.9759767672719383,-0.5111104729303418,-1.0409967364367116,-1.5,0.33649318469380896,1.057664689686222,0.2990920812580583,1.0,-0.26184561460361594,-0.9429593862193444,1.0,-0.4714796931096722,-0.5333102033496749,1.0,-0.5236912292072319,-0.26665510167483747
8.743718592964825,2.0,-0.9908246573947522,-0.5084707952918581,-1.0796040070450106,-1.5,0.31823320720065057,0.9992357608197926,0.2889561430004261,1.0,-0.25658969601585085,-0.9419844361400288,1.0,-0.4709922180700144,-0.5448007369354798,1.0,-0.5131793920317017,-0.2724003684677399
8.84422110552764,2.0,-0.9969950820113932,-0.5017008632195844,-1.1102206016345604,-1.5,0.2997397768087677,0.9391562456977557,0.27815021470239315,1.0,-0.25160648847305506,-0.9399715870512564,1.0,-0.4699857935256282,-0.556783389239363,1.0,-0.5032129769461101,-0.2783916946196815
8.944723618090453,2.0,-0.9942750494570509,-0.4909788193093871,-1.1319508763909618,-1.5,0.2817777677570515,0.8800209991937564,0.26732927283238406,1.0,-0.2469029166413753,-0.9369309078555583,1.0,-0.46846545392777916,-0.5692342762745038,1.0,-0.4938058332827506,-0.2846171381372519
9.045226130653267,2.0,-0.9830492526863959,-0.47674906373106324,-1.144518120523937,-1.5,0.26495610102806566,0.8239053602163737,0.25706329730453786,1.0,-0.24248483096256,-0.9328775865354777,1.0,-0.46643879326773885,-0.5821265401485696,1.0,-0.48496966192512,-0.2910632700742848
9.145728643216081,2.0,-0.9641843518224977,-0.45964038900681486,-1.1482090421867606,-1.5,0.24970961164815747,0.7722950914786727,0.24780775712428507,1.0,-0.23835710885475597,-0.9278318360049852,1.0,-0.4639159180024926,-0.5954302411237126,1.0,-0.47671421770951194,-0.2977151205618563
9.246231155778895,2.0,-0.9388728785212059,-0.4403759894099736,-1.1437580003639953,-1.5,0.23630987050432978,0.7261162449566313,0.23989874023202867,1.0,-0.23452375688154836,-0.921818767121698,1.0,-0.460909383560849,-0.609112280549364,1.0,-0.4690475137630967,-0.304556140274682
9.34673366834171,2.0,-0.9084732415756699,-0.4196928563519594,-1.1322054152965058,-1.5,0.22489367843191918,0.685826937197338,0.23356571308670113,1.0,-0.23098801216425358,-0.9148682283725746,1.0,-0.4574341141862873,-0.6231363586079824,1.0,-0.46197602432850715,-0.3115681793039912
9.447236180904524,2.0,-0.8743724647891983,-0.39828092723979325,-1.1147601372684137,-1.5,0.21549822722978,0.6515334697352717,0.22895356674046788,1.0,-0.22775244148145404,-0.9070146118286518,1.0,-0.4535073059143259,-0.6374629703928121,1.0,-0.4555048829629081,-0.31873148519640604
9.547738693467338,2.0,-0.8378845511695374,-0.3767447952770149,-1.0926843102295545,-1.5,0.20809499020164324,0.6231034247172753,0.22614703751382328,1.0,-0.22481903667465067,-0.8982966251808713,1.0,-0.44914831259043564,-0.6520494432701749,1.0,-0.44963807334930134,-0.32602472163508744
9.648241206030152,2.0,-0.800186265586634,-0.355585660681596,-1.0672084508955575,-1.5,0.20261801954590125,0.600260630926496,0.22519304990047118,1.0,-0.2221893051494132,-0.8887570300091385,1.0,-0.44437851500456926,-0.666850017797521,1.0,-0.4443786102988264,-0.3334250088987605
9.748743718592966,2.0,-0.7622851169191952,-0.3351986502479382,-1.0394763383882542,-1.5,0.198985226219016,0.5826568304018134,0.22611884292876178,1.0,-0.21986435443122418,-0.8784423469114792,1.0,-0.4392211734557396,-0.6818159736538856,1.0,-0.43972870886244836,-0.3409079868269428
9.84924623115578,2.0,-0.7250116370983861,-0.31588027650558337,-1.010515131371239,-1.5,0.1971129277681062,0.5699208399468346,0.22894528619307225,1.0,-0.2178449698888885,-0.8674025286925656,1.0,-0.4337012643462828,-0.6968958011594711,1.0,-0.435689939777777,-0.34844790057973557
9.949748743718594,2.0,-0.6890278207321171,-0.2978414876614137,-0.981224424641843,-1.5,0.196924831548754,0.561689093179774,0.23369575789746633,1.0,-0.2161316848896945,-0.8556906035093591,1.0,-0.42784530175467955,-0.7120354179597976,1.0,-0.432263369779389,-0.3560177089798988
10.050251256281408,2.0,-0.6548450443613429,-0.28122299838496345,-0.9523783818292584,-1.5,0.19835670880121,0.557621894293276,0.24040119997308487,1.0,-0.2147248427750068,-0.843362290587483,1.0,-0.4216811452937415,-0.7271784294848667,1.0,-0.4294496855500136,-0.36358921474243333
10.150753768844222,2.0,-0.6228464210831476,-0.2661106976246307,-0.924635979772303,-1.5,0.20135792270813332,0.5574094668253835,0.2491020443214736,1.0,-0.21362465016805962,-0.8304755919140228,1.0,-0.4152377959570114,-0.7422664307553818,1.0,-0.42724930033611924,-0.3711332153776909
10.251256281407036,2.0,-0.5933102314286448,-0.25254988224099284,-0.8985557034361734,-1.5,0.20589067327178892,0.5607709506001809,0.2598475313485435,1.0,-0.2128312212254223,-0.8170903640592703,1.0,-0.40854518202963513,-0.7572393461617216,1.0,-0.4256624424508446,-0.3786196730808608
10.35175879396985,2.0,-0.5664324036726291,-0.2405577385709954,-0.8746121911526795,-1.5,0.21192752891988123,0.5674485860348977,0.27269273325524085,1.0,-0.2123446125356436,-0.8032678750046962,1.0,-0.4016339375023481,-0.7720358029324216,1.0,-0.4246892250712872,-0.3860179014662108
10.452261306532664,2.0,-0.5423469117588384,-0.23013390067488368,-0.8532131471428159,-1.5,0.2194475795831042,0.5771985958254412,0.28769341164828494,1.0,-0.21216484844410408,-0.789070351455197,1.0,-0.3945351757275985,-0.7865935332570015,1.0,-0.42432969688820815,-0.39329676662850077
10.552763819095478,2.0,-0.5211436407209031,-0.2212691855299136,-0.8347155602096397,-1.5,0.2284313407256308,0.5897796622012829,0.3048986556429866,1.0,-0.2122919366566862,-0.7745605226425581,1.0,-0.3872802613212791,-0.8008497993518345,1.0,-0.4245838733133724,-0.40042489967591727
10.653266331658292,2.0,-0.5028835580312714,-0.21395268883539514,-0.8194405460686744,-1.5,0.23885441714257272,0.6049395495714689,0.3243411436709662,1.0,-0.21272587403035623,-0.7598011669305398,1.0,-0.3799005834652699,-0.8147418353432408,1.0,-0.42545174806071245,-0.4073709176716204
10.753768844221106,2.0,-0.4876112449246334,-0.2081774706177224,-0.8076863847817561,-1.5,0.25067986582304436,0.6224002271880682,0.3460248245428331,1.0,-0.21346664251959457,-0.7448546676988677,1.0,-0.37242733384943383,-0.8282072995533506,1.0,-0.42693328503918915,-0.4141036497766753
10.85427135678392,2.0,-0.4753648533361419,-0.20394501797620387,-0.7997393122709264,-1.5,0.26384917999989377,0.6418417887280908,0.3699098357038755,1.0,-0.21451419530167645,-0.7297825849544226,1.0,-0.3648912924772113,-0.8411847306950684,1.0,-0.4290283906033529,-0.4205923653475342
10.954773869346734,2.0,-0.4661834948974706,-0.20126860121758683,-0.7958815171327012,-1.5,0.27827188884627263,0.6628856108619735,0.39589463429177335,1.0,-0.2158684331604796,-0.7146452488718779,1.0,-0.35732262443593893,-0.8536140016151176,1.0,-0.4317368663209592,-0.4268070008075588
11.055276381909549,2.0,-0.4601118926539999,-0.20017551739978537,-0.7963954953991895,-1.5,0.29381392497400854,0.6850774876281304,0.42379562100491036,1.0,-0.2175291712686892,-0.6995013810411476,1.0,-0.3497506905205738,-0.8654367645285709,1.0,-0.4350583425373784,-0.43271838226428544
11.155778894472363,2.0,-0.4572019148822834,-0.20070807132720267,-0.8015635462052194,-1.5,0.3102851995351373,0.7078719827863584,0.4533250641539407,1.0,-0.21949609657571026,-0.6844077485940778,1.0,-0.3422038742970389,-0.8765968821582905,1.0,-0.4389921931514205,-0.43829844107914523
11.256281407035177,2.0,-0.45751032355443666,-0.20292295410054179,-0.8116606832408763,-1.5,0.32742725797725164,0.7306199344553217,0.48406891647965444,1.0,-0.22176871608493562,-0.6694188556281551,1.0,-0.33470942781407753,-0.8870408397946251,1.0,-0.44353743216987124,-0.44352041989731256
11.35678391959799,2.0,-0.4610917918526039,-0.2068884715976498,-0.8269387423757635,-1.5,0.34490249847077664,0.7525619327849739,0.5154672080616437,1.0,-0.22434629639187478,-0.654586675470608,1.0,-0.327293337735304,-0.8967181339893695,1.0,-0.44869259278374957,-0.44835906699468475
11.457286432160805,2.0,-0.4679860231946368,-0.21267886424087484,-0.8475990954788545,-1.5,0.3622871831535998,0.772831533996464,0.5468010323762386,1.0,-0.22722779495534323,-0.6399604263688274,1.0,-0.3199802131844137,-0.9055816343539981,1.0,-0.45445558991068646,-0.45279081717699904
11.557788944723619,2.0,-0.4781978075185721,-0.22036481957278678,-0.873751476530709,-1.5,0.37907127024730874,0.790472761124329,0.5771915528144941,1.0,-0.23041178368872833,-0.6255863921910666,1.0,-0.3127931960955333,-0.913587915704501,1.0,-0.46082356737745667,-0.4567939578522505
11.658291457286433,2.0,-0.49166929043708774,-0.2299993202084326,-0.9053574306334465,-1.5,0.39466869958554496,0.8044766125269235,0.6056175135705598,1.0,-0.2338963655874929,-0.6115077887137225,1.0,-0.30575389435686123,-0.9206975585444794,1.0,-0.4677927311749858,-0.4603487792722397
11.758793969849247,2.0,-0.508244907734071,-0.2415983695086057,-0.9421594211498564,-1.5,0.40844178752335497,0.8138402413801065,0.6309577532579442,1.0,-0.23767908525216075,-0.597764675094786,1.0,-0.298882337547393,-0.9268754165686816,1.0,-0.4753581705043215,-0.4634377082843408
11.859296482412061,2.0,-0.5276316004068101,-0.25511709080476086,-0.9836011743171172,-1.5,0.41974228603163327,0.8176494513299891,0.6520632406097782,1.0,-0.24175683432158213,-0.5843939092200743,1.0,-0.29219695461003714,-0.9320908504710003,1.0,-0.48351366864316425,-0.46604542523550013
11.959798994974875,2.0,-0.5493600800979024,-0.2704233267610386,-1.0287513836613136,-1.5,0.42796893607319403,0.8151797437857256,0.6678583123338957,1.0,-0.24612575299687411,-0.5714291447870237,1.0,-0.28571457239351183,-0.9363179278315764,1.0,-0.49225150599374823,-0.4681589639157882
12.06030150753769,2.0,-0.5727564595484078,-0.28727302314225256,-1.0762501554029387,-1.5,0.43263694731741564,0.806003883589617,0.6774630153604699,1.0,-0.2507811290061697,-0.5589008672888061,1.0,-0.27945043364440303,-0.9395355892201658,1.0,-0.5015622580123394,-0.4697677946100829
12.160804020100503,2.0,-0.5969364284695846,-0.30529393820625167,-1.1243032362542136,-1.5,0.4334488702012426,0.7900854937460933,0.6803180711210638,1.0,-0.2557172955493427,-0.5468364654262017,1.0,-0.27341823271310084,-0.9417277809101741,1.0,-0.5114345910986854,-0.47086389045508703
12.261306532663317,2.0,-0.6208328739174035,-0.32398477652984325,-1.170746213991326,-1.5,0.4303530758224641,0.7678364372677098,0.6762880631351453,1.0,-0.2609275298886208,-0.5352603341804413,1.0,-0.26763016709022064,-0.9428835546384774,1.0,-0.5218550597772416,-0.4714417773192387
12.361809045226131,2.0,-0.6432639417357294,-0.3427361157044887,-1.2131921081671868,-1.5,0.4235730018632259,0.7401147611436009,0.6657135453431351,1.0,-0.2664039544791508,-0.5241940052042704,1.0,-0.2620970026021352,-0.9429971349657895,1.0,-0.5328079089583015,-0.47149856748289476
12.462311557788945,2.0,-0.6630369175365868,-0.3608743421794084,-1.2492516654008996,-1.5,0.413596733575779,0.7081552265932323,0.6493937146863357,1.0,-0.27213744260288125,-0.5136563002837288,1.0,-0.2568281501418644,-0.9420679545584768,1.0,-0.5442748852057625,-0.4710339772792384
12.56281407035176,2.0,-0.679071873241529,-0.3777235850145797,-1.276791829252211,-1.5,0.40112520994072176,0.6734404284169032,0.6284967894422362,1.0,-0.2781175306315719,-0.5036635033607767,1.0,-0.25183175168038835,-0.9401006576501866,1.0,-0.5562350612631438,-0.4700503288250933
12.663316582914574,2.0,-0.6905200803456474,-0.39267437927632554,-1.2941797387958298,-1.5,0.38698946278070534,0.6375387559580137,0.6044163137727218,1.0,-0.2843323390970528,-0.4942295467506979,1.0,-0.24711477337534896,-0.9371050716932185,1.0,-0.5686646781941056,-0.4685525358466093
12.763819095477388,2.0,-0.6968509891915317,-0.40524464037751934,-1.3004579461243755,-1.5,0.37205598670596024,0.6019446772239436,0.5786066794521992,1.0,-0.2907685047901515,-0.48536620729046365,1.0,-0.24268310364523182,-0.9330961470207088,1.0,-0.581537009580303,-0.4665480735103544
12.864321608040202,2.0,-0.6978905611190378,-0.41512083533604255,-1.2954158952677903,-1.5,0.35714085212332597,0.567953130955111,0.5524337224977496,1.0,-0.29741112608717185,-0.4770833083740768,1.0,-0.2385416541870384,-0.9280938641659275,1.0,-0.5948222521743437,-0.46404693208296377
12.964824120603016,2.0,-0.693807507201402,-0.4221731589395666,-1.2795518703024926,-1.5,0.3429477859685098,0.536586307595937,0.5270667973433574,1.0,-0.3042437236247834,-0.4693889241015897,1.0,-0.23469446205079486,-0.9221231083703578,1.0,-0.6084874472495668,-0.4610615541851789
13.06532663316583,2.0,-0.6850572995847911,-0.42644572786165347,-1.2539473924876234,-1.5,0.3300363249011105,0.5085745156952457,0.5034228393337516,1.0,-0.3112482183024103,-0.4622895820764253,1.0,-0.23114479103821264,-0.9152135107878079,1.0,-0.6224964366048206,-0.45760675539390394
13.165829145728644,2.0,-0.6723018796969763,-0.42812846371006025,-1.2200924508537287,-1.5,0.31881741886458176,0.484379795167429,0.48215781444871375,1.0,-0.3184049283805578,-0.4557904617249004,1.0,-0.2278952308624502,-0.9073992559738608,1.0,-0.6368098567611156,-0.4536996279869304
13.266331658291458,2.0,-0.6563236530880043,-0.42751949718543913,-1.1797008846275236,-1.5,0.30956866233643837,0.46424524850042387,0.4636919898348374,1.0,-0.3256925871663766,-0.44989558535729635,1.0,-0.22494779267864817,-0.8987188554587574,1.0,-0.6513851743327532,-0.4493594277293787
13.366834170854272,2.0,-0.6379481793032952,-0.424986254243888,-1.13454603703057,-1.5,0.30246005503290824,0.4482538666925625,0.44825330636885796,1.0,-0.33308838243571487,-0.4446079995361288,1.0,-0.2223039997680644,-0.8892148875396201,1.0,-0.6661767648714297,-0.44460744376981004
13.467336683417086,2.0,-0.6179837722174626,-0.42093101734575544,-1.0863335317167702,-1.5,0.29758259459181746,0.436384981225191,0.435925620129137,1.0,-0.34056801834404304,-0.4399299446499182,1.0,-0.2199649723249591,-0.8789337038889912,1.0,-0.6811360366880861,-0.4394668519444956
13.5678391959799,2.0,-0.5971804150196166,-0.4157639323815535,-1.0366157478160285,-1.5,0.2949745771457384,0.42856169112250325,0.42669306765611487,1.0,-0.34810580012733355,-0.4358630109103572,1.0,-0.2179315054551786,-0.8679251041596676,1.0,-0.6962116002546671,-0.4339625520798338
13.668341708542714,2.0,-0.5762065195929045,-0.40988420971364387,-0.9867444229548527,-1.5,0.29464297725191013,0.4246868759850117,0.420476143940464,1.0,-0.3556747414132272,-0.4324082792802337,1.0,-0.21620413964011684,-0.8562419804378447,1.0,-0.7113494828264544,-0.42812099021892236
13.768844221105528,2.0,-0.5556400722480999,-0.40366883799593617,-0.9378536919538677,-1.5,0.2965790620876457,0.4246680456336233,0.4171581902077634,1.0,-0.36324669345994653,-0.42956644610480743,1.0,-0.21478322305240372,-0.8439399341369902,1.0,-0.7264933869198931,-0.4219699670684951
13.869346733668342,2.0,-0.535970195132735,-0.39746745194665684,-0.890864862967261,-1.5,0.30076843814057386,0.4284325396700002,0.41660281961919865,1.0,-0.37079249513885987,-0.42733793045441665,1.0,-0.21366896522720832,-0.8310768686928897,1.0,-0.7415849902777197,-0.41553843434644483
13.969849246231156,2.0,-0.5176054992837174,-0.39160183395267545,-0.8465050380361888,-1.5,0.307196183208367,0.43593489819513137,0.41866363010572805,1.0,-0.3782821419928781,-0.42572296339317733,1.0,-0.21286148169658867,-0.8177125621806718,1.0,-0.7565642839857561,-0.4088562810903359
14.07035175879397,2.0,-0.5008863747359583,-0.3863686950809199,-0.8053333525770383,-1.5,0.31584776325236374,0.44715795288336246,0.42318769105080933,1.0,-0.3856849722500375,-0.42472165857265987,1.0,-0.21236082928632993,-0.8039082246962386,1.0,-0.771369944500075,-0.4019541123481193
14.170854271356784,2.0,-0.4860991691501431,-0.3820446519640242,-0.7677703496200127,-1.5,0.32670629367390186,0.4621086974443719,0.43001411583636784,1.0,-0.3929698672721047,-0.4243340637070374,1.0,-0.2121670318535187,-0.7897260459859671,1.0,-0.7859397345442094,-0.39486302299298354
14.271356783919598,2.0,-0.47349085504866334,-0.37889255616661444,-0.7341274372191218,-1.5,0.3397464801159863,0.480809436794313,0.4389687257460906,1.0,-0.40010546362893695,-0.42456019261494843,1.0,-0.21228009630747421,-0.7752287392579856,1.0,-0.8002109272578739,-0.3876143696289928
14.371859296482413,2.0,-0.4632833361394639,-0.3771685758932038,-0.7046345774536503,-1.5,0.3549253872966361,0.503284243730798,0.44985555777694397,1.0,-0.4070603737187553,-0.4254000376508723,1.0,-0.21270001882543615,-0.7604790875119363,1.0,-0.8141207474375106,-0.38023954375596813
14.472361809045227,2.0,-0.45568685006540505,-0.37712954648214053,-0.6794650916643103,-1.5,0.3721700238632948,0.5295403350801864,0.4624457551325847,1.0,-0.4138034117376998,-0.4268535624524371,1.0,-0.21342678122621855,-0.7455394988540773,1.0,-0.8276068234753996,-0.37276974942703867
14.57286432160804,2.0,-0.4509120722394195,-0.3790401344725049,-0.6587569052185074,-1.5,0.3913616910487215,0.559543735706311,0.47646431955852875,1.0,-0.4203038217518016,-0.4289206750463362,1.0,-0.2144603375231681,-0.7304715772488002,1.0,-0.8406076435036032,-0.3652357886244001
14.673366834170855,2.0,-0.4491804794902413,-0.38317925158504496,-0.6426296788532542,-1.5,0.412317143972655,0.5931885549229465,0.49157529826604063,1.0,-0.4265315046859352,-0.431601181465028,1.0,-0.215800590732514,-0.7153357149252694,1.0,-0.8530630093718704,-0.3576678574626347
14.773869346733669,2.0,-0.4507323118628378,-0.38984490420876783,-0.6311971569455401,-1.5,0.43476693567863,0.6302594827394689,0.5073662839186198,1.0,-0.43245724119219725,-0.4348947201486425,1.0,-0.21744736007432125,-0.7001907122398843,1.0,-0.8649144823843945,-0.35009535611994214
14.874371859296483,2.0,-0.45583104087763543,-0.39935622565454043,-0.6245737027712179,-1.5,0.45833192955498137,0.6703878707556289,0.5233336563135256,1.0,-0.4380529075922944,-0.43880067753944857,1.0,-0.21940033876972428,-0.6850934301980547,1.0,-0.8761058151845889,-0.34254671509902734
14.974874371859297,2.0,-0.4647626122718495,-0.4120508006087309,-0.6228734401723265,-1.5,0.48249997932550986,0.7130032235131173,0.5388708379827081,1.0,-0.44329168238657035,-0.4433180854286229,1.0,-0.22165904271431144,-0.6700984800902989,1.0,-0.8865833647731407,-0.33504924004514947
15.075376884422111,2.0,-0.47782689647737736,-0.42827456648014295,-0.6261997489394223,-1.5,0.5066062517481194,0.757284314227345,0.5532629598615072,1.0,-0.4481482411700317,-0.4484455007893551,1.0,-0.22422275039467754,-0.655257953827919,1.0,-0.8962964823400634,-0.3276289769139595
15.175879396984925,2.0,-0.4953178785298075,-0.44836069176118376,-0.6346222650818337,-1.5,0.529822578638615,0.8021175973272499,0.5656926247462678,1.0,-0.45259893817279406,-0.4541808690307045,1.0,-0.22709043451535224,-0.6406211976090048,1.0,-0.9051978763455881,-0.3203105988045024
15.27638190954774,2.0,-0.5174884718939853,-0.4725932141116066,-0.6481384040153851,-1.5,0.5511633010736343,0.8460749317182296,0.5752625770294456,1.0,-0.45662197302863194,-0.460521371834876,1.0,-0.230260685917438,-0.6262346305447413,1.0,-0.9132439460572639,-0.31311731527237063
15.376884422110553,2.0,-0.5444960938005332,-0.5011515277199401,-0.6666174297625322,-1.5,0.569516620382746,0.8874269885216086,0.5810413671300337,1.0,-0.46019754175089483,-0.46746326099765606,1.0,-0.23373163049882803,-0.6121416088677544,1.0,-0.9203950835017897,-0.3060708044338772
15.477386934673367,2.0,-0.5763273123505754,-0.5340340757130152,-0.6897281661983775,-1.5,0.583710224610859,0.9242111243657645,0.5821364789654915,1.0,-0.46330797124201395,-0.47500167997669046,1.0,-0.23750083998834523,-0.5983823353653775,1.0,-0.9266159424840279,-0.2991911676826888
15.577889447236181,2.0,-0.6127050804174453,-0.5709649597328939,-0.7168573621960318,-1.5,0.5926162387679399,0.9543698834101798,0.5777947217121734,1.0,-0.4659378369638185,-0.48313047515926955,1.0,-0.24156523757963477,-0.5849938127717383,1.0,-0.931875673927637,-0.29249690638586917
15.678391959798995,2.0,-0.6529916503569902,-0.6112969106359181,-0.7470352975481077,-1.5,0.5952910996983423,0.9759638819598508,0.5675206101381901,1.0,-0.4680740636589475,-0.4918419992106773,1.0,-0.24592099960533864,-0.5720098389770404,1.0,-0.936148127317895,-0.2860049194885202
15.77889447236181,2.0,-0.6961105468646844,-0.6539346137967996,-0.7788934628679096,-1.5,0.5911328898890877,0.9874419933727243,0.5511930369089403,1.0,-0.4697060091548338,-0.5011269091581055,1.0,-0.25056345457905277,-0.5594610413360949,1.0,-0.9394120183096676,-0.27973052066804743
15.879396984924623,2.0,-0.7405222735977949,-0.6973135860771777,-0.8106866798450002,-1.5,0.5800219603393079,0.9879203976303067,0.5291491492215552,1.0,-0.470825531478824,-0.5109739622887977,1.0,-0.25548698114439883,-0.5473749465403077,1.0,-0.941651062957648,-0.27368747327015386
15.979899497487438,2.0,-0.7842860531767789,-0.739467304313987,-0.8404034179710075,-1.5,0.5624028081265443,0.97739949005941,0.5022032887018434,1.0,-0.47142703948307385,-0.5213698132030781,1.0,-0.26068490660153903,-0.5357760823151981,1.0,-0.9428540789661477,-0.26788804115759907
16.080402010050253,2.0,-0.8252245166756198,-0.7781991425717782,-0.8659676775756517,-1.5,0.5392706065734012,0.9568436841475467,0.4715796583460234,1.0,-0.47150752725253414,-0.5322988157434325,1.0,-0.26614940787171626,-0.5246861066756499,1.0,-0.9430150545050683,-0.2623430533378249
16.180904522613066,2.0,-0.8611736656038813,-0.8113402883684437,-0.8855000311345322,-1.5,0.512052074639204,0.9280821536664681,0.4387637342555866,1.0,-0.4710665924738346,-0.5437428337657272,1.0,-0.2718714168828636,-0.5141239604172014,1.0,-0.9421331849476692,-0.2570619802086007
16.28140703517588,2.0,-0.8902651283771406,-0.8370387383339293,-0.8975760539700034,-1.5,0.4824054461063113,0.8935452401147311,0.4053058305591947,1.0,-0.4701064388873473,-0.5556810649590886,1.0,-0.2778405324795443,-0.5041060383922876,1.0,-0.9402128777746946,-0.2520530191961438
16.381909547738694,2.0,-0.9111681732370707,-0.8540048767630939,-0.9014120681194749,-1.5,0.45199345583613054,0.8559096967712267,0.37262820754797876,1.0,-0.4686318628366402,-0.5680898820899314,1.0,-0.2840449410449657,-0.49464637516753046,1.0,-0.9372637256732804,-0.24732318758376523
16.48241206030151,2.0,-0.9232305767288457,-0.8616515105551876,-0.8969311365750489,-1.5,0.4222879239936587,0.8177502836452482,0.34188207978297347,1.0,-0.46665022383040944,-0.5809426960958002,1.0,-0.2904713480479001,-0.48575684080623716,1.0,-0.9333004476608189,-0.24287842040311858
16.582914572864322,2.0,-0.9264927490121133,-0.8601028708367742,-0.8847030021211212,-1.5,0.3944467424460121,0.781280459544247,0.3138792483724024,1.0,-0.4641713989418005,-0.5942098454402985,1.0,-0.29710492272014927,-0.47744734271501255,1.0,-0.928342797883601,-0.23872367135750627
16.683417085427138,2.0,-0.9215919402117674,-0.8500906365305146,-0.8657914462834468,-1.5,0.3692725836911886,0.7482182823805754,0.289094907732297,1.0,-0.46120772081360495,-0.6078585159787715,1.0,-0.30392925798938575,-0.46972602976785016,1.0,-0.9224154416272099,-0.23486301488392508
16.78391959798995,2.0,-0.9095996420147519,-0.8327819493496349,-0.8415606705300057,-1.5,0.34723763194132196,0.7197688577711013,0.26771992210635587,1.0,-0.45777389902277954,-0.6218526952972064,1.0,-0.3109263476486032,-0.46259949523834426,1.0,-0.9155477980455591,-0.23129974761917213
16.884422110552766,2.0,-0.8918410787311654,-0.809590008904306,-0.813489228675589,-1.5,0.3285465943491551,0.6966865196046624,0.24973537138975974,1.0,-0.4538869245943015,-0.6361531651102206,1.0,-0.3180765825551103,-0.456072975374128,1.0,-0.907773849188603,-0.228036487687064
16.984924623115578,2.0,-0.8697334798502009,-0.7820051293797524,-0.7830219926910971,-1.5,0.3132120889348507,0.6793753278306266,0.2349876520553448,1.0,-0.44956595755888434,-0.6507175346976526,1.0,-0.3253587673488263,-0.4501505408449732,1.0,-0.8991319151177687,-0.2250752704224866
17.085427135678394,2.0,-0.844663033927884,-0.7514666272480193,-0.7514718320282336,-1.5,0.301124425616045,0.6679946697521353,0.2232512795998786,1.0,-0.4448321976122956,-0.6655003177363059,1.0,-0.33275015886815296,-0.444835278592524,1.0,-0.8896643952245912,-0.222417639296262
17.185929648241206,2.0,-0.8179048555909741,-0.7192798239789808,-0.7199680480890684,-1.5,0.29210709956830233,0.6625505600380145,0.21427490095734986,1.0,-0.4397087381632353,-0.6804530540515938,1.0,-0.3402265270257969,-0.44012946198299446,1.0,-0.8794174763264706,-0.22006473099149723
17.286432160804022,2.0,-0.7905808786004622,-0.686572697553113,-0.6894414042280641,-1.5,0.2859559092437106,0.6629644473544196,0.20781116871654362,1.0,-0.43422040434909626,-0.6955244769459168,1.0,-0.3477622384729584,-0.4360347074473634,1.0,-0.8684408086981925,-0.2180173537236817
17.386934673366834,2.0,-0.7636466589687122,-0.6542826459426413,-0.6606339566269223,-1.5,0.28246339203549437,0.6691187973105105,0.20363356325759774,1.0,-0.4283935759152246,-0.7106607257903661,1.0,-0.35533036289518305,-0.43255211613123123,1.0,-0.8567871518304492,-0.21627605806561562
17.48743718592965,2.0,-0.7378973966945208,-0.6231632007615135,-0.6341230476638141,-1.5,0.2814316894390665,0.6808823230976119,0.2015437392512329,1.0,-0.4222559962625091,-0.7258056025475036,1.0,-0.3629028012737518,-0.4296823992769364,1.0,-0.8445119925250182,-0.2148411996384682
17.587939698492463,2.0,-0.7139855408821639,-0.5938025956971839,-0.610351948136965,-1.5,0.28267687622696497,0.6981184783429103,0.20137240441081816,1.0,-0.4158365692976862,-0.7409008699201647,1.0,-0.37045043496008234,-0.4274259863742097,1.0,-0.8316731385953724,-0.21371299318710485
17.68844221105528,2.0,-0.6924439396233171,-0.5666478515113604,-0.589661875516156,-1.5,0.28602728771593094,0.7206806351145778,0.2029759826900501,1.0,-0.40916514614859034,-0.7558865878177936,1.0,-0.3779432939088968,-0.42578311526340057,1.0,-0.8183302922971807,-0.21289155763170028
17.78894472361809,2.0,-0.6737106308173225,-0.5420302555822598,-0.5723224406550024,-1.5,0.29131763797259475,0.7483964529329058,0.2062305065208506,1.0,-0.4022723041528136,-0.7707014839279762,1.0,-0.3853507419639881,-0.42475390358667825,1.0,-0.8045446083056272,-0.21237695179333912
17.889447236180906,2.0,-0.6581527470562145,-0.5201896109673421,-0.5585589687774082,-1.5,0.2983801141412803,0.7810431220854465,0.2110235676088474,1.0,-0.39518912083406627,-0.7852833534164039,1.0,-0.39264167670820194,-0.424338401135398,1.0,-0.7903782416681325,-0.212169200567699
17.98994974874372,2.0,-0.6460879573904809,-0.5012956995591372,-0.5485759989078262,-1.5,0.3070332107066021,0.8183146176965721,0.21724473726138943,1.0,-0.38794694578726335,-0.7995694822198358,1.0,-0.3997847411099179,-0.4245366227870111,1.0,-0.7758938915745267,-0.21226831139350555
18.090452261306535,2.0,-0.6378022729297725,-0.4854659729040604,-0.5425765590352154,-1.5,0.31706891256926206,0.8597821231004441,0.22477467659977307,1.0,-0.380577173764254,-0.8134970875575471,1.0,-0.40674854377877356,-0.42534856182219793,1.0,-0.761154347528508,-0.21267428091109897
18.190954773869347,2.0,-0.6335633221696827,-0.4727789173152682,-0.5407769391164472,-1.5,0.3282387599820921,0.9048489727450535,0.23347304801175864,1.0,-0.37311102203344343,-0.8270037695679996,1.0,-0.4135018847839998,-0.42677418356899044,1.0,-0.7462220440668869,-0.21338709178449522
18.291457286432163,2.0,-0.6336278238402909,-0.4632824520416515,-0.5434162021882629,-1.5,0.3402396594146662,0.9527027650789072,0.24316554160605175,1.0,-0.36557931534144894,-0.8400279673903063,1.0,-0.42001398369515314,-0.42881339939803026,1.0,-0.7311586306828979,-0.21440669969901513
18.391959798994975,2.0,-0.6382416245438962,-0.45699668037659413,-0.5507591486373435,-1.5,0.35270075410046114,1.00226904325304,0.2536306517547819,1.0,-0.35801228155808207,-0.85250941337729,1.0,-0.426254706688645,-0.4314660212195735,1.0,-0.7160245631161641,-0.21573301060978675
18.49246231155779,2.0,-0.647630059814086,-0.4539101285548854,-0.563090629539365,-1.5,0.36517340683756044,1.0521736250626477,0.26458742460449464,1.0,-0.35043936092557887,-0.8643895793299246,1.0,-0.4321947896649623,-0.43473169675061907,1.0,-0.7008787218511577,-0.21736584837530953
18.592964824120603,2.0,-0.661975878804221,-0.45396853595416226,-0.5806982499754548,-1.5,0.37712724415999516,1.1007239388889052,0.27568619153889085,1.0,-0.342889031526497,-0.875612109122983,1.0,-0.4378060545614915,-0.4386098259534892,1.0,-0.685778063052994,-0.2193049129767446
18.69346733668342,2.0,-0.6813819062784965,-0.4570555197389985,-0.6038399083567603,-1.5,0.3879560855517745,1.1459230022343467,0.28650521950006375,1.0,-0.33538865321160244,-0.8861232326884725,1.0,-0.44306161634423624,-0.44309945919664395,1.0,-0.6707773064232049,-0.22154972959832198
18.79396984924623,2.0,-0.705816537436989,-0.46296529816472975,-0.6326927836056394,-1.5,0.3969980967306648,1.1855318041182603,0.29655703428112723,1.0,-0.3279643318119763,-0.8958721569810649,1.0,-0.44793607849053246,-0.44819917786505703,1.0,-0.6559286636239526,-0.22409958893252852
18.894472361809047,2.0,-0.7350429604897138,-0.4713695330714533,-0.6672822288961592,-1.5,0.4035739789046199,1.2171944970038053,0.30530839538565857,1.0,-0.32064080496560965,-0.9048114303411088,1.0,-0.4524057151705544,-0.4539069583440335,1.0,-0.6412816099312193,-0.22695347917201675
18.99497487437186,2.0,-0.7685382293580187,-0.48178332088347564,-0.7073933593720373,-1.5,0.4070447614508041,1.2386335150739647,0.3122169141128247,1.0,-0.3134413503970535,-0.9128972774339468,1.0,-0.4564486387169734,-0.4602200205206074,1.0,-0.626882700794107,-0.2301100102603037
19.095477386934675,2.0,-0.8054166332510341,-0.493539526977227,-0.7524760538816656,-1.5,0.4068860631994346,1.2479058609157119,0.3167843061752862,1.0,-0.30638771699131245,-0.9200899026399334,1.0,-0.4600449513199667,-0.46713466224575234,1.0,-0.6127754339826249,-0.23356733112287617
19.195979899497488,2.0,-0.8443796215152678,-0.5057835258271114,-0.8015629571003319,-1.5,0.4027690617718352,1.2436887834576742,0.3186212614524837,1.0,-0.2995000784833401,-0.9263537606288726,1.0,-0.4631768803144363,-0.47464608138096703,1.0,-0.5990001569666802,-0.23732304069048352
19.296482412060303,2.0,-0.8837207827946784,-0.5175016042991205,-0.8532292122942964,-1.5,0.3946316626357388,1.2255388798257334,0.3175128664435769,1.0,-0.2927970091766845,-0.9316577932244804,1.0,-0.4658288966122402,-0.48274818749653287,1.0,-0.585594018353369,-0.24137409374826643
19.396984924623116,2.0,-0.9214102723644993,-0.527591193579763,-0.9056235760384458,-1.5,0.3827194075330954,1.1940534649675365,0.31346850299740514,1.0,-0.28629548063636845,-0.9359756323809747,1.0,-0.46798781619048735,-0.4914334055091755,1.0,-0.5725909612727369,-0.24571670275458776
19.49748743718593,2.0,-0.9552662922304895,-0.5349699063660766,-0.9565892862953835,-1.5,0.36757913609485504,1.1508728388028375,0.30674017837915657,1.0,-0.28001087797045254,-0.9392857693418031,1.0,-0.46964288467090154,-0.5006924739602215,1.0,-0.5600217559409051,-0.25034623698011077
19.597989949748744,2.0,-0.9831932939670208,-0.5387054373618341,-1.0038683563014708,-1.5,0.3499999900028551,1.0985002740398604,0.29779996536595144,1.0,-0.2739570340173129,-0.941571690357105,1.0,-0.4707858451785525,-0.5105142409235877,1.0,-0.5479140680346258,-0.25525712046179383
19.69849246231156,2.0,-1.0034382296859563,-0.5381364559988481,-1.0453527695916427,-1.5,0.33091255016550136,1.0399720852259682,0.2872792270402153,1.0,-0.26814627950106473,-0.9428219794376252,1.0,-0.4714109897188126,-0.5208854609410308,1.0,-0.5362925590021295,-0.2604427304705154
19.798994974874372,2.0,-1.0148032151597497,-0.5329533521074182,-1.079325614541198,-1.5,0.3112708424843394,0.9784595451887177,0.27588484507336974,1.0,-0.2625895070816863,-0.9430303886281406,1.0,-0.4715151943140703,-0.5317905966484799,1.0,-0.5251790141633726,-0.26589529832423997
19.899497487437188,2.0,-1.016764220094242,-0.5232192360839931,-1.1046362967015537,-1.5,0.2919454920921396,0.9168994624129793,0.2643136439189105,1.0,-0.2572962471257579,-0.9421958761982878,1.0,-0.4710979380991439,-0.543211629043736,1.0,-0.5145924942515158,-0.271605814521868
20.0,2.0,-1.009474577010862,-0.5093298990752483,-1.1207749649608054,-1.5,0.27364991983084336,0.8577306922011657,0.25318450004795634,1.0,-0.25227475296278207,-0.9403226129918528,1.0,-0.4701613064959264,-0.5551278806245489,1.0,-0.5045495059255641,-0.27756394031227444
