time,A_1_1,A_1_2,A_1_3,A_1_4,A_1_5,A_1_6,A_1_7,A_1_8,A_1_9,A_2_1,A_2_2,A_2_3,A_2_4,A_2_5,A_2_6,A_2_7,A_2_8,A_2_9,A_3_1,A_3_2,A_3_3,A_3_4,A_3_5,A_3_6,A_3_7,A_3_8,A_3_9,A_4_1,A_4_2,A_4_3,A_4_4,A_4_5,A_4_6,A_4_7,A_4_8,A_4_9,A_5_1,A_5_2,A_5_3,A_5_4,A_5_5,A_5_6,A_5_7,A_5_8,A_5_9,A_6_1,A_6_2,A_6_3,A_6_4,A_6_5,A_6_6,A_6_7,A_6_8,A_6_9,A_7_1,A_7_2,A_7_3,A_7_4,A_7_5,A_7_6,A_7_7,A_7_8,A_7_9,A_8_1,A_8_2,A_8_3,A_8_4,A_8_5,A_8_6,A_8_7,A_8_8,A_8_9,A_9_1,A_9_2,A_9_3,A_9_4,A_9_5,A_9_6,A_9_7,A_9_8,A_9_9
0.0,7.0,0.0,7.0,7.0,0.0,0.0,0.0,0.0,0.0,0.9999999999999999,0.9999999999999999,0.0,0.9999999999999999,0.0,0.0,0.0,0.009999999999999997,0.0,1.0,1.0,1.0,0.0,0.0,0.0,0.0,0.0,0.0,0.0,1.0,1.0,1.0,0.0,0.0,0.0,0.0,0.01,0.0,0.0,0.0,0.0,14.0,0.0,0.0,0.0,0.0,0.0,0.0,0.0,0.0,0.0,12.0,0.0,0.0,0.0,0.0,0.0,0.0,0.0,0.0,0.0,13.0,0.0,0.0,0.0,0.0,0.0,0.0,0.3,0.3,0.3,0.0,0.0,0.0,0.0,0.0,0.0,0.0,0.0,0.0,0.0,0.0
0.10077519379844961,6.372092117893469,0.0,6.372092117893469,6.372092117893469,0.0,0.0,0.0,0.0,0.0,1.620615541348669,1.620615541348669,0.0,1.620615541348669,0.0,0.0,0.0,0.04256376121790562,0.0,0.941686209880298,0.941686209880298,0.941686209880298,0.0,0.0,0.0,0.0,0.0,0.0,0.0,0.911227032840295,0.911227032840295,0.911227032840295,0.0,0.0,0.0,0.0,0.007566234298467612,0.0,0.0,0.0,0.0,12.748415900233418,0.0,0.0,0.0,0.0,0.0,0.0,0.0,0.0,0.0,15.243515644954124,0.0,0.0,0.0,0.0,0.0,0.0,0.0,0.0,0.0,13.969644602047987,0.0,0.0,0.0,0.0,0.0,0.0,0.30068852882527675,0.30068852882527675,0.30068852882527675,0.0,0.0,0.0,0.0,0.0,0.0,0.0,0.0,0.0,0.0,0.0
0.20155038759689922,5.7425852092352505,0.0,5.7425852092352505,5.7425852092352505,0.0,0.0,0.0,0.0,0.0,2.4650615984985103,2.4650615984985103,0.0,2.4650615984985103,0.0,0.0,0.0,0.14979017512069467,0.0,0.9536073969296609,0.9536073969296609,0.9536073969296609,0.0,0.0,0.0,0.0,0.0,0.0,0.0,0.8272319554300546,0.8272319554300546,0.8272319554300546,0.0,0.0,0.0,0.0,0.00566085339634486,0.0,0.0,0.0,0.0,12.42798018505014,0.0,0.0,0.0,0.0,0.0,0.0,0.0,0.0,0.0,16.086006928472557,0.0,0.0,0.0,0.0,0.0,0.0,0.0,0.0,0.0,14.221972015777363,0.0,0.0,0.0,0.0,0.0,0.0,0.3033324155012716,0.3033324155012716,0.3033324155012716,0.0,0.0,0.0,0.0,0.0,0.0,0.0,0.0,0.0,0.0,0.0
0.3023255813953488,5.02469222351641,0.0,5.02469222351641,5.02469222351641,0.0,0.0,0.0,0.0,0.0,3.4314653758534157,3.4314653758534157,0.0,3.4314653758534157,0.0,0.0,0.0,0.40405349100268767,0.0,1.037524107962833,1.037524107962833,1.037524107962833,0.0,0.0,0.0,0.0,0.0,0.0,0.0,0.7389721495575108,0.7389721495575108,0.7389721495575108,0.0,0.0,0.0,0.0,0.004035377915850802,0.0,0.0,0.0,0.0,12.342153014220981,0.0,0.0,0.0,0.0,0.0,0.0,0.0,0.0,0.0,16.26444838790716,0.0,0.0,0.0,0.0,0.0,0.0,0.0,0.0,0.0,14.287315945781579,0.0,0.0,0.0,0.0,0.0,0.0,0.3114625923014556,0.3114625923014556,0.3114625923014556,0.0,0.0,0.0,0.0,0.0,0.0,0.0,0.0,0.0,0.0,0.0
0.40310077519379844,4.25492707140063,0.0,4.25492707140063,4.25492707140063,0.0,0.0,0.0,0.0,0.0,4.324575860964885,4.324575860964885,0.0,4.324575860964885,0.0,0.0,0.0,0.808780291018312,0.0,1.2126266132593089,1.2126266132593089,1.2126266132593089,0.0,0.0,0.0,0.0,0.0,0.0,0.0,0.6528919816573089,0.6528919816573089,0.6528919816573089,0.0,0.0,0.0,0.0,0.002783069198758122,0.0,0.0,0.0,0.0,12.327752149142375,0.0,0.0,0.0,0.0,0.0,0.0,0.0,0.0,0.0,16.311271268340256,0.0,0.0,0.0,0.0,0.0,0.0,0.0,0.0,0.0,14.313957364149582,0.0,0.0,0.0,0.0,0.0,0.0,0.3308013063020525,0.3308013063020525,0.3308013063020525,0.0,0.0,0.0,0.0,0.0,0.0,0.0,0.0,0.0,0.0,0.0
0.5038759689922481,3.5142671580275504,0.0,3.5142671580275504,3.5142671580275504,0.0,0.0,0.0,0.0,0.0,4.962890745182232,4.962890745182232,0.0,4.962890745182232,0.0,0.0,0.0,1.2223741123752856,0.0,1.5070845307288736,1.5070845307288736,1.5070845307288736,0.0,0.0,0.0,0.0,0.0,0.0,0.0,0.5806120710416192,0.5806120710416192,0.5806120710416192,0.0,0.0,0.0,0.0,0.001957303541823732,0.0,0.0,0.0,0.0,12.344229641965867,0.0,0.0,0.0,0.0,0.0,0.0,0.0,0.0,0.0,16.344164606658314,0.0,0.0,0.0,0.0,0.0,0.0,0.0,0.0,0.0,14.342621465751169,0.0,0.0,0.0,0.0,0.0,0.0,0.3667356734029695,0.3667356734029695,0.3667356734029695,0.0,0.0,0.0,0.0,0.0,0.0,0.0,0.0,0.0,0.0,0.0
0.6046511627906976,2.8620167746903618,0.0,2.8620167746903618,2.8620167746903618,0.0,0.0,0.0,0.0,0.0,5.266039557052875,5.266039557052875,0.0,5.266039557052875,0.0,0.0,0.0,1.4603345196166422,0.0,1.9490386493155623,1.9490386493155623,1.9490386493155623,0.0,0.0,0.0,0.0,0.0,0.0,0.0,0.5315408320110823,0.5315408320110823,0.5315408320110823,0.0,0.0,0.0,0.0,0.0015017923771355117,0.0,0.0,0.0,0.0,12.382397204339988,0.0,0.0,0.0,0.0,0.0,0.0,0.0,0.0,0.0,16.388846394675014,0.0,0.0,0.0,0.0,0.0,0.0,0.0,0.0,0.0,14.385478504111866,0.0,0.0,0.0,0.0,0.0,0.0,0.4206686873761428,0.4206686873761428,0.4206686873761428,0.0,0.0,0.0,0.0,0.0,0.0,0.0,0.0,0.0,0.0,0.0
0.7054263565891473,2.316583883492258,0.0,2.316583883492258,2.316583883492258,0.0,0.0,0.0,0.0,0.0,5.2466919953457305,5.2466919953457305,0.0,5.2466919953457305,0.0,0.0,0.0,1.4442976667954393,0.0,2.549301155261559,2.549301155261559,2.549301155261559,0.0,0.0,0.0,0.0,0.0,0.0,0.0,0.5115426129796222,0.5115426129796222,0.5115426129796222,0.0,0.0,0.0,0.0,0.0013385834545073712,0.0,0.0,0.0,0.0,12.43810766544446,0.0,0.0,0.0,0.0,0.0,0.0,0.0,0.0,0.0,16.44843438743023,0.0,0.0,0.0,0.0,0.0,0.0,0.0,0.0,0.0,14.44371616353173,0.0,0.0,0.0,0.0,0.0,0.0,0.48798523889950113,0.48798523889950113,0.48798523889950113,0.0,0.0,0.0,0.0,0.0,0.0,0.0,0.0,0.0,0.0,0.0
0.8062015503875969,1.8716203498695265,0.0,1.8716203498695265,1.8716203498695265,0.0,0.0,0.0,0.0,0.0,4.965902173119637,4.965902173119637,0.0,4.965902173119637,0.0,0.0,0.0,1.224600632667015,0.0,3.277338960139916,3.277338960139916,3.277338960139916,0.0,0.0,0.0,0.0,0.0,0.0,0.0,0.5258300610542493,0.5258300610542493,0.5258300610542493,0.0,0.0,0.0,0.0,0.0014539056748327783,0.0,0.0,0.0,0.0,12.504507823615096,0.0,0.0,0.0,0.0,0.0,0.0,0.0,0.0,0.0,16.516994025322838,0.0,0.0,0.0,0.0,0.0,0.0,0.0,0.0,0.0,14.511483488440241,0.0,0.0,0.0,0.0,0.0,0.0,0.5589338605604085,0.5589338605604085,0.5589338605604085,0.0,0.0,0.0,0.0,0.0,0.0,0.0,0.0,0.0,0.0,0.0
0.9069767441860465,1.5149071167591885,0.0,1.5149071167591885,1.5149071167591885,0.0,0.0,0.0,0.0,0.0,4.507066433474594,4.507066433474594,0.0,4.507066433474594,0.0,0.0,0.0,0.9155496030194797,0.0,4.049407619346246,4.049407619346246,4.049407619346246,0.0,0.0,0.0,0.0,0.0,0.0,0.0,0.5825172398003796,0.5825172398003796,0.5825172398003796,0.0,0.0,0.0,0.0,0.0019766343986043354,0.0,0.0,0.0,0.0,12.571835140130208,0.0,0.0,0.0,0.0,0.0,0.0,0.0,0.0,0.0,16.58456790915062,0.0,0.0,0.0,0.0,0.0,0.0,0.0,0.0,0.0,14.579050945525882,0.0,0.0,0.0,0.0,0.0,0.0,0.6227332690281062,0.6227332690281062,0.6227332690281062,0.0,0.0,0.0,0.0,0.0,0.0,0.0,0.0,0.0,0.0,0.0
1.0077519379844961,1.2361485676157105,0.0,1.2361485676157105,1.2361485676157105,0.0,0.0,0.0,0.0,0.0,3.960809745631179,3.960809745631179,0.0,3.960809745631179,0.0,0.0,0.0,0.6213723811137392,0.0,4.751295255724635,4.751295255724635,4.751295255724635,0.0,0.0,0.0,0.0,0.0,0.0,0.0,0.695524351951268,0.695524351951268,0.695524351951268,0.0,0.0,0.0,0.0,0.0033646277370821165,0.0,0.0,0.0,0.0,12.630975492523511,0.0,0.0,0.0,0.0,0.0,0.0,0.0,0.0,0.0,16.64224784854255,0.0,0.0,0.0,0.0,0.0,0.0,0.0,0.0,0.0,14.637439681484203,0.0,0.0,0.0,0.0,0.0,0.0,0.6725823800946386,0.6725823800946386,0.6725823800946386,0.0,0.0,0.0,0.0,0.0,0.0,0.0,0.0,0.0,0.0,0.0
1.1085271317829457,1.0267014756281105,0.0,1.0267014756281105,1.0267014756281105,0.0,0.0,0.0,0.0,0.0,3.4052556812227652,3.4052556812227652,0.0,3.4052556812227652,0.0,0.0,0.0,0.3948654891626708,0.0,5.284585135488942,5.284585135488942,5.284585135488942,0.0,0.0,0.0,0.0,0.0,0.0,0.0,0.8866621506831103,0.8866621506831103,0.8866621506831103,0.0,0.0,0.0,0.0,0.006970669785861273,0.0,0.0,0.0,0.0,12.676952298575594,0.0,0.0,0.0,0.0,0.0,0.0,0.0,0.0,0.0,16.68581747542708,0.0,0.0,0.0,0.0,0.0,0.0,0.0,0.0,0.0,14.682093102653461,0.0,0.0,0.0,0.0,0.0,0.0,0.707462927702541,0.707462927702541,0.707462927702541,0.0,0.0,0.0,0.0,0.0,0.0,0.0,0.0,0.0,0.0,0.0
1.2093023255813953,0.8782019497296759,0.0,0.8782019497296759,0.8782019497296759,0.0,0.0,0.0,0.0,0.0,2.889899496676021,2.889899496676021,0.0,2.889899496676021,0.0,0.0,0.0,0.2413505084613733,0.0,5.595302756941064,5.595302756941064,5.595302756941064,0.0,0.0,0.0,0.0,0.0,0.0,0.0,1.1856524504475174,1.1856524504475174,1.1856524504475174,0.0,0.0,0.0,0.0,0.016667567003003283,0.0,0.0,0.0,0.0,12.709447037983253,0.0,0.0,0.0,0.0,0.0,0.0,0.0,0.0,0.0,16.71579862730931,0.0,0.0,0.0,0.0,0.0,0.0,0.0,0.0,0.0,14.713168299503781,0.0,0.0,0.0,0.0,0.0,0.0,0.730102470777907,0.730102470777907,0.730102470777907,0.0,0.0,0.0,0.0,0.0,0.0,0.0,0.0,0.0,0.0,0.0
1.3100775193798448,0.7832627045589271,0.0,0.7832627045589271,0.7832627045589271,0.0,0.0,0.0,0.0,0.0,2.4346473669814634,2.4346473669814634,0.0,2.4346473669814634,0.0,0.0,0.0,0.14431391261805238,0.0,5.668806822949521,5.668806822949521,5.668806822949521,0.0,0.0,0.0,0.0,0.0,0.0,0.0,1.6243952534709816,1.6243952534709816,1.6243952534709816,0.0,0.0,0.0,0.0,0.04286226681246291,0.0,0.0,0.0,0.0,12.730899369793393,0.0,0.0,0.0,0.0,0.0,0.0,0.0,0.0,0.0,16.73514828345303,0.0,0.0,0.0,0.0,0.0,0.0,0.0,0.0,0.0,14.733410990494255,0.0,0.0,0.0,0.0,0.0,0.0,0.7441386987237656,0.7441386987237656,0.7441386987237656,0.0,0.0,0.0,0.0,0.0,0.0,0.0,0.0,0.0,0.0,0.0
1.4108527131782946,0.7374132757401528,0.0,0.7374132757401528,0.7374132757401528,0.0,0.0,0.0,0.0,0.0,2.0406682361366077,2.0406682361366077,0.0,2.0406682361366077,0.0,0.0,0.0,0.08498009527638663,0.0,5.513728275140196,5.513728275140196,5.513728275140196,0.0,0.0,0.0,0.0,0.0,0.0,0.0,2.2204069687528345,2.2204069687528345,2.2204069687528345,0.0,0.0,0.0,0.0,0.1094706621752476,0.0,0.0,0.0,0.0,12.744420142419914,0.0,0.0,0.0,0.0,0.0,0.0,0.0,0.0,0.0,16.74712810678257,0.0,0.0,0.0,0.0,0.0,0.0,0.0,0.0,0.0,14.746032601809778,0.0,0.0,0.0,0.0,0.0,0.0,0.7525983263083026,0.7525983263083026,0.7525983263083026,0.0,0.0,0.0,0.0,0.0,0.0,0.0,0.0,0.0,0.0,0.0
1.5116279069767442,0.7409197134151564,0.0,0.7409197134151564,0.7409197134151564,0.0,0.0,0.0,0.0,0.0,1.7030221193002075,1.7030221193002075,0.0,1.7030221193002075,0.0,0.0,0.0,0.049392483812802646,0.0,5.157700651777315,5.157700651777315,5.157700651777315,0.0,0.0,0.0,0.0,0.0,0.0,0.0,2.9505056885123064,2.9505056885123064,2.9505056885123064,0.0,0.0,0.0,0.0,0.25685579526094066,0.0,0.0,0.0,0.0,12.7526732580829,0.0,0.0,0.0,0.0,0.0,0.0,0.0,0.0,0.0,16.75434090436311,0.0,0.0,0.0,0.0,0.0,0.0,0.0,0.0,0.0,14.75367205406134,0.0,0.0,0.0,0.0,0.0,0.0,0.7575936431003406,0.7575936431003406,0.7575936431003406,0.0,0.0,0.0,0.0,0.0,0.0,0.0,0.0,0.0,0.0,0.0
1.6124031007751938,0.8001685198737666,0.0,0.8001685198737666,0.8001685198737666,0.0,0.0,0.0,0.0,0.0,1.4185633507708189,1.4185633507708189,0.0,1.4185633507708189,0.0,0.0,0.0,0.028546062109915425,0.0,4.652657317822176,4.652657317822176,4.652657317822176,0.0,0.0,0.0,0.0,0.0,0.0,0.0,3.733573076066323,3.733573076066323,3.733573076066323,0.0,0.0,0.0,0.0,0.5204439545693056,0.0,0.0,0.0,0.0,12.757595839987454,0.0,0.0,0.0,0.0,0.0,0.0,0.0,0.0,0.0,16.75859761245904,0.0,0.0,0.0,0.0,0.0,0.0,0.0,0.0,0.0,14.758198585175672,0.0,0.0,0.0,0.0,0.0,0.0,0.7605016643727348,0.7605016643727348,0.7605016643727348,0.0,0.0,0.0,0.0,0.0,0.0,0.0,0.0,0.0,0.0,0.0
1.7131782945736433,0.9287413638293808,0.0,0.9287413638293808,0.9287413638293808,0.0,0.0,0.0,0.0,0.0,1.187317158077806,1.187317158077806,0.0,1.187317158077806,0.0,0.0,0.0,0.01673787158929393,0.0,4.070995848801278,4.070995848801278,4.070995848801278,0.0,0.0,0.0,0.0,0.0,0.0,0.0,4.4497391057384075,4.4497391057384075,4.4497391057384075,0.0,0.0,0.0,0.0,0.8810562683281532,0.0,0.0,0.0,0.0,12.76049078666077,0.0,0.0,0.0,0.0,0.0,0.0,0.0,0.0,0.0,16.76108312636617,0.0,0.0,0.0,0.0,0.0,0.0,0.0,0.0,0.0,14.760848356693117,0.0,0.0,0.0,0.0,0.0,0.0,0.7621947127522489,0.7621947127522489,0.7621947127522489,0.0,0.0,0.0,0.0,0.0,0.0,0.0,0.0,0.0,0.0,0.0
1.813953488372093,1.14770488495683,0.0,1.14770488495683,1.14770488495683,0.0,0.0,0.0,0.0,0.0,1.0097107010369328,1.0097107010369328,0.0,1.0097107010369328,0.0,0.0,0.0,0.010294159119515998,0.0,3.4845825616126223,3.4845825616126223,3.4845825616126223,0.0,0.0,0.0,0.0,0.0,0.0,0.0,4.990549024805488,4.990549024805488,4.990549024805488,0.0,0.0,0.0,0.0,1.242925158302236,0.0,0.0,0.0,0.0,12.762195357680755,0.0,0.0,0.0,0.0,0.0,0.0,0.0,0.0,0.0,16.76254493594176,0.0,0.0,0.0,0.0,0.0,0.0,0.0,0.0,0.0,14.76240665110445,0.0,0.0,0.0,0.0,0.0,0.0,0.7632079332891389,0.7632079332891389,0.7632079332891389,0.0,0.0,0.0,0.0,0.0,0.0,0.0,0.0,0.0,0.0,0.0
1.9147286821705427,1.4830932912367927,0.0,1.4830932912367927,1.4830932912367927,0.0,0.0,0.0,0.0,0.0,0.8843638495455076,0.8843638495455076,0.0,0.8843638495455076,0.0,0.0,0.0,0.006916604523684476,0.0,2.942720989617724,2.942720989617724,2.942720989617724,0.0,0.0,0.0,0.0,0.0,0.0,0.0,5.295605673392142,5.295605673392142,5.295605673392142,0.0,0.0,0.0,0.0,1.4850699704259165,0.0,0.0,0.0,0.0,12.7632262934404,0.0,0.0,0.0,0.0,0.0,0.0,0.0,0.0,0.0,16.763436992102335,0.0,0.0,0.0,0.0,0.0,0.0,0.0,0.0,0.0,14.763353376464343,0.0,0.0,0.0,0.0,0.0,0.0,0.7638555837726005,0.7638555837726005,0.7638555837726005,0.0,0.0,0.0,0.0,0.0,0.0,0.0,0.0,0.0,0.0,0.0
2.0155038759689923,1.9568240698920494,0.0,1.9568240698920494,1.9568240698920494,0.0,0.0,0.0,0.0,0.0,0.8088534021445428,0.8088534021445428,0.0,0.8088534021445428,0.0,0.0,0.0,0.005291873446222272,0.0,2.4666810264149803,2.4666810264149803,2.4666810264149803,0.0,0.0,0.0,0.0,0.0,0.0,0.0,5.352127752119563,5.352127752119563,5.352127752119563,0.0,0.0,0.0,0.0,1.5331315242839143,0.0,0.0,0.0,0.0,12.763890694006264,0.0,0.0,0.0,0.0,0.0,0.0,0.0,0.0,0.0,16.764024910014726,0.0,0.0,0.0,0.0,0.0,0.0,0.0,0.0,0.0,14.763971079051542,0.0,0.0,0.0,0.0,0.0,0.0,0.7643170537419672,0.7643170537419672,0.7643170537419672,0.0,0.0,0.0,0.0,0.0,0.0,0.0,0.0,0.0,0.0,0.0
2.1162790697674416,2.5685058384554664,0.0,2.5685058384554664,2.5685058384554664,0.0,0.0,0.0,0.0,0.0,0.7822469100992212,0.7822469100992212,0.0,0.7822469100992212,0.0,0.0,0.0,0.004786648853925461,0.0,2.058991404212637,2.058991404212637,2.058991404212637,0.0,0.0,0.0,0.0,0.0,0.0,0.0,5.178726499354351,5.178726499354351,5.178726499354351,0.0,0.0,0.0,0.0,1.3888934396459423,0.0,0.0,0.0,0.0,12.76436851679336,0.0,0.0,0.0,0.0,0.0,0.0,0.0,0.0,0.0,16.7644631301652,0.0,0.0,0.0,0.0,0.0,0.0,0.0,0.0,0.0,14.764424458133295,0.0,0.0,0.0,0.0,0.0,0.0,0.7646990819672047,0.7646990819672047,0.7646990819672047,0.0,0.0,0.0,0.0,0.0,0.0,0.0,0.0,0.0,0.0,0.0
2.2170542635658914,3.2748020260942434,0.0,3.2748020260942434,3.2748020260942434,0.0,0.0,0.0,0.0,0.0,0.8075831041069313,0.8075831041069313,0.0,0.8075831041069313,0.0,0.0,0.0,0.005266980042630435,0.0,1.7156361072318522,1.7156361072318522,1.7156361072318522,0.0,0.0,0.0,0.0,0.0,0.0,0.0,4.817012791552619,4.817012791552619,4.817012791552619,0.0,0.0,0.0,0.0,1.11772096941316,0.0,0.0,0.0,0.0,12.76477196723008,0.0,0.0,0.0,0.0,0.0,0.0,0.0,0.0,0.0,16.764849895667858,0.0,0.0,0.0,0.0,0.0,0.0,0.0,0.0,0.0,14.764817225474566,0.0,0.0,0.0,0.0,0.0,0.0,0.7650796902867135,0.7650796902867135,0.7650796902867135,0.0,0.0,0.0,0.0,0.0,0.0,0.0,0.0,0.0,0.0,0.0
2.317829457364341,3.9862836771428647,0.0,3.9862836771428647,3.9862836771428647,0.0,0.0,0.0,0.0,0.0,0.8936610760159636,0.8936610760159636,0.0,0.8936610760159636,0.0,0.0,0.0,0.007137046512930623,0.0,1.433243597932082,1.433243597932082,1.433243597932082,0.0,0.0,0.0,0.0,0.0,0.0,0.0,4.32890368547423,4.32890368547423,4.32890368547423,0.0,0.0,0.0,0.0,0.8112108853719865,0.0,0.0,0.0,0.0,12.765190191009,0.0,0.0,0.0,0.0,0.0,0.0,0.0,0.0,0.0,16.765269123854537,0.0,0.0,0.0,0.0,0.0,0.0,0.0,0.0,0.0,14.765235129025617,0.0,0.0,0.0,0.0,0.0,0.0,0.7655462690795336,0.7655462690795336,0.7655462690795336,0.0,0.0,0.0,0.0,0.0,0.0,0.0,0.0,0.0,0.0,0.0
2.4186046511627906,4.595805967114711,0.0,4.595805967114711,4.595805967114711,0.0,0.0,0.0,0.0,0.0,1.056017108035839,1.056017108035839,0.0,1.056017108035839,0.0,0.0,0.0,0.011776408502871908,0.0,1.2100822228946102,1.2100822228946102,1.2100822228946102,0.0,0.0,0.0,0.0,0.0,0.0,0.0,3.7857595902923316,3.7857595902923316,3.7857595902923316,0.0,0.0,0.0,0.0,0.5425741436132405,0.0,0.0,0.0,0.0,12.765734765082545,0.0,0.0,0.0,0.0,0.0,0.0,0.0,0.0,0.0,16.76583591514531,0.0,0.0,0.0,0.0,0.0,0.0,0.0,0.0,0.0,14.765791331017347,0.0,0.0,0.0,0.0,0.0,0.0,0.7662505510382766,0.7662505510382766,0.7662505510382766,0.0,0.0,0.0,0.0,0.0,0.0,0.0,0.0,0.0,0.0,0.0
2.5193798449612403,5.019485243040142,0.0,5.019485243040142,5.019485243040142,0.0,0.0,0.0,0.0,0.0,1.3162239921124683,1.3162239921124683,0.0,1.3162239921124683,0.0,0.0,0.0,0.022802864603439287,0.0,1.0442198996657728,1.0442198996657728,1.0442198996657728,0.0,0.0,0.0,0.0,0.0,0.0,0.0,3.248969383337994,3.248969383337994,3.248969383337994,0.0,0.0,0.0,0.0,0.34295477689592363,0.0,0.0,0.0,0.0,12.766615544786422,0.0,0.0,0.0,0.0,0.0,0.0,0.0,0.0,0.0,16.766777837337436,0.0,0.0,0.0,0.0,0.0,0.0,0.0,0.0,0.0,14.766705106853964,0.0,0.0,0.0,0.0,0.0,0.0,0.7675260288607145,0.7675260288607145,0.7675260288607145,0.0,0.0,0.0,0.0,0.0,0.0,0.0,0.0,0.0,0.0,0.0
2.6201550387596897,5.216753870241156,0.0,5.216753870241156,5.216753870241156,0.0,0.0,0.0,0.0,0.0,1.6971039462062716,1.6971039462062716,0.0,1.6971039462062716,0.0,0.0,0.0,0.048879339636694406,0.0,0.9327911775901315,0.9327911775901315,0.9327911775901315,0.0,0.0,0.0,0.0,0.0,0.0,0.0,2.756399509446674,2.756399509446674,2.756399509446674,0.0,0.0,0.0,0.0,0.20942402000854693,0.0,0.0,0.0,0.0,12.768307419011462,0.0,0.0,0.0,0.0,0.0,0.0,0.0,0.0,0.0,16.768618142078743,0.0,0.0,0.0,0.0,0.0,0.0,0.0,0.0,0.0,14.768477471704744,0.0,0.0,0.0,0.0,0.0,0.0,0.7701613279453493,0.7701613279453493,0.7701613279453493,0.0,0.0,0.0,0.0,0.0,0.0,0.0,0.0,0.0,0.0,0.0
2.7209302325581395,5.1847811116930345,0.0,5.1847811116930345,5.1847811116930345,0.0,0.0,0.0,0.0,0.0,2.2107148646605554,2.2107148646605554,0.0,2.2107148646605554,0.0,0.0,0.0,0.10804338799969906,0.0,0.8734129401186264,0.8734129401186264,0.8734129401186264,0.0,0.0,0.0,0.0,0.0,0.0,0.0,2.323156307166595,2.323156307166595,2.323156307166595,0.0,0.0,0.0,0.0,0.1253820289195795,0.0,0.0,0.0,0.0,12.77191792218957,0.0,0.0,0.0,0.0,0.0,0.0,0.0,0.0,0.0,16.77257941143034,0.0,0.0,0.0,0.0,0.0,0.0,0.0,0.0,0.0,14.77227841990748,0.0,0.0,0.0,0.0,0.0,0.0,0.7759759363456655,0.7759759363456655,0.7759759363456655,0.0,0.0,0.0,0.0,0.0,0.0,0.0,0.0,0.0,0.0,0.0
2.8217054263565893,4.9476237418074875,0.0,4.9476237418074875,4.9476237418074875,0.0,0.0,0.0,0.0,0.0,2.8398096620867035,2.8398096620867035,0.0,2.8398096620867035,0.0,0.0,0.0,0.22901698740239654,0.0,0.8664626067511738,0.8664626067511738,0.8664626067511738,0.0,0.0,0.0,0.0,0.0,0.0,0.0,1.9512183890180728,1.9512183890180728,1.9512183890180728,0.0,0.0,0.0,0.0,0.07428782458692355,0.0,0.0,0.0,0.0,12.779869564909815,0.0,0.0,0.0,0.0,0.0,0.0,0.0,0.0,0.0,16.781320818092627,0.0,0.0,0.0,0.0,0.0,0.0,0.0,0.0,0.0,14.780659654089474,0.0,0.0,0.0,0.0,0.0,0.0,0.7887521719827987,0.7887521719827987,0.7887521719827987,0.0,0.0,0.0,0.0,0.0,0.0,0.0,0.0,0.0,0.0,0.0
2.9224806201550386,4.551562237377305,0.0,4.551562237377305,4.551562237377305,0.0,0.0,0.0,0.0,0.0,3.5241155802710367,3.5241155802710367,0.0,3.5241155802710367,0.0,0.0,0.0,0.43767367992370676,0.0,0.9170352700685566,0.9170352700685566,0.9170352700685566,0.0,0.0,0.0,0.0,0.0,0.0,0.0,1.6387999361616585,1.6387999361616585,1.6387999361616585,0.0,0.0,0.0,0.0,0.04401268008726738,0.0,0.0,0.0,0.0,12.796774783452753,0.0,0.0,0.0,0.0,0.0,0.0,0.0,0.0,0.0,16.79984256861768,0.0,0.0,0.0,0.0,0.0,0.0,0.0,0.0,0.0,14.798447332863901,0.0,0.0,0.0,0.0,0.0,0.0,0.8150632940955634,0.8150632940955634,0.8150632940955634,0.0,0.0,0.0,0.0,0.0,0.0,0.0,0.0,0.0,0.0,0.0
3.0232558139534884,4.059524466005633,0.0,4.059524466005633,4.059524466005633,0.0,0.0,0.0,0.0,0.0,4.169425758302711,4.169425758302711,0.0,4.169425758302711,0.0,0.0,0.0,0.7248176083067729,0.0,1.0361794751514226,1.0361794751514226,1.0361794751514226,0.0,0.0,0.0,0.0,0.0,0.0,0.0,1.384693303358363,1.384693303358363,1.384693303358363,0.0,0.0,0.0,0.0,0.026549770763059977,0.0,0.0,0.0,0.0,12.82981219833901,0.0,0.0,0.0,0.0,0.0,0.0,0.0,0.0,0.0,16.835765747676593,0.0,0.0,0.0,0.0,0.0,0.0,0.0,0.0,0.0,14.833068679178517,0.0,0.0,0.0,0.0,0.0,0.0,0.8638268306248835,0.8638268306248835,0.8638268306248835,0.0,0.0,0.0,0.0,0.0,0.0,0.0,0.0,0.0,0.0,0.0
3.1240310077519378,3.5366008673702494,0.0,3.5366008673702494,3.5366008673702494,0.0,0.0,0.0,0.0,0.0,4.680876817300083,4.680876817300083,0.0,4.680876817300083,0.0,0.0,0.0,1.0256085600444655,0.0,1.240954994606321,1.240954994606321,1.240954994606321,0.0,0.0,0.0,0.0,0.0,0.0,0.0,1.1881000328362956,1.1881000328362956,1.1881000328362956,0.0,0.0,0.0,0.0,0.01677100249894337,0.0,0.0,0.0,0.0,12.887612672443677,0.0,0.0,0.0,0.0,0.0,0.0,0.0,0.0,0.0,16.89794746947254,0.0,0.0,0.0,0.0,0.0,0.0,0.0,0.0,0.0,14.893291181144862,0.0,0.0,0.0,0.0,0.0,0.0,0.9437377833232491,0.9437377833232491,0.9437377833232491,0.0,0.0,0.0,0.0,0.0,0.0,0.0,0.0,0.0,0.0,0.0
3.2248062015503876,3.033007872664005,0.0,3.033007872664005,3.033007872664005,0.0,0.0,0.0,0.0,0.0,4.994844878825465,4.994844878825465,0.0,4.994844878825465,0.0,0.0,0.0,1.24613764404026,0.0,1.5518386824085741,1.5518386824085741,1.5518386824085741,0.0,0.0,0.0,0.0,0.0,0.0,0.0,1.0473996255504325,1.0473996255504325,1.0473996255504325,0.0,0.0,0.0,0.0,0.011490455440583863,0.0,0.0,0.0,0.0,12.977403684476423,0.0,0.0,0.0,0.0,0.0,0.0,0.0,0.0,0.0,16.99331207604659,0.0,0.0,0.0,0.0,0.0,0.0,0.0,0.0,0.0,14.986190861975306,0.0,0.0,0.0,0.0,0.0,0.0,1.0592928684066134,1.0592928684066134,1.0592928684066134,0.0,0.0,0.0,0.0,0.0,0.0,0.0,0.0,0.0,0.0,0.0
3.3255813953488373,2.576695201416493,0.0,2.576695201416493,2.576695201416493,0.0,0.0,0.0,0.0,0.0,5.087725381988878,5.087725381988878,0.0,5.087725381988878,0.0,0.0,0.0,1.3169551490080549,0.0,1.9848916146200377,1.9848916146200377,1.9848916146200377,0.0,0.0,0.0,0.0,0.0,0.0,0.0,0.9604879746896067,0.9604879746896067,0.9604879746896067,0.0,0.0,0.0,0.0,0.00886085838321598,0.0,0.0,0.0,0.0,13.101270769000378,0.0,0.0,0.0,0.0,0.0,0.0,0.0,0.0,0.0,17.122967148008108,0.0,0.0,0.0,0.0,0.0,0.0,0.0,0.0,0.0,15.11332444896003,0.0,0.0,0.0,0.0,0.0,0.0,1.207019203953013,1.207019203953013,1.207019203953013,0.0,0.0,0.0,0.0,0.0,0.0,0.0,0.0,0.0,0.0,0.0
3.4263565891472867,2.1777845860158562,0.0,2.1777845860158562,2.1777845860158562,0.0,0.0,0.0,0.0,0.0,4.96824286169322,4.96824286169322,0.0,4.96824286169322,0.0,0.0,0.0,1.2263331033691622,0.0,2.5373026701755403,2.5373026701755403,2.5373026701755403,0.0,0.0,0.0,0.0,0.0,0.0,0.0,0.9266350579330225,0.9266350579330225,0.9266350579330225,0.0,0.0,0.0,0.0,0.007956575374280976,0.0,0.0,0.0,0.0,13.25300009218674,0.0,0.0,0.0,0.0,0.0,0.0,0.0,0.0,0.0,17.279210682881747,0.0,0.0,0.0,0.0,0.0,0.0,0.0,0.0,0.0,15.267653155011867,0.0,0.0,0.0,0.0,0.0,0.0,1.3737518440684433,1.3737518440684433,1.3737518440684433,0.0,0.0,0.0,0.0,0.0,0.0,0.0,0.0,0.0,0.0,0.0
3.5271317829457365,1.837666333520912,0.0,1.837666333520912,1.837666333520912,0.0,0.0,0.0,0.0,0.0,4.669707786515582,4.669707786515582,0.0,4.669707786515582,0.0,0.0,0.0,1.0182844563229008,0.0,3.171594210180012,3.171594210180012,3.171594210180012,0.0,0.0,0.0,0.0,0.0,0.0,0.0,0.9486007022288311,0.9486007022288311,0.9486007022288311,0.0,0.0,0.0,0.0,0.008535919789423066,0.0,0.0,0.0,0.0,13.417618260722847,0.0,0.0,0.0,0.0,0.0,0.0,0.0,0.0,0.0,17.445633837285648,0.0,0.0,0.0,0.0,0.0,0.0,0.0,0.0,0.0,15.433387731659806,0.0,0.0,0.0,0.0,0.0,0.0,1.5393252935925053,1.5393252935925053,1.5393252935925053,0.0,0.0,0.0,0.0,0.0,0.0,0.0,0.0,0.0,0.0,0.0
3.627906976744186,1.555748015797554,0.0,1.555748015797554,1.555748015797554,0.0,0.0,0.0,0.0,0.0,4.2449488561949975,4.2449488561949975,0.0,4.2449488561949975,0.0,0.0,0.0,0.7649224132037644,0.0,3.8127768525119428,3.8127768525119428,3.8127768525119428,0.0,0.0,0.0,0.0,0.0,0.0,0.0,1.03419115274437,1.03419115274437,1.03419115274437,0.0,0.0,0.0,0.0,0.011061205336627942,0.0,0.0,0.0,0.0,13.575597440211737,0.0,0.0,0.0,0.0,0.0,0.0,0.0,0.0,0.0,17.602125913486805,0.0,0.0,0.0,0.0,0.0,0.0,0.0,0.0,0.0,15.5906405278192,0.0,0.0,0.0,0.0,0.0,0.0,1.6841657320272283,1.6841657320272283,1.6841657320272283,0.0,0.0,0.0,0.0,0.0,0.0,0.0,0.0,0.0,0.0,0.0
3.7286821705426356,1.331587367593158,0.0,1.331587367593158,1.331587367593158,0.0,0.0,0.0,0.0,0.0,3.7563573179890737,3.7563573179890737,0.0,3.7563573179890737,0.0,0.0,0.0,0.5300302928388334,0.0,4.3689349534184165,4.3689349534184165,4.3689349534184165,0.0,0.0,0.0,0.0,0.0,0.0,0.0,1.1968278488703858,1.1968278488703858,1.1968278488703858,0.0,0.0,0.0,0.0,0.01714332500354201,0.0,0.0,0.0,0.0,13.710406569218001,0.0,0.0,0.0,0.0,0.0,0.0,0.0,0.0,0.0,17.732833065966975,0.0,0.0,0.0,0.0,0.0,0.0,0.0,0.0,0.0,15.723222349634554,0.0,0.0,0.0,0.0,0.0,0.0,1.7970985303151457,1.7970985303151457,1.7970985303151457,0.0,0.0,0.0,0.0,0.0,0.0,0.0,0.0,0.0,0.0,0.0
3.8294573643410854,1.164294677023941,0.0,1.164294677023941,1.164294677023941,0.0,0.0,0.0,0.0,0.0,3.260166116683141,3.260166116683141,0.0,3.260166116683141,0.0,0.0,0.0,0.34651272534866506,0.0,4.763462094889472,4.763462094889472,4.763462094889472,0.0,0.0,0.0,0.0,0.0,0.0,0.0,1.454210918015621,1.454210918015621,1.454210918015621,0.0,0.0,0.0,0.0,0.030752625735136388,0.0,0.0,0.0,0.0,13.814165706059214,0.0,0.0,0.0,0.0,0.0,0.0,0.0,0.0,0.0,17.831352202902508,0.0,0.0,0.0,0.0,0.0,0.0,0.0,0.0,0.0,15.824061225923026,0.0,0.0,0.0,0.0,0.0,0.0,1.8773442963419356,1.8773442963419356,1.8773442963419356,0.0,0.0,0.0,0.0,0.0,0.0,0.0,0.0,0.0,0.0,0.0
3.9302325581395348,1.0522295522560812,0.0,1.0522295522560812,1.0522295522560812,0.0,0.0,0.0,0.0,0.0,2.7944949929751863,2.7944949929751863,0.0,2.7944949929751863,0.0,0.0,0.0,0.21822776630806265,0.0,4.9547060409458705,4.9547060409458705,4.9547060409458705,0.0,0.0,0.0,0.0,0.0,0.0,0.0,1.8231513018524477,1.8231513018524477,1.8231513018524477,0.0,0.0,0.0,0.0,0.06059937369703161,0.0,0.0,0.0,0.0,13.887711986475468,0.0,0.0,0.0,0.0,0.0,0.0,0.0,0.0,0.0,17.89989088899734,0.0,0.0,0.0,0.0,0.0,0.0,0.0,0.0,0.0,15.894772508873737,0.0,0.0,0.0,0.0,0.0,0.0,1.9307030557722067,1.9307030557722067,1.9307030557722067,0.0,0.0,0.0,0.0,0.0,0.0,0.0,0.0,0.0,0.0,0.0
4.0310077519379846,0.9942033810616365,0.0,0.9942033810616365,0.9942033810616365,0.0,0.0,0.0,0.0,0.0,2.3781807161099207,2.3781807161099207,0.0,2.3781807161099207,0.0,0.0,0.0,0.134503801709059,0.0,4.935955455491163,4.935955455491163,4.935955455491163,0.0,0.0,0.0,0.0,0.0,0.0,0.0,2.3086661706439413,2.3086661706439413,2.3086661706439413,0.0,0.0,0.0,0.0,0.12305050986314595,0.0,0.0,0.0,0.0,13.936802325867363,0.0,0.0,0.0,0.0,0.0,0.0,0.0,0.0,0.0,17.944947753209497,0.0,0.0,0.0,0.0,0.0,0.0,0.0,0.0,0.0,15.94155183259124,0.0,0.0,0.0,0.0,0.0,0.0,1.9647023253049938,1.9647023253049938,1.9647023253049938,0.0,0.0,0.0,0.0,0.0,0.0,0.0,0.0,0.0,0.0,0.0
4.131782945736434,0.9914577731017582,0.0,0.9914577731017582,0.9914577731017582,0.0,0.0,0.0,0.0,0.0,2.017476590055641,2.017476590055641,0.0,2.017476590055641,0.0,0.0,0.0,0.08211557005763404,0.0,4.7279707072509956,4.7279707072509956,4.7279707072509956,0.0,0.0,0.0,0.0,0.0,0.0,0.0,2.889233453118753,2.889233453118753,2.889233453118753,0.0,0.0,0.0,0.0,0.24118367265370025,0.0,0.0,0.0,0.0,13.968270919990571,0.0,0.0,0.0,0.0,0.0,0.0,0.0,0.0,0.0,17.973506282513977,0.0,0.0,0.0,0.0,0.0,0.0,0.0,0.0,0.0,15.97133730689071,0.0,0.0,0.0,0.0,0.0,0.0,1.9858415919004997,1.9858415919004997,1.9858415919004997,0.0,0.0,0.0,0.0,0.0,0.0,0.0,0.0,0.0,0.0,0.0
4.232558139534883,1.0494035264267425,0.0,1.0494035264267425,1.0494035264267425,0.0,0.0,0.0,0.0,0.0,1.7135935435082574,1.7135935435082574,0.0,1.7135935435082574,0.0,0.0,0.0,0.0503180093465978,0.0,4.373108561713545,4.373108561713545,4.373108561713545,0.0,0.0,0.0,0.0,0.0,0.0,0.0,3.507975834790837,3.507975834790837,3.507975834790837,0.0,0.0,0.0,0.0,0.43168780382313954,0.0,0.0,0.0,0.0,13.987963789725917,0.0,0.0,0.0,0.0,0.0,0.0,0.0,0.0,0.0,17.99124750542213,0.0,0.0,0.0,0.0,0.0,0.0,0.0,0.0,0.0,15.989893042840018,0.0,0.0,0.0,0.0,0.0,0.0,1.9988642476265783,1.9988642476265783,1.9988642476265783,0.0,0.0,0.0,0.0,0.0,0.0,0.0,0.0,0.0,0.0,0.0
4.333333333333333,1.1785368403115226,0.0,1.1785368403115226,1.1785368403115226,0.0,0.0,0.0,0.0,0.0,1.4667554695364275,1.4667554695364275,0.0,1.4667554695364275,0.0,0.0,0.0,0.031555360721813655,0.0,3.9278799233252,3.9278799233252,3.9278799233252,0.0,0.0,0.0,0.0,0.0,0.0,0.0,4.082329023207984,4.082329023207984,4.082329023207984,0.0,0.0,0.0,0.0,0.6803368796245459,0.0,0.0,0.0,0.0,14.000184213497212,0.0,0.0,0.0,0.0,0.0,0.0,0.0,0.0,0.0,18.002224190365503,0.0,0.0,0.0,0.0,0.0,0.0,0.0,0.0,0.0,16.001384548823722,0.0,0.0,0.0,0.0,0.0,0.0,2.0069566051503744,2.0069566051503744,2.0069566051503744,0.0,0.0,0.0,0.0,0.0,0.0,0.0,0.0,0.0,0.0,0.0
4.434108527131783,1.3938663526116848,0.0,1.3938663526116848,1.3938663526116848,0.0,0.0,0.0,0.0,0.0,1.276778797541147,1.276778797541147,0.0,1.276778797541147,0.0,0.0,0.0,0.020813589566484603,0.0,3.4498469863480725,3.4498469863480725,3.4498469863480725,0.0,0.0,0.0,0.0,0.0,0.0,0.0,4.530976642871586,4.530976642871586,4.530976642871586,0.0,0.0,0.0,0.0,0.9301981473560949,0.0,0.0,0.0,0.0,14.007848322821275,0.0,0.0,0.0,0.0,0.0,0.0,0.0,0.0,0.0,18.009126352365808,0.0,0.0,0.0,0.0,0.0,0.0,0.0,0.0,0.0,16.00859989450539,0.0,0.0,0.0,0.0,0.0,0.0,2.0121555015570007,2.0121555015570007,2.0121555015570007,0.0,0.0,0.0,0.0,0.0,0.0,0.0,0.0,0.0,0.0,0.0
4.534883720930233,1.7114445828635216,0.0,1.7114445828635216,1.7114445828635216,0.0,0.0,0.0,0.0,0.0,1.1426910676022992,1.1426910676022992,0.0,1.1426910676022992,0.0,0.0,0.0,0.014920607209654916,0.0,2.9840153040993354,2.9840153040993354,2.9840153040993354,0.0,0.0,0.0,0.0,0.0,0.0,0.0,4.798841043852706,4.798841043852706,4.798841043852706,0.0,0.0,0.0,0.0,1.10511912291325,0.0,0.0,0.0,0.0,14.012831727352653,0.0,0.0,0.0,0.0,0.0,0.0,0.0,0.0,0.0,18.01365906222331,0.0,0.0,0.0,0.0,0.0,0.0,0.0,0.0,0.0,16.013316622012724,0.0,0.0,0.0,0.0,0.0,0.0,2.0157187976677817,2.0157187976677817,2.0157187976677817,0.0,0.0,0.0,0.0,0.0,0.0,0.0,0.0,0.0,0.0,0.0
4.635658914728682,2.140168594560163,0.0,2.140168594560163,2.140168594560163,0.0,0.0,0.0,0.0,0.0,1.063364725115952,1.063364725115952,0.0,1.063364725115952,0.0,0.0,0.0,0.012023938554870028,0.0,2.557108315444887,2.557108315444887,2.557108315444887,0.0,0.0,0.0,0.0,0.0,0.0,0.0,4.86512041428727,4.86512041428727,4.86512041428727,0.0,0.0,0.0,0.0,1.1515446481395641,0.0,0.0,0.0,0.0,14.016303420378007,0.0,0.0,0.0,0.0,0.0,0.0,0.0,0.0,0.0,18.016874916994706,0.0,0.0,0.0,0.0,0.0,0.0,0.0,0.0,0.0,16.016636095913896,0.0,0.0,0.0,0.0,0.0,0.0,2.0184167175588477,2.0184167175588477,2.0184167175588477,0.0,0.0,0.0,0.0,0.0,0.0,0.0,0.0,0.0,0.0,0.0
4.736434108527131,2.6690411340285745,0.0,2.6690411340285745,2.6690411340285745,0.0,0.0,0.0,0.0,0.0,1.0391975117430499,1.0391975117430499,0.0,1.0391975117430499,0.0,0.0,0.0,0.011222620948277518,0.0,2.180928224475731,2.180928224475731,2.180928224475731,0.0,0.0,0.0,0.0,0.0,0.0,0.0,4.738797638553994,4.738797638553994,4.738797638553994,0.0,0.0,0.0,0.0,1.0641540202765962,0.0,0.0,0.0,0.0,14.018995236883459,0.0,0.0,0.0,0.0,0.0,0.0,0.0,0.0,0.0,18.01943317859738,0.0,0.0,0.0,0.0,0.0,0.0,0.0,0.0,0.0,16.019247554276273,0.0,0.0,0.0,0.0,0.0,0.0,2.020750236833148,2.020750236833148,2.020750236833148,0.0,0.0,0.0,0.0,0.0,0.0,0.0,0.0,0.0,0.0,0.0
4.837209302325581,3.25608322048337,0.0,3.25608322048337,3.25608322048337,0.0,0.0,0.0,0.0,0.0,1.0739104855613582,1.0739104855613582,0.0,1.0739104855613582,0.0,0.0,0.0,0.012385234915467558,0.0,1.8593617423256137,1.8593617423256137,1.8593617423256137,0.0,0.0,0.0,0.0,0.0,0.0,0.0,4.452333064197553,4.452333064197553,4.452333064197553,0.0,0.0,0.0,0.0,0.882597991905826,0.0,0.0,0.0,0.0,14.021408275802008,0.0,0.0,0.0,0.0,0.0,0.0,0.0,0.0,0.0,18.02179598483674,0.0,0.0,0.0,0.0,0.0,0.0,0.0,0.0,0.0,16.021628808786584,0.0,0.0,0.0,0.0,0.0,0.0,2.0231190021265237,2.0231190021265237,2.0231190021265237,0.0,0.0,0.0,0.0,0.0,0.0,0.0,0.0,0.0,0.0,0.0
4.937984496124031,3.8303208277518093,0.0,3.8303208277518093,3.8303208277518093,0.0,0.0,0.0,0.0,0.0,1.17571875306001,1.17571875306001,0.0,1.17571875306001,0.0,0.0,0.0,0.016252131817377544,0.0,1.593657037255809,1.593657037255809,1.593657037255809,0.0,0.0,0.0,0.0,0.0,0.0,0.0,4.055202922206528,4.055202922206528,4.055202922206528,0.0,0.0,0.0,0.0,0.6668647684067667,0.0,0.0,0.0,0.0,14.02398369471594,0.0,0.0,0.0,0.0,0.0,0.0,0.0,0.0,0.0,18.024393334094654,0.0,0.0,0.0,0.0,0.0,0.0,0.0,0.0,0.0,16.024213609789026,0.0,0.0,0.0,0.0,0.0,0.0,2.0259818119195994,2.0259818119195994,2.0259818119195994,0.0,0.0,0.0,0.0,0.0,0.0,0.0,0.0,0.0,0.0,0.0
5.038759689922481,4.311680065403585,0.0,4.311680065403585,4.311680065403585,0.0,0.0,0.0,0.0,0.0,1.3572728088406072,1.3572728088406072,0.0,1.3572728088406072,0.0,0.0,0.0,0.025003536867032907,0.0,1.3842860880521706,1.3842860880521706,1.3842860880521706,0.0,0.0,0.0,0.0,0.0,0.0,0.0,3.6032367446432545,3.6032367446432545,3.6032367446432545,0.0,0.0,0.0,0.0,0.4678195781201111,0.0,0.0,0.0,0.0,14.02729104219884,0.0,0.0,0.0,0.0,0.0,0.0,0.0,0.0,0.0,18.027814002789633,0.0,0.0,0.0,0.0,0.0,0.0,0.0,0.0,0.0,16.027581116119418,0.0,0.0,0.0,0.0,0.0,0.0,2.030083932925439,2.030083932925439,2.030083932925439,0.0,0.0,0.0,0.0,0.0,0.0,0.0,0.0,0.0,0.0,0.0
5.1395348837209305,4.636675623896398,0.0,4.636675623896398,4.636675623896398,0.0,0.0,0.0,0.0,0.0,1.6333132114973674,1.6333132114973674,0.0,1.6333132114973674,0.0,0.0,0.0,0.043572093305938,0.0,1.2309271564026778,1.2309271564026778,1.2309271564026778,0.0,0.0,0.0,0.0,0.0,0.0,0.0,3.1452266124107773,3.1452266124107773,3.1452266124107773,0.0,0.0,0.0,0.0,0.3111399839658986,0.0,0.0,0.0,0.0,14.03232644448426,0.0,0.0,0.0,0.0,0.0,0.0,0.0,0.0,0.0,18.033120775957354,0.0,0.0,0.0,0.0,0.0,0.0,0.0,0.0,0.0,16.032763113763536,0.0,0.0,0.0,0.0,0.0,0.0,2.036877976245111,2.036877976245111,2.036877976245111,0.0,0.0,0.0,0.0,0.0,0.0,0.0,0.0,0.0,0.0,0.0
5.240310077519379,4.772656206839057,0.0,4.772656206839057,4.772656206839057,0.0,0.0,0.0,0.0,0.0,2.0144470929473344,2.0144470929473344,0.0,2.0144470929473344,0.0,0.0,0.0,0.08174620441711278,0.0,1.1327563835426533,1.1327563835426533,1.1327563835426533,0.0,0.0,0.0,0.0,0.0,0.0,0.0,2.714227074948029,2.714227074948029,2.714227074948029,0.0,0.0,0.0,0.0,0.19995788527069588,0.0,0.0,0.0,0.0,14.041068817277202,0.0,0.0,0.0,0.0,0.0,0.0,0.0,0.0,0.0,18.042446088155998,0.0,0.0,0.0,0.0,0.0,0.0,0.0,0.0,0.0,16.04182168620132,0.0,0.0,0.0,0.0,0.0,0.0,2.049324042205394,2.049324042205394,2.049324042205394,0.0,0.0,0.0,0.0,0.0,0.0,0.0,0.0,0.0,0.0,0.0
5.341085271317829,4.717702338112457,0.0,4.717702338112457,4.717702338112457,0.0,0.0,0.0,0.0,0.0,2.4964511825959748,2.4964511825959748,0.0,2.4964511825959748,0.0,0.0,0.0,0.15558554084767603,0.0,1.0897733911349448,1.0897733911349448,1.0897733911349448,0.0,0.0,0.0,0.0,0.0,0.0,0.0,2.3275468552206333,2.3275468552206333,2.3275468552206333,0.0,0.0,0.0,0.0,0.1260942541741503,0.0,0.0,0.0,0.0,14.05745825452827,0.0,0.0,0.0,0.0,0.0,0.0,0.0,0.0,0.0,18.060033665990463,0.0,0.0,0.0,0.0,0.0,0.0,0.0,0.0,0.0,16.05886210687798,0.0,0.0,0.0,0.0,0.0,0.0,2.0731891671746743,2.0731891671746743,2.0731891671746743,0.0,0.0,0.0,0.0,0.0,0.0,0.0,0.0,0.0,0.0,0.0
5.441860465116279,4.4950116000328615,0.0,4.4950116000328615,4.4950116000328615,0.0,0.0,0.0,0.0,0.0,3.048828972030524,3.048828972030524,0.0,3.048828972030524,0.0,0.0,0.0,0.28339957082790534,0.0,1.1045389117171178,1.1045389117171178,1.1045389117171178,0.0,0.0,0.0,0.0,0.0,0.0,0.0,1.9923226056479049,1.9923226056479049,1.9923226056479049,0.0,0.0,0.0,0.0,0.07908224469555158,0.0,0.0,0.0,0.0,14.088739998734594,0.0,0.0,0.0,0.0,0.0,0.0,0.0,0.0,0.0,18.09363083689601,0.0,0.0,0.0,0.0,0.0,0.0,0.0,0.0,0.0,16.091404110008536,0.0,0.0,0.0,0.0,0.0,0.0,2.1184700740930418,2.1184700740930418,2.1184700740930418,0.0,0.0,0.0,0.0,0.0,0.0,0.0,0.0,0.0,0.0,0.0
5.542635658914729,4.146798035715402,0.0,4.146798035715402,4.146798035715402,0.0,0.0,0.0,0.0,0.0,3.6119713269166787,3.6119713269166787,0.0,3.6119713269166787,0.0,0.0,0.0,0.47122994682979247,0.0,1.183509340165498,1.183509340165498,1.183509340165498,0.0,0.0,0.0,0.0,0.0,0.0,0.0,1.711255921077702,1.711255921077702,1.711255921077702,0.0,0.0,0.0,0.0,0.050112364101936126,0.0,0.0,0.0,0.0,14.146438947386544,0.0,0.0,0.0,0.0,0.0,0.0,0.0,0.0,0.0,18.15538152608617,0.0,0.0,0.0,0.0,0.0,0.0,0.0,0.0,0.0,16.151317139555527,0.0,0.0,0.0,0.0,0.0,0.0,2.199566504510426,2.199566504510426,2.199566504510426,0.0,0.0,0.0,0.0,0.0,0.0,0.0,0.0,0.0,0.0,0.0
5.6434108527131785,3.725410675204347,0.0,3.725410675204347,3.725410675204347,0.0,0.0,0.0,0.0,0.0,4.11045830088466,4.11045830088466,0.0,4.11045830088466,0.0,0.0,0.0,0.6944975858300706,0.0,1.3373420435384695,1.3373420435384695,1.3373420435384695,0.0,0.0,0.0,0.0,0.0,0.0,0.0,1.4855614082074078,1.4855614082074078,1.4855614082074078,0.0,0.0,0.0,0.0,0.032784746235427126,0.0,0.0,0.0,0.0,14.245463593030959,0.0,0.0,0.0,0.0,0.0,0.0,0.0,0.0,0.0,18.26061982595272,0.0,0.0,0.0,0.0,0.0,0.0,0.0,0.0,0.0,16.253754758974498,0.0,0.0,0.0,0.0,0.0,0.0,2.332407124096426,2.332407124096426,2.332407124096426,0.0,0.0,0.0,0.0,0.0,0.0,0.0,0.0,0.0,0.0,0.0
5.7441860465116275,3.280992930237794,0.0,3.280992930237794,3.280992930237794,0.0,0.0,0.0,0.0,0.0,4.4766528039961715,4.4766528039961715,0.0,4.4766528039961715,0.0,0.0,0.0,0.8971400385248466,0.0,1.57932253637743,1.57932253637743,1.57932253637743,0.0,0.0,0.0,0.0,0.0,0.0,0.0,1.3155500343566335,1.3155500343566335,1.3155500343566335,0.0,0.0,0.0,0.0,0.022767854681590507,0.0,0.0,0.0,0.0,14.400170452839978,0.0,0.0,0.0,0.0,0.0,0.0,0.0,0.0,0.0,18.423446913389316,0.0,0.0,0.0,0.0,0.0,0.0,0.0,0.0,0.0,16.412951954024194,0.0,0.0,0.0,0.0,0.0,0.0,2.5283092672111422,2.5283092672111422,2.5283092672111422,0.0,0.0,0.0,0.0,0.0,0.0,0.0,0.0,0.0,0.0,0.0
5.844961240310077,2.851197027304838,0.0,2.851197027304838,2.851197027304838,0.0,0.0,0.0,0.0,0.0,4.668716870127039,4.668716870127039,0.0,4.668716870127039,0.0,0.0,0.0,1.0176363511100417,0.0,1.9205775111359942,1.9205775111359942,1.9205775111359942,0.0,0.0,0.0,0.0,0.0,0.0,0.0,1.2008238260641353,1.2008238260641353,1.2008238260641353,0.0,0.0,0.0,0.0,0.017315613724379685,0.0,0.0,0.0,0.0,14.618001217536172,0.0,0.0,0.0,0.0,0.0,0.0,0.0,0.0,0.0,18.650037210298912,0.0,0.0,0.0,0.0,0.0,0.0,0.0,0.0,0.0,16.635669288737084,0.0,0.0,0.0,0.0,0.0,0.0,2.7868919168207706,2.7868919168207706,2.7868919168207706,0.0,0.0,0.0,0.0,0.0,0.0,0.0,0.0,0.0,0.0,0.0
5.945736434108527,2.4582986515904586,0.0,2.4582986515904586,2.4582986515904586,0.0,0.0,0.0,0.0,0.0,4.675019380808218,4.675019380808218,0.0,4.675019380808218,0.0,0.0,0.0,1.0217631761929782,0.0,2.3611606789855033,2.3611606789855033,2.3611606789855033,0.0,0.0,0.0,0.0,0.0,0.0,0.0,1.141285208271342,1.141285208271342,1.141285208271342,0.0,0.0,0.0,0.0,0.01486560421151393,0.0,0.0,0.0,0.0,14.893169347815427,0.0,0.0,0.0,0.0,0.0,0.0,0.0,0.0,0.0,18.932487955883666,0.0,0.0,0.0,0.0,0.0,0.0,0.0,0.0,0.0,16.914954871709696,0.0,0.0,0.0,0.0,0.0,0.0,3.091623173625849,3.091623173625849,3.091623173625849,0.0,0.0,0.0,0.0,0.0,0.0,0.0,0.0,0.0,0.0,0.0
6.046511627906977,2.1129015135674343,0.0,2.1129015135674343,2.1129015135674343,0.0,0.0,0.0,0.0,0.0,4.5102098230678624,4.5102098230678624,0.0,4.5102098230678624,0.0,0.0,0.0,0.9174665506222511,0.0,2.879144627365715,2.879144627365715,2.879144627365715,0.0,0.0,0.0,0.0,0.0,0.0,0.0,1.1387370664592444,1.1387370664592444,1.1387370664592444,0.0,0.0,0.0,0.0,0.01476625527600781,0.0,0.0,0.0,0.0,15.2040002746969,0.0,0.0,0.0,0.0,0.0,0.0,0.0,0.0,0.0,19.246945233279497,0.0,0.0,0.0,0.0,0.0,0.0,0.0,0.0,0.0,17.227909740771082,0.0,0.0,0.0,0.0,0.0,0.0,3.411603622828324,3.411603622828324,3.411603622828324,0.0,0.0,0.0,0.0,0.0,0.0,0.0,0.0,0.0,0.0,0.0
6.147286821705427,1.8194987900988804,0.0,1.8194987900988804,1.8194987900988804,0.0,0.0,0.0,0.0,0.0,4.2094631825276805,4.2094631825276805,0.0,4.2094631825276805,0.0,0.0,0.0,0.7458992081978686,0.0,3.4250077728897668,3.4250077728897668,3.4250077728897668,0.0,0.0,0.0,0.0,0.0,0.0,0.0,1.198301319642439,1.198301319642439,1.198301319642439,0.0,0.0,0.0,0.0,0.01720672083807615,0.0,0.0,0.0,0.0,15.517402343699299,0.0,0.0,0.0,0.0,0.0,0.0,0.0,0.0,0.0,19.559199628679337,0.0,0.0,0.0,0.0,0.0,0.0,0.0,0.0,0.0,17.540786059079654,0.0,0.0,0.0,0.0,0.0,0.0,3.711149757624168,3.711149757624168,3.711149757624168,0.0,0.0,0.0,0.0,0.0,0.0,0.0,0.0,0.0,0.0,0.0
6.2480620155038755,1.5801814582167548,0.0,1.5801814582167548,1.5801814582167548,0.0,0.0,0.0,0.0,0.0,3.820786604959784,3.820786604959784,0.0,3.820786604959784,0.0,0.0,0.0,0.5577741045397695,0.0,3.929572247445518,3.929572247445518,3.929572247445518,0.0,0.0,0.0,0.0,0.0,0.0,0.0,1.3289873353851351,1.3289873353851351,1.3289873353851351,0.0,0.0,0.0,0.0,0.02347267183353412,0.0,0.0,0.0,0.0,15.800232889954337,0.0,0.0,0.0,0.0,0.0,0.0,0.0,0.0,0.0,19.836730139089585,0.0,0.0,0.0,0.0,0.0,0.0,0.0,0.0,0.0,17.820748542966882,0.0,0.0,0.0,0.0,0.0,0.0,3.9629114146176727,3.9629114146176727,3.9629114146176727,0.0,0.0,0.0,0.0,0.0,0.0,0.0,0.0,0.0,0.0,0.0
6.348837209302325,1.395884645021063,0.0,1.395884645021063,1.395884645021063,0.0,0.0,0.0,0.0,0.0,3.3939402129777454,3.3939402129777454,0.0,3.3939402129777454,0.0,0.0,0.0,0.3909422091793796,0.0,4.324231256857928,4.324231256857928,4.324231256857928,0.0,0.0,0.0,0.0,0.0,0.0,0.0,1.5426721752022494,1.5426721752022494,1.5426721752022494,0.0,0.0,0.0,0.0,0.036713090004135245,0.0,0.0,0.0,0.0,16.03098425210454,0.0,0.0,0.0,0.0,0.0,0.0,0.0,0.0,0.0,20.059958714350653,0.0,0.0,0.0,0.0,0.0,0.0,0.0,0.0,0.0,18.047343203013973,0.0,0.0,0.0,0.0,0.0,0.0,4.155789488641279,4.155789488641279,4.155789488641279,0.0,0.0,0.0,0.0,0.0,0.0,0.0,0.0,0.0,0.0,0.0
6.449612403100775,1.2666828611993561,0.0,1.2666828611993561,1.2666828611993561,0.0,0.0,0.0,0.0,0.0,2.9695701601812523,2.9695701601812523,0.0,2.9695701601812523,0.0,0.0,0.0,0.26186699923980833,0.0,4.560577756221172,4.560577756221172,4.560577756221172,0.0,0.0,0.0,0.0,0.0,0.0,0.0,1.850369057802261,1.850369057802261,1.850369057802261,0.0,0.0,0.0,0.0,0.06335415056965302,0.0,0.0,0.0,0.0,16.204072057447135,0.0,0.0,0.0,0.0,0.0,0.0,0.0,0.0,0.0,20.225367732679448,0.0,0.0,0.0,0.0,0.0,0.0,0.0,0.0,0.0,18.216141713743134,0.0,0.0,0.0,0.0,0.0,0.0,4.293321454653636,4.293321454653636,4.293321454653636,0.0,0.0,0.0,0.0,0.0,0.0,0.0,0.0,0.0,0.0,0.0
6.550387596899225,1.19256906354946,0.0,1.19256906354946,1.19256906354946,0.0,0.0,0.0,0.0,0.0,2.5741261406562224,2.5741261406562224,0.0,2.5741261406562224,0.0,0.0,0.0,0.17056482572541617,0.0,4.618674020779004,4.618674020779004,4.618674020779004,0.0,0.0,0.0,0.0,0.0,0.0,0.0,2.2547824181651333,2.2547824181651333,2.2547824181651333,0.0,0.0,0.0,0.0,0.11463412468047818,0.0,0.0,0.0,0.0,16.325892753688343,0.0,0.0,0.0,0.0,0.0,0.0,0.0,0.0,0.0,20.340672635981992,0.0,0.0,0.0,0.0,0.0,0.0,0.0,0.0,0.0,18.33429513218212,0.0,0.0,0.0,0.0,0.0,0.0,4.386617660066961,4.386617660066961,4.386617660066961,0.0,0.0,0.0,0.0,0.0,0.0,0.0,0.0,0.0,0.0,0.0
6.651162790697675,1.1748830244460087,0.0,1.1748830244460087,1.1748830244460087,0.0,0.0,0.0,0.0,0.0,2.221612204219595,2.221612204219595,0.0,2.221612204219595,0.0,0.0,0.0,0.10964902076706289,0.0,4.5054003255909745,4.5054003255909745,4.5054003255909745,0.0,0.0,0.0,0.0,0.0,0.0,0.0,2.740281715001964,2.740281715001964,2.740281715001964,0.0,0.0,0.0,0.0,0.20577169663035264,0.0,0.0,0.0,0.0,16.40797425537165,0.0,0.0,0.0,0.0,0.0,0.0,0.0,0.0,0.0,20.417842406606976,0.0,0.0,0.0,0.0,0.0,0.0,0.0,0.0,0.0,18.41359653992491,0.0,0.0,0.0,0.0,0.0,0.0,4.448022013426667,4.448022013426667,4.448022013426667,0.0,0.0,0.0,0.0,0.0,0.0,0.0,0.0,0.0,0.0,0.0
6.751937984496124,1.2177488829063832,0.0,1.2177488829063832,1.2177488829063832,0.0,0.0,0.0,0.0,0.0,1.9185222803871238,1.9185222803871238,0.0,1.9185222803871238,0.0,0.0,0.0,0.07061558177884714,0.0,4.249304139484292,4.249304139484292,4.249304139484292,0.0,0.0,0.0,0.0,0.0,0.0,0.0,3.2658534708983415,3.2658534708983415,3.2658534708983415,0.0,0.0,0.0,0.0,0.34832936335844666,0.0,0.0,0.0,0.0,16.461895044736355,0.0,0.0,0.0,0.0,0.0,0.0,0.0,0.0,0.0,20.468339828441405,0.0,0.0,0.0,0.0,0.0,0.0,0.0,0.0,0.0,18.46557148125879,0.0,0.0,0.0,0.0,0.0,0.0,4.487929428814479,4.487929428814479,4.487929428814479,0.0,0.0,0.0,0.0,0.0,0.0,0.0,0.0,0.0,0.0,0.0
6.852713178294573,1.3288309071141513,0.0,1.3288309071141513,1.3288309071141513,0.0,0.0,0.0,0.0,0.0,1.6679635219471924,1.6679635219471924,0.0,1.6679635219471924,0.0,0.0,0.0,0.04640445168316532,0.0,3.8937254884922967,3.8937254884922967,3.8937254884922967,0.0,0.0,0.0,0.0,0.0,0.0,0.0,3.768988866509914,3.768988866509914,3.768988866509914,0.0,0.0,0.0,0.0,0.5353953114466397,0.0,0.0,0.0,0.0,16.497039951088077,0.0,0.0,0.0,0.0,0.0,0.0,0.0,0.0,0.0,20.501224769834028,0.0,0.0,0.0,0.0,0.0,0.0,0.0,0.0,0.0,18.499427552729312,0.0,0.0,0.0,0.0,0.0,0.0,4.514018597400181,4.514018597400181,4.514018597400181,0.0,0.0,0.0,0.0,0.0,0.0,0.0,0.0,0.0,0.0,0.0
6.953488372093023,1.5187212031891393,0.0,1.5187212031891393,1.5187212031891393,0.0,0.0,0.0,0.0,0.0,1.471510016757721,1.471510016757721,0.0,1.471510016757721,0.0,0.0,0.0,0.03186322044542528,0.0,3.4869005843340197,3.4869005843340197,3.4869005843340197,0.0,0.0,0.0,0.0,0.0,0.0,0.0,4.18224976983206,4.18224976983206,4.18224976983206,0.0,0.0,0.0,0.0,0.7315262211739048,0.0,0.0,0.0,0.0,16.52021765703648,0.0,0.0,0.0,0.0,0.0,0.0,0.0,0.0,0.0,20.52296996901999,0.0,0.0,0.0,0.0,0.0,0.0,0.0,0.0,0.0,18.52178607883644,0.0,0.0,0.0,0.0,0.0,0.0,4.5315644252073515,4.5315644252073515,4.5315644252073515,0.0,0.0,0.0,0.0,0.0,0.0,0.0,0.0,0.0,0.0,0.0
7.054263565891473,1.7979971767134741,0.0,1.7979971767134741,1.7979971767134741,0.0,0.0,0.0,0.0,0.0,1.3297233930248988,1.3297233930248988,0.0,1.3297233930248988,0.0,0.0,0.0,0.023511694350246276,0.0,3.071132195959579,3.071132195959579,3.071132195959579,0.0,0.0,0.0,0.0,0.0,0.0,0.0,4.452949668850234,4.452949668850234,4.452949668850234,0.0,0.0,0.0,0.0,0.8829647363017747,0.0,0.0,0.0,0.0,16.536061030986,0.0,0.0,0.0,0.0,0.0,0.0,0.0,0.0,0.0,20.537937970345013,0.0,0.0,0.0,0.0,0.0,0.0,0.0,0.0,0.0,18.537127455544642,0.0,0.0,0.0,0.0,0.0,0.0,4.54403910417541,4.54403910417541,4.54403910417541,0.0,0.0,0.0,0.0,0.0,0.0,0.0,0.0,0.0,0.0,0.0
7.155038759689923,2.1709619502804784,0.0,2.1709619502804784,2.1709619502804784,0.0,0.0,0.0,0.0,0.0,1.2428002027152258,1.2428002027152258,0.0,1.2428002027152258,0.0,0.0,0.0,0.019195699660646784,0.0,2.676173909068983,2.676173909068983,2.676173909068983,0.0,0.0,0.0,0.0,0.0,0.0,0.0,4.554324634990155,4.554324634990155,4.554324634990155,0.0,0.0,0.0,0.0,0.9446522263721784,0.0,0.0,0.0,0.0,16.547617271024922,0.0,0.0,0.0,0.0,0.0,0.0,0.0,0.0,0.0,20.548983189649906,0.0,0.0,0.0,0.0,0.0,0.0,0.0,0.0,0.0,18.54838950512638,0.0,0.0,0.0,0.0,0.0,0.0,4.55370157896628,4.55370157896628,4.55370157896628,0.0,0.0,0.0,0.0,0.0,0.0,0.0,0.0,0.0,0.0,0.0
7.255813953488372,2.626580755814187,0.0,2.626580755814187,2.626580755814187,0.0,0.0,0.0,0.0,0.0,1.2118292662079124,1.2118292662079124,0.0,1.2118292662079124,0.0,0.0,0.0,0.01779607838846071,0.0,2.3191679109080323,2.3191679109080323,2.3191679109080323,0.0,0.0,0.0,0.0,0.0,0.0,0.0,4.4863229344310085,4.4863229344310085,4.4863229344310085,0.0,0.0,0.0,0.0,0.9029664104687766,0.0,0.0,0.0,0.0,16.556903885881454,0.0,0.0,0.0,0.0,0.0,0.0,0.0,0.0,0.0,20.557999562245495,0.0,0.0,0.0,0.0,0.0,0.0,0.0,0.0,0.0,18.557519100751012,0.0,0.0,0.0,0.0,0.0,0.0,4.562096135000559,4.562096135000559,4.562096135000559,0.0,0.0,0.0,0.0,0.0,0.0,0.0,0.0,0.0,0.0,0.0
7.3565891472868215,3.1308193522832886,0.0,3.1308193522832886,3.1308193522832886,0.0,0.0,0.0,0.0,0.0,1.2402018453521437,1.2402018453521437,0.0,1.2402018453521437,0.0,0.0,0.0,0.01907555223807144,0.0,2.0086873439661352,2.0086873439661352,2.0086873439661352,0.0,0.0,0.0,0.0,0.0,0.0,0.0,4.271362331113898,4.271362331113898,4.271362331113898,0.0,0.0,0.0,0.0,0.7792902451809727,0.0,0.0,0.0,0.0,16.565379225847746,0.0,0.0,0.0,0.0,0.0,0.0,0.0,0.0,0.0,20.566378783987183,0.0,0.0,0.0,0.0,0.0,0.0,0.0,0.0,0.0,18.565935932643093,0.0,0.0,0.0,0.0,0.0,0.0,4.570470730580975,4.570470730580975,4.570470730580975,0.0,0.0,0.0,0.0,0.0,0.0,0.0,0.0,0.0,0.0,0.0
7.457364341085271,3.627612756582193,0.0,3.627612756582193,3.627612756582193,0.0,0.0,0.0,0.0,0.0,1.3344947659270447,1.3344947659270447,0.0,1.3344947659270447,0.0,0.0,0.0,0.023765700748061964,0.0,1.748967626685146,1.748967626685146,1.748967626685146,0.0,0.0,0.0,0.0,0.0,0.0,0.0,3.9481041560269055,3.9481041560269055,3.9481041560269055,0.0,0.0,0.0,0.0,0.6154117786797408,0.0,0.0,0.0,0.0,16.574362123685994,0.0,0.0,0.0,0.0,0.0,0.0,0.0,0.0,0.0,20.575423379702833,0.0,0.0,0.0,0.0,0.0,0.0,0.0,0.0,0.0,18.574948287537534,0.0,0.0,0.0,0.0,0.0,0.0,4.580187440022053,4.580187440022053,4.580187440022053,0.0,0.0,0.0,0.0,0.0,0.0,0.0,0.0,0.0,0.0,0.0
7.558139534883721,4.051996165426904,0.0,4.051996165426904,4.051996165426904,0.0,0.0,0.0,0.0,0.0,1.5041644925987694,1.5041644925987694,0.0,1.5041644925987694,0.0,0.0,0.0,0.03403188440760206,0.0,1.5422487872640853,1.5422487872640853,1.5422487872640853,0.0,0.0,0.0,0.0,0.0,0.0,0.0,3.5625653858477198,3.5625653858477198,3.5625653858477198,0.0,0.0,0.0,0.0,0.45215624326386883,0.0,0.0,0.0,0.0,16.58550123867123,0.0,0.0,0.0,0.0,0.0,0.0,0.0,0.0,0.0,20.586821980091493,0.0,0.0,0.0,0.0,0.0,0.0,0.0,0.0,0.0,18.58622528688652,0.0,0.0,0.0,0.0,0.0,0.0,4.59326398828829,4.59326398828829,4.59326398828829,0.0,0.0,0.0,0.0,0.0,0.0,0.0,0.0,0.0,0.0,0.0
7.658914728682171,4.348854430781142,0.0,4.348854430781142,4.348854430781142,0.0,0.0,0.0,0.0,0.0,1.7592049851100213,1.7592049851100213,0.0,1.7592049851100213,0.0,0.0,0.0,0.05444391422344924,0.0,1.389581174717149,1.389581174717149,1.389581174717149,0.0,0.0,0.0,0.0,0.0,0.0,0.0,3.1576623611150727,3.1576623611150727,3.1576623611150727,0.0,0.0,0.0,0.0,0.3148451961066453,0.0,0.0,0.0,0.0,16.60146765189619,0.0,0.0,0.0,0.0,0.0,0.0,0.0,0.0,0.0,20.60336823457796,0.0,0.0,0.0,0.0,0.0,0.0,0.0,0.0,0.0,18.60250346864757,0.0,0.0,0.0,0.0,0.0,0.0,4.613264212197881,4.613264212197881,4.613264212197881,0.0,0.0,0.0,0.0,0.0,0.0,0.0,0.0,0.0,0.0,0.0
7.75968992248062,4.486021207003068,0.0,4.486021207003068,4.486021207003068,0.0,0.0,0.0,0.0,0.0,2.1048383624675497,2.1048383624675497,0.0,2.1048383624675497,0.0,0.0,0.0,0.0932515913014416,0.0,1.2914296546866928,1.2914296546866928,1.2914296546866928,0.0,0.0,0.0,0.0,0.0,0.0,0.0,2.765619389326017,2.765619389326017,2.765619389326017,0.0,0.0,0.0,0.0,0.21153256419837438,0.0,0.0,0.0,0.0,16.62710991172758,0.0,0.0,0.0,0.0,0.0,0.0,0.0,0.0,0.0,20.630168587986272,0.0,0.0,0.0,0.0,0.0,0.0,0.0,0.0,0.0,18.62877028276742,0.0,0.0,0.0,0.0,0.0,0.0,4.64679210914068,4.64679210914068,4.64679210914068,0.0,0.0,0.0,0.0,0.0,0.0,0.0,0.0,0.0,0.0,0.0
7.8604651162790695,4.457381294710929,0.0,4.457381294710929,4.457381294710929,0.0,0.0,0.0,0.0,0.0,2.5333740818890904,2.5333740818890904,0.0,2.5333740818890904,0.0,0.0,0.0,0.16259154928516661,0.0,1.248781716538161,1.248781716538161,1.248781716538161,0.0,0.0,0.0,0.0,0.0,0.0,0.0,2.406344211070637,2.406344211070637,2.406344211070637,0.0,0.0,0.0,0.0,0.13933918015550428,0.0,0.0,0.0,0.0,16.671241519853677,0.0,0.0,0.0,0.0,0.0,0.0,0.0,0.0,0.0,20.676495520313996,0.0,0.0,0.0,0.0,0.0,0.0,0.0,0.0,0.0,18.674087642715467,0.0,0.0,0.0,0.0,0.0,0.0,4.705609369817506,4.705609369817506,4.705609369817506,0.0,0.0,0.0,0.0,0.0,0.0,0.0,0.0,0.0,0.0,0.0
7.961240310077519,4.279760727810343,0.0,4.279760727810343,4.279760727810343,0.0,0.0,0.0,0.0,0.0,3.0164180867055266,3.0164180867055266,0.0,3.0164180867055266,0.0,0.0,0.0,0.27445718748742753,0.0,1.264501241430432,1.264501241430432,1.264501241430432,0.0,0.0,0.0,0.0,0.0,0.0,0.0,2.09045700410709,2.09045700410709,2.09045700410709,0.0,0.0,0.0,0.0,0.09135319028522754,0.0,0.0,0.0,0.0,16.74872598861568,0.0,0.0,0.0,0.0,0.0,0.0,0.0,0.0,0.0,20.75788149809334,0.0,0.0,0.0,0.0,0.0,0.0,0.0,0.0,0.0,18.75368353055474,0.0,0.0,0.0,0.0,0.0,0.0,4.808511241158812,4.808511241158812,4.808511241158812,0.0,0.0,0.0,0.0,0.0,0.0,0.0,0.0,0.0,0.0,0.0
8.062015503875969,3.9873039904089387,0.0,3.9873039904089387,3.9873039904089387,0.0,0.0,0.0,0.0,0.0,3.5038079737650936,3.5038079737650936,0.0,3.5038079737650936,0.0,0.0,0.0,0.4301509534805939,0.0,1.3442923554732302,1.3442923554732302,1.3442923554732302,0.0,0.0,0.0,0.0,0.0,0.0,0.0,1.8233897273293305,1.8233897273293305,1.8233897273293305,0.0,0.0,0.0,0.0,0.060623151741383066,0.0,0.0,0.0,0.0,16.881401188554047,0.0,0.0,0.0,0.0,0.0,0.0,0.0,0.0,0.0,20.896854038932076,0.0,0.0,0.0,0.0,0.0,0.0,0.0,0.0,0.0,18.889776648616955,0.0,0.0,0.0,0.0,0.0,0.0,4.980703654451475,4.980703654451475,4.980703654451475,0.0,0.0,0.0,0.0,0.0,0.0,0.0,0.0,0.0,0.0,0.0
8.162790697674419,3.6234275352569356,0.0,3.6234275352569356,3.6234275352569356,0.0,0.0,0.0,0.0,0.0,3.933748927376587,3.933748927376587,0.0,3.933748927376587,0.0,0.0,0.0,0.6087232818004693,0.0,1.4966260055881533,1.4966260055881533,1.4966260055881533,0.0,0.0,0.0,0.0,0.0,0.0,0.0,1.6080771734599286,1.6080771734599286,1.6080771734599286,0.0,0.0,0.0,0.0,0.041583463746422425,0.0,0.0,0.0,0.0,17.09543762134118,0.0,0.0,0.0,0.0,0.0,0.0,0.0,0.0,0.0,21.119811539298485,0.0,0.0,0.0,0.0,0.0,0.0,0.0,0.0,0.0,19.108674342889962,0.0,0.0,0.0,0.0,0.0,0.0,5.248173393527525,5.248173393527525,5.248173393527525,0.0,0.0,0.0,0.0,0.0,0.0,0.0,0.0,0.0,0.0,0.0
8.263565891472869,3.230889363502008,0.0,3.230889363502008,3.230889363502008,0.0,0.0,0.0,0.0,0.0,4.250105433632881,4.250105433632881,0.0,4.250105433632881,0.0,0.0,0.0,0.7677133832671512,0.0,1.7308621370534996,1.7308621370534996,1.7308621370534996,0.0,0.0,0.0,0.0,0.0,0.0,0.0,1.4460564682008255,1.4460564682008255,1.4460564682008255,0.0,0.0,0.0,0.0,0.030238187606263685,0.0,0.0,0.0,0.0,17.413613629677954,0.0,0.0,0.0,0.0,0.0,0.0,0.0,0.0,0.0,21.44870109731731,0.0,0.0,0.0,0.0,0.0,0.0,0.0,0.0,0.0,19.43271782060147,0.0,0.0,0.0,0.0,0.0,0.0,5.627166880936113,5.627166880936113,5.627166880936113,0.0,0.0,0.0,0.0,0.0,0.0,0.0,0.0,0.0,0.0,0.0
8.364341085271318,2.843645081713469,0.0,2.843645081713469,2.843645081713469,0.0,0.0,0.0,0.0,0.0,4.416594634316629,4.416594634316629,0.0,4.416594634316629,0.0,0.0,0.0,0.8615145597189452,0.0,2.052703835900845,2.052703835900845,2.052703835900845,0.0,0.0,0.0,0.0,0.0,0.0,0.0,1.3380955556241327,1.3380955556241327,1.3380955556241327,0.0,0.0,0.0,0.0,0.023958597123005236,0.0,0.0,0.0,0.0,17.844053756653018,0.0,0.0,0.0,0.0,0.0,0.0,0.0,0.0,0.0,21.88952834156305,0.0,0.0,0.0,0.0,0.0,0.0,0.0,0.0,0.0,19.86888360865442,0.0,0.0,0.0,0.0,0.0,0.0,6.1128851859177065,6.1128851859177065,6.1128851859177065,0.0,0.0,0.0,0.0,0.0,0.0,0.0,0.0,0.0,0.0,0.0
8.465116279069766,2.483948705438059,0.0,2.483948705438059,2.483948705438059,0.0,0.0,0.0,0.0,0.0,4.421898819569948,4.421898819569948,0.0,4.421898819569948,0.0,0.0,0.0,0.8646222411192416,0.0,2.456890880242856,2.456890880242856,2.456890880242856,0.0,0.0,0.0,0.0,0.0,0.0,0.0,1.2851842090448307,1.2851842090448307,1.2851842090448307,0.0,0.0,0.0,0.0,0.021227367675580103,0.0,0.0,0.0,0.0,18.3702526960913,0.0,0.0,0.0,0.0,0.0,0.0,0.0,0.0,0.0,22.42296040409601,0.0,0.0,0.0,0.0,0.0,0.0,0.0,0.0,0.0,20.399111244027313,0.0,0.0,0.0,0.0,0.0,0.0,6.673607583163036,6.673607583163036,6.673607583163036,0.0,0.0,0.0,0.0,0.0,0.0,0.0,0.0,0.0,0.0,0.0
8.565891472868216,2.1643547046362115,0.0,2.1643547046362115,2.1643547046362115,0.0,0.0,0.0,0.0,0.0,4.277803306279458,4.277803306279458,0.0,4.277803306279458,0.0,0.0,0.0,0.7828209420559762,0.0,2.919553616084208,2.919553616084208,2.919553616084208,0.0,0.0,0.0,0.0,0.0,0.0,0.0,1.2898169022437167,1.2898169022437167,1.2898169022437167,0.0,0.0,0.0,0.0,0.021457750508060994,0.0,0.0,0.0,0.0,18.948986436435938,0.0,0.0,0.0,0.0,0.0,0.0,0.0,0.0,0.0,23.003544175763754,0.0,0.0,0.0,0.0,0.0,0.0,0.0,0.0,0.0,20.978930081406464,0.0,0.0,0.0,0.0,0.0,0.0,7.255661064899996,7.255661064899996,7.255661064899996,0.0,0.0,0.0,0.0,0.0,0.0,0.0,0.0,0.0,0.0,0.0
8.666666666666666,1.8915145411427252,0.0,1.8915145411427252,1.8915145411427252,0.0,0.0,0.0,0.0,0.0,4.014194002730599,4.014194002730599,0.0,4.014194002730599,0.0,0.0,0.0,0.646837326272926,0.0,3.395767646794702,3.395767646794702,3.395767646794702,0.0,0.0,0.0,0.0,0.0,0.0,0.0,1.3570020218600027,1.3570020218600027,1.3570020218600027,0.0,0.0,0.0,0.0,0.024988574624728824,0.0,0.0,0.0,0.0,19.520937630477658,0.0,0.0,0.0,0.0,0.0,0.0,0.0,0.0,0.0,23.571566329982495,0.0,0.0,0.0,0.0,0.0,0.0,0.0,0.0,0.0,21.54878425766011,0.0,0.0,0.0,0.0,0.0,0.0,7.799892347271585,7.799892347271585,7.799892347271585,0.0,0.0,0.0,0.0,0.0,0.0,0.0,0.0,0.0,0.0,0.0
8.767441860465116,1.6690792590299255,0.0,1.6690792590299255,1.6690792590299255,0.0,0.0,0.0,0.0,0.0,3.671718477288384,3.671718477288384,0.0,3.671718477288384,0.0,0.0,0.0,0.4950033351566124,0.0,3.8271950033612434,3.8271950033612434,3.8271950033612434,0.0,0.0,0.0,0.0,0.0,0.0,0.0,1.4943647266092768,1.4943647266092768,1.4943647266092768,0.0,0.0,0.0,0.0,0.03337104629034998,0.0,0.0,0.0,0.0,20.03098601712628,0.0,0.0,0.0,0.0,0.0,0.0,0.0,0.0,0.0,24.073552699535227,0.0,0.0,0.0,0.0,0.0,0.0,0.0,0.0,0.0,22.054437602613604,0.0,0.0,0.0,0.0,0.0,0.0,8.26170640964347,8.26170640964347,8.26170640964347,0.0,0.0,0.0,0.0,0.0,0.0,0.0,0.0,0.0,0.0,0.0
8.868217054263566,1.4990696885375236,0.0,1.4990696885375236,1.4990696885375236,0.0,0.0,0.0,0.0,0.0,3.2924303699242126,3.2924303699242126,0.0,3.2924303699242126,0.0,0.0,0.0,0.3569026701475442,0.0,4.157698817523007,4.157698817523007,4.157698817523007,0.0,0.0,0.0,0.0,0.0,0.0,0.0,1.7106335917337687,1.7106335917337687,1.7106335917337687,0.0,0.0,0.0,0.0,0.05005771116399916,0.0,0.0,0.0,0.0,20.446004972242644,0.0,0.0,0.0,0.0,0.0,0.0,0.0,0.0,0.0,24.478949647365113,0.0,0.0,0.0,0.0,0.0,0.0,0.0,0.0,0.0,22.464178434093643,0.0,0.0,0.0,0.0,0.0,0.0,8.622352162682024,8.622352162682024,8.622352162682024,0.0,0.0,0.0,0.0,0.0,0.0,0.0,0.0,0.0,0.0,0.0
8.968992248062015,1.382573226195866,0.0,1.382573226195866,1.382573226195866,0.0,0.0,0.0,0.0,0.0,2.911393403069441,2.911393403069441,0.0,2.911393403069441,0.0,0.0,0.0,0.24677586382226943,0.0,4.347987574780311,4.347987574780311,4.347987574780311,0.0,0.0,0.0,0.0,0.0,0.0,0.0,2.0117110326881997,2.0117110326881997,2.0117110326881997,0.0,0.0,0.0,0.0,0.0814135688812621,0.0,0.0,0.0,0.0,20.75939108330763,0.0,0.0,0.0,0.0,0.0,0.0,0.0,0.0,0.0,24.783315649797,0.0,0.0,0.0,0.0,0.0,0.0,0.0,0.0,0.0,22.772600211909086,0.0,0.0,0.0,0.0,0.0,0.0,8.886374055375569,8.886374055375569,8.886374055375569,0.0,0.0,0.0,0.0,0.0,0.0,0.0,0.0,0.0,0.0,0.0
9.069767441860465,1.320651897901257,0.0,1.320651897901257,1.320651897901257,0.0,0.0,0.0,0.0,0.0,2.5527854732669724,2.5527854732669724,0.0,2.5527854732669724,0.0,0.0,0.0,0.16635771996656668,0.0,4.38236202353331,4.38236202353331,4.38236202353331,0.0,0.0,0.0,0.0,0.0,0.0,0.0,2.394101165452389,2.394101165452389,2.394101165452389,0.0,0.0,0.0,0.0,0.13722318466752914,0.0,0.0,0.0,0.0,20.98334431266765,0.0,0.0,0.0,0.0,0.0,0.0,0.0,0.0,0.0,24.999963690631542,0.0,0.0,0.0,0.0,0.0,0.0,0.0,0.0,0.0,22.992524619616912,0.0,0.0,0.0,0.0,0.0,0.0,9.07116347450246,9.07116347450246,9.07116347450246,0.0,0.0,0.0,0.0,0.0,0.0,0.0,0.0,0.0,0.0,0.0
9.170542635658915,1.3155511564606093,0.0,1.3155511564606093,1.3155511564606093,0.0,0.0,0.0,0.0,0.0,2.230929218013549,2.230929218013549,0.0,2.230929218013549,0.0,0.0,0.0,0.11103435502035586,0.0,4.268113846207349,4.268113846207349,4.268113846207349,0.0,0.0,0.0,0.0,0.0,0.0,0.0,2.8375514395871324,2.8375514395871324,2.8375514395871324,0.0,0.0,0.0,0.0,0.22847107739939482,0.0,0.0,0.0,0.0,21.137766559125797,0.0,0.0,0.0,0.0,0.0,0.0,0.0,0.0,0.0,25.149006614484417,0.0,0.0,0.0,0.0,0.0,0.0,0.0,0.0,0.0,23.143976094497678,0.0,0.0,0.0,0.0,0.0,0.0,9.197144530045332,9.197144530045332,9.197144530045332,0.0,0.0,0.0,0.0,0.0,0.0,0.0,0.0,0.0,0.0,0.0
9.271317829457365,1.3717282288977777,0.0,1.3717282288977777,1.3717282288977777,0.0,0.0,0.0,0.0,0.0,1.9536785908047851,1.9536785908047851,0.0,1.9536785908047851,0.0,0.0,0.0,0.07456917736761697,0.0,4.031176181199566,4.031176181199566,4.031176181199566,0.0,0.0,0.0,0.0,0.0,0.0,0.0,3.3016984996037015,3.3016984996037015,3.3016984996037015,0.0,0.0,0.0,0.0,0.3599251854747188,0.0,0.0,0.0,0.0,21.24239857876519,0.0,0.0,0.0,0.0,0.0,0.0,0.0,0.0,0.0,25.249921618472392,0.0,0.0,0.0,0.0,0.0,0.0,0.0,0.0,0.0,23.246553369379193,0.0,0.0,0.0,0.0,0.0,0.0,9.282325831613976,9.282325831613976,9.282325831613976,0.0,0.0,0.0,0.0,0.0,0.0,0.0,0.0,0.0,0.0,0.0
9.372093023255815,1.4960879319112532,0.0,1.4960879319112532,1.4960879319112532,0.0,0.0,0.0,0.0,0.0,1.725411304964492,1.725411304964492,0.0,1.725411304964492,0.0,0.0,0.0,0.05136625668538409,0.0,3.7094009027066033,3.7094009027066033,3.7094009027066033,0.0,0.0,0.0,0.0,0.0,0.0,0.0,3.7316848328763,3.7316848328763,3.7316848328763,0.0,0.0,0.0,0.0,0.5196547150338247,0.0,0.0,0.0,0.0,21.313361726172335,0.0,0.0,0.0,0.0,0.0,0.0,0.0,0.0,0.0,25.31842974493177,0.0,0.0,0.0,0.0,0.0,0.0,0.0,0.0,0.0,23.316158296054937,0.0,0.0,0.0,0.0,0.0,0.0,9.34056253674417,9.34056253674417,9.34056253674417,0.0,0.0,0.0,0.0,0.0,0.0,0.0,0.0,0.0,0.0,0.0
9.472868217054263,1.6967578875371274,0.0,1.6967578875371274,1.6967578875371274,0.0,0.0,0.0,0.0,0.0,1.5486268485650485,1.5486268485650485,0.0,1.5486268485650485,0.0,0.0,0.0,0.03713986776227063,0.0,3.343767761302156,3.343767761302156,3.343767761302156,0.0,0.0,0.0,0.0,0.0,0.0,0.0,4.072077569112128,4.072077569112128,4.072077569112128,0.0,0.0,0.0,0.0,0.6752243988466649,0.0,0.0,0.0,0.0,21.362547849062533,0.0,0.0,0.0,0.0,0.0,0.0,0.0,0.0,0.0,25.366052902937707,0.0,0.0,0.0,0.0,0.0,0.0,0.0,0.0,0.0,23.36447898080405,0.0,0.0,0.0,0.0,0.0,0.0,9.381738439609487,9.381738439609487,9.381738439609487,0.0,0.0,0.0,0.0,0.0,0.0,0.0,0.0,0.0,0.0,0.0
9.573643410852712,1.9796603686462662,0.0,1.9796603686462662,1.9796603686462662,0.0,0.0,0.0,0.0,0.0,1.4247372792479196,1.4247372792479196,0.0,1.4247372792479196,0.0,0.0,0.0,0.028920404580701643,0.0,2.9699423773446623,2.9699423773446623,2.9699423773446623,0.0,0.0,0.0,0.0,0.0,0.0,0.0,4.28149559014007,4.28149559014007,4.28149559014007,0.0,0.0,0.0,0.0,0.7848497117899278,0.0,0.0,0.0,0.0,21.398248361599443,0.0,0.0,0.0,0.0,0.0,0.0,0.0,0.0,0.0,25.400796779840423,0.0,0.0,0.0,0.0,0.0,0.0,0.0,0.0,0.0,23.399649155461717,0.0,0.0,0.0,0.0,0.0,0.0,9.412631338319967,9.412631338319967,9.412631338319967,0.0,0.0,0.0,0.0,0.0,0.0,0.0,0.0,0.0,0.0,0.0
9.674418604651162,2.342576707850976,0.0,2.342576707850976,2.342576707850976,0.0,0.0,0.0,0.0,0.0,1.3549233861792933,1.3549233861792933,0.0,1.3549233861792933,0.0,0.0,0.0,0.024873919041893004,0.0,2.6136299434473202,2.6136299434473202,2.6136299434473202,0.0,0.0,0.0,0.0,0.0,0.0,0.0,4.340613195350713,4.340613195350713,4.340613195350713,0.0,0.0,0.0,0.0,0.8178115860290539,0.0,0.0,0.0,0.0,21.426131006878652,0.0,0.0,0.0,0.0,0.0,0.0,0.0,0.0,0.0,25.42813167680844,0.0,0.0,0.0,0.0,0.0,0.0,0.0,0.0,0.0,23.42722739165367,0.0,0.0,0.0,0.0,0.0,0.0,9.43789636795913,9.43789636795913,9.43789636795913,0.0,0.0,0.0,0.0,0.0,0.0,0.0,0.0,0.0,0.0,0.0
9.775193798449612,2.768142801227437,0.0,2.768142801227437,2.768142801227437,0.0,0.0,0.0,0.0,0.0,1.3412727749101783,1.3412727749101783,0.0,1.3412727749101783,0.0,0.0,0.0,0.024129666981709954,0.0,2.2907278709288987,2.2907278709288987,2.2907278709288987,0.0,0.0,0.0,0.0,0.0,0.0,0.0,4.252758186808987,4.252758186808987,4.252758186808987,0.0,0.0,0.0,0.0,0.7691518126552468,0.0,0.0,0.0,0.0,21.45020938147519,0.0,0.0,0.0,0.0,0.0,0.0,0.0,0.0,0.0,25.451951232206582,0.0,0.0,0.0,0.0,0.0,0.0,0.0,0.0,0.0,23.45116068407438,0.0,0.0,0.0,0.0,0.0,0.0,9.460978667480726,9.460978667480726,9.460978667480726,0.0,0.0,0.0,0.0,0.0,0.0,0.0,0.0,0.0,0.0,0.0
9.875968992248062,3.219921141397645,0.0,3.219921141397645,3.219921141397645,0.0,0.0,0.0,0.0,0.0,1.387808631912551,1.387808631912551,0.0,1.387808631912551,0.0,0.0,0.0,0.026729371873639392,0.0,2.010242360635852,2.010242360635852,2.010242360635852,0.0,0.0,0.0,0.0,0.0,0.0,0.0,4.04023918406487,4.04023918406487,4.04023918406487,0.0,0.0,0.0,0.0,0.659509762932865,0.0,0.0,0.0,0.0,21.47373005417743,0.0,0.0,0.0,0.0,0.0,0.0,0.0,0.0,0.0,25.475459807251017,0.0,0.0,0.0,0.0,0.0,0.0,0.0,0.0,0.0,23.474667048225296,0.0,0.0,0.0,0.0,0.0,0.0,9.484962140997334,9.484962140997334,9.484962140997334,0.0,0.0,0.0,0.0,0.0,0.0,0.0,0.0,0.0,0.0,0.0
9.976744186046512,3.646404408262965,0.0,3.646404408262965,3.646404408262965,0.0,0.0,0.0,0.0,0.0,1.5008250131291156,1.5008250131291156,0.0,1.5008250131291156,0.0,0.0,0.0,0.033805719020930575,0.0,1.7772735343329389,1.7772735343329389,1.7772735343329389,0.0,0.0,0.0,0.0,0.0,0.0,0.0,3.738173951172358,3.738173951172358,3.738173951172358,0.0,0.0,0.0,0.0,0.5223703528474403,0.0,0.0,0.0,0.0,21.5000656274424,0.0,0.0,0.0,0.0,0.0,0.0,0.0,0.0,0.0,25.502024838161336,0.0,0.0,0.0,0.0,0.0,0.0,0.0,0.0,0.0,23.501123944782048,0.0,0.0,0.0,0.0,0.0,0.0,9.51349952170784,9.51349952170784,9.51349952170784,0.0,0.0,0.0,0.0,0.0,0.0,0.0,0.0,0.0,0.0,0.0
10.077519379844961,3.9933236280325253,0.0,3.9933236280325253,3.9933236280325253,0.0,0.0,0.0,0.0,0.0,1.6878925280776758,1.6878925280776758,0.0,1.6878925280776758,0.0,0.0,0.0,0.048087740570579136,0.0,1.594792098880479,1.594792098880479,1.594792098880479,0.0,0.0,0.0,0.0,0.0,0.0,0.0,3.3862341988754685,3.3862341988754685,3.3862341988754685,0.0,0.0,0.0,0.0,0.38828532280681494,0.0,0.0,0.0,0.0,21.533830725054642,0.0,0.0,0.0,0.0,0.0,0.0,0.0,0.0,0.0,25.536374156768947,0.0,0.0,0.0,0.0,0.0,0.0,0.0,0.0,0.0,23.535199439100815,0.0,0.0,0.0,0.0,0.0,0.0,9.55209530769251,9.55209530769251,9.55209530769251,0.0,0.0,0.0,0.0,0.0,0.0,0.0,0.0,0.0,0.0,0.0
10.178294573643411,4.2179473917069155,0.0,4.2179473917069155,4.2179473917069155,0.0,0.0,0.0,0.0,0.0,1.954840604798288,1.954840604798288,0.0,1.954840604798288,0.0,0.0,0.0,0.07470231386669542,0.0,1.4645336671774762,1.4645336671774762,1.4645336671774762,0.0,0.0,0.0,0.0,0.0,0.0,0.0,3.0202902431848853,3.0202902431848853,3.0202902431848853,0.0,0.0,0.0,0.0,0.2755155016507916,0.0,0.0,0.0,0.0,21.582553021969748,0.0,0.0,0.0,0.0,0.0,0.0,0.0,0.0,0.0,25.586256544022955,0.0,0.0,0.0,0.0,0.0,0.0,0.0,0.0,0.0,23.584540102469497,0.0,0.0,0.0,0.0,0.0,0.0,9.610100135175266,9.610100135175266,9.610100135175266,0.0,0.0,0.0,0.0,0.0,0.0,0.0,0.0,0.0,0.0,0.0
10.279069767441861,4.2980009589844315,0.0,4.2980009589844315,4.2980009589844315,0.0,0.0,0.0,0.0,0.0,2.3003698170728977,2.3003698170728977,0.0,2.3003698170728977,0.0,0.0,0.0,0.1217286994067367,0.0,1.3878275082895668,1.3878275082895668,1.3878275082895668,0.0,0.0,0.0,0.0,0.0,0.0,0.0,2.667217839890149,2.667217839890149,2.667217839890149,0.0,0.0,0.0,0.0,0.1897472375556674,0.0,0.0,0.0,0.0,21.659208811470165,0.0,0.0,0.0,0.0,0.0,0.0,0.0,0.0,0.0,25.665052545559348,0.0,0.0,0.0,0.0,0.0,0.0,0.0,0.0,0.0,23.662338195061675,0.0,0.0,0.0,0.0,0.0,0.0,9.70362997328784,9.70362997328784,9.70362997328784,0.0,0.0,0.0,0.0,0.0,0.0,0.0,0.0,0.0,0.0,0.0
10.37984496124031,4.2333507869119575,0.0,4.2333507869119575,4.2333507869119575,0.0,0.0,0.0,0.0,0.0,2.7094233236997805,2.7094233236997805,0.0,2.7094233236997805,0.0,0.0,0.0,0.1988980819823556,0.0,1.3666715955573516,1.3666715955573516,1.3666715955573516,0.0,0.0,0.0,0.0,0.0,0.0,0.0,2.3442840335234845,2.3442840335234845,2.3442840335234845,0.0,0.0,0.0,0.0,0.12883405878169676,0.0,0.0,0.0,0.0,21.78546042329766,0.0,0.0,0.0,0.0,0.0,0.0,0.0,0.0,0.0,25.79503157525554,0.0,0.0,0.0,0.0,0.0,0.0,0.0,0.0,0.0,23.790581460664114,0.0,0.0,0.0,0.0,0.0,0.0,9.858806943175559,9.858806943175559,9.858806943175559,0.0,0.0,0.0,0.0,0.0,0.0,0.0,0.0,0.0,0.0,0.0
10.480620155038759,4.043013589900125,0.0,4.043013589900125,4.043013589900125,0.0,0.0,0.0,0.0,0.0,3.1489187498702855,3.1489187498702855,0.0,3.1489187498702855,0.0,0.0,0.0,0.3122369993351205,0.0,1.4047495300567603,1.4047495300567603,1.4047495300567603,0.0,0.0,0.0,0.0,0.0,0.0,0.0,2.061573478786057,2.061573478786057,2.061573478786057,0.0,0.0,0.0,0.0,0.0876186294828854,0.0,0.0,0.0,0.0,21.994097996811448,0.0,0.0,0.0,0.0,0.0,0.0,0.0,0.0,0.0,26.009663679353384,0.0,0.0,0.0,0.0,0.0,0.0,0.0,0.0,0.0,24.002426861414456,0.0,0.0,0.0,0.0,0.0,0.0,10.112956973411325,10.112956973411325,10.112956973411325,0.0,0.0,0.0,0.0,0.0,0.0,0.0,0.0,0.0,0.0,0.0
10.581395348837209,3.7594925349663395,0.0,3.7594925349663395,3.7594925349663395,0.0,0.0,0.0,0.0,0.0,3.5704809963216197,3.5704809963216197,0.0,3.5704809963216197,0.0,0.0,0.0,0.4551768622800793,0.0,1.5078390201441503,1.5078390201441503,1.5078390201441503,0.0,0.0,0.0,0.0,0.0,0.0,0.0,1.824891454815324,1.824891454815324,1.824891454815324,0.0,0.0,0.0,0.0,0.0607730611958835,0.0,0.0,0.0,0.0,22.327397958548943,0.0,0.0,0.0,0.0,0.0,0.0,0.0,0.0,0.0,26.351564979344285,0.0,0.0,0.0,0.0,0.0,0.0,0.0,0.0,0.0,24.340339900219718,0.0,0.0,0.0,0.0,0.0,0.0,10.509853146683998,10.509853146683998,10.509853146683998,0.0,0.0,0.0,0.0,0.0,0.0,0.0,0.0,0.0,0.0,0.0
10.682170542635658,3.4210162464134077,0.0,3.4210162464134077,3.4210162464134077,0.0,0.0,0.0,0.0,0.0,3.9212861320576953,3.9212861320576953,0.0,3.9212861320576953,0.0,0.0,0.0,0.6029559711371703,0.0,1.683002521776179,1.683002521776179,1.683002521776179,0.0,0.0,0.0,0.0,0.0,0.0,0.0,1.6376693446333497,1.6376693446333497,1.6376693446333497,0.0,0.0,0.0,0.0,0.043921651205333936,0.0,0.0,0.0,0.0,22.82789853803523,0.0,0.0,0.0,0.0,0.0,0.0,0.0,0.0,0.0,26.86266731911094,0.0,0.0,0.0,0.0,0.0,0.0,0.0,0.0,0.0,24.84653798395622,0.0,0.0,0.0,0.0,0.0,0.0,11.086590863450821,11.086590863450821,11.086590863450821,0.0,0.0,0.0,0.0,0.0,0.0,0.0,0.0,0.0,0.0,0.0
10.782945736434108,3.063353654061539,0.0,3.063353654061539,3.063353654061539,0.0,0.0,0.0,0.0,0.0,4.157835688000827,4.157835688000827,0.0,4.157835688000827,0.0,0.0,0.0,0.7187899029605863,0.0,1.9359076021766268,1.9359076021766268,1.9359076021766268,0.0,0.0,0.0,0.0,0.0,0.0,0.0,1.5019600215079933,1.5019600215079933,1.5019600215079933,0.0,0.0,0.0,0.0,0.033882474402881425,0.0,0.0,0.0,0.0,23.521528793648166,0.0,0.0,0.0,0.0,0.0,0.0,0.0,0.0,0.0,27.566962924689737,0.0,0.0,0.0,0.0,0.0,0.0,0.0,0.0,0.0,25.545916386836083,0.0,0.0,0.0,0.0,0.0,0.0,11.855129927322318,11.855129927322318,11.855129927322318,0.0,0.0,0.0,0.0,0.0,0.0,0.0,0.0,0.0,0.0,0.0
10.883720930232558,2.71424099820965,0.0,2.71424099820965,2.71424099820965,0.0,0.0,0.0,0.0,0.0,4.255497910736115,4.255497910736115,0.0,4.255497910736115,0.0,0.0,0.0,0.7706392859873511,0.0,2.265910180549533,2.265910180549533,2.265910180549533,0.0,0.0,0.0,0.0,0.0,0.0,0.0,1.4192592321902249,1.4192592321902249,1.4192592321902249,0.0,0.0,0.0,0.0,0.028588092845780202,0.0,0.0,0.0,0.0,24.398849322493295,0.0,0.0,0.0,0.0,0.0,0.0,0.0,0.0,0.0,28.4521969180709,0.0,0.0,0.0,0.0,0.0,0.0,0.0,0.0,0.0,26.427509737092294,0.0,0.0,0.0,0.0,0.0,0.0,12.787074590999985,12.787074590999985,12.787074590999985,0.0,0.0,0.0,0.0,0.0,0.0,0.0,0.0,0.0,0.0,0.0
10.984496124031008,2.392111328305806,0.0,2.392111328305806,2.392111328305806,0.0,0.0,0.0,0.0,0.0,4.211145830227121,4.211145830227121,0.0,4.211145830227121,0.0,0.0,0.0,0.746794040123568,0.0,2.65979823990594,2.65979823990594,2.65979823990594,0.0,0.0,0.0,0.0,0.0,0.0,0.0,1.3915260887587928,1.3915260887587928,1.3915260887587928,0.0,0.0,0.0,0.0,0.026944743835353422,0.0,0.0,0.0,0.0,25.40482279276409,0.0,0.0,0.0,0.0,0.0,0.0,0.0,0.0,0.0,29.46091479712918,0.0,0.0,0.0,0.0,0.0,0.0,0.0,0.0,0.0,27.434971864660042,0.0,0.0,0.0,0.0,0.0,0.0,13.81163898405495,13.81163898405495,13.81163898405495,0.0,0.0,0.0,0.0,0.0,0.0,0.0,0.0,0.0,0.0,0.0
11.085271317829458,2.1080387760580117,0.0,2.1080387760580117,2.1080387760580117,0.0,0.0,0.0,0.0,0.0,4.040830048853023,4.040830048853023,0.0,4.040830048853023,0.0,0.0,0.0,0.6597991552710128,0.0,3.0873444987228438,3.0873444987228438,3.0873444987228438,0.0,0.0,0.0,0.0,0.0,0.0,0.0,1.4221806419925267,1.4221806419925267,1.4221806419925267,0.0,0.0,0.0,0.0,0.028764994070604483,0.0,0.0,0.0,0.0,26.447363706795784,0.0,0.0,0.0,0.0,0.0,0.0,0.0,0.0,0.0,30.500370685780275,0.0,0.0,0.0,0.0,0.0,0.0,0.0,0.0,0.0,28.47585459412081,0.0,0.0,0.0,0.0,0.0,0.0,14.832370292508298,14.832370292508298,14.832370292508298,0.0,0.0,0.0,0.0,0.0,0.0,0.0,0.0,0.0,0.0,0.0
11.186046511627907,1.86850533274901,0.0,1.86850533274901,1.86850533274901,0.0,0.0,0.0,0.0,0.0,3.774590881113503,3.774590881113503,0.0,3.774590881113503,0.0,0.0,0.0,0.5377862067099469,0.0,3.5030486160820433,3.5030486160820433,3.5030486160820433,0.0,0.0,0.0,0.0,0.0,0.0,0.0,1.5165649923361357,1.5165649923361357,1.5165649923361357,0.0,0.0,0.0,0.0,0.034880530390557024,0.0,0.0,0.0,0.0,27.425604228483536,0.0,0.0,0.0,0.0,0.0,0.0,0.0,0.0,0.0,31.471087432969277,0.0,0.0,0.0,0.0,0.0,0.0,0.0,0.0,0.0,29.45004201197432,0.0,0.0,0.0,0.0,0.0,0.0,15.757508652683441,15.757508652683441,15.757508652683441,0.0,0.0,0.0,0.0,0.0,0.0,0.0,0.0,0.0,0.0,0.0
11.286821705426357,1.677388968022481,0.0,1.677388968022481,1.677388968022481,0.0,0.0,0.0,0.0,0.0,3.4491532768321918,3.4491532768321918,0.0,3.4491532768321918,0.0,0.0,0.0,0.41033398052208714,0.0,3.8556794543612427,3.8556794543612427,3.8556794543612427,0.0,0.0,0.0,0.0,0.0,0.0,0.0,1.6812826492105188,1.6812826492105188,1.6812826492105188,0.0,0.0,0.0,0.0,0.04752500741258052,0.0,0.0,0.0,0.0,28.263334566120005,0.0,0.0,0.0,0.0,0.0,0.0,0.0,0.0,0.0,32.299325370811495,0.0,0.0,0.0,0.0,0.0,0.0,0.0,0.0,0.0,30.282661030947647,0.0,0.0,0.0,0.0,0.0,0.0,16.527597717309316,16.527597717309316,16.527597717309316,0.0,0.0,0.0,0.0,0.0,0.0,0.0,0.0,0.0,0.0,0.0
11.387596899224807,1.537051043446048,0.0,1.537051043446048,1.537051043446048,0.0,0.0,0.0,0.0,0.0,3.0999575868879683,3.0999575868879683,0.0,3.0999575868879683,0.0,0.0,0.0,0.2978977724670956,0.0,4.101420777735364,4.101420777735364,4.101420777735364,0.0,0.0,0.0,0.0,0.0,0.0,0.0,1.9217991253711475,1.9217991253711475,1.9217991253711475,0.0,0.0,0.0,0.0,0.070978035373962,0.0,0.0,0.0,0.0,28.92725793959095,0.0,0.0,0.0,0.0,0.0,0.0,0.0,0.0,0.0,32.95400946147251,0.0,0.0,0.0,0.0,0.0,0.0,0.0,0.0,0.0,30.94161396975927,0.0,0.0,0.0,0.0,0.0,0.0,17.124980743201075,17.124980743201075,17.124980743201075,0.0,0.0,0.0,0.0,0.0,0.0,0.0,0.0,0.0,0.0,0.0
11.488372093023255,1.449162823136422,0.0,1.449162823136422,1.449162823136422,0.0,0.0,0.0,0.0,0.0,2.755334568536686,2.755334568536686,0.0,2.755334568536686,0.0,0.0,0.0,0.20918137950862348,0.0,4.21379625612781,4.21379625612781,4.21379625612781,0.0,0.0,0.0,0.0,0.0,0.0,0.0,2.2379294990782426,2.2379294990782426,2.2379294990782426,0.0,0.0,0.0,0.0,0.11208285963314517,0.0,0.0,0.0,0.0,29.422908832955265,0.0,0.0,0.0,0.0,0.0,0.0,0.0,0.0,0.0,33.44193846499833,0.0,0.0,0.0,0.0,0.0,0.0,0.0,0.0,0.0,31.433114652365624,0.0,0.0,0.0,0.0,0.0,0.0,17.56449404298847,17.56449404298847,17.56449404298847,0.0,0.0,0.0,0.0,0.0,0.0,0.0,0.0,0.0,0.0,0.0
11.589147286821705,1.4156818149850199,0.0,1.4156818149850199,1.4156818149850199,0.0,0.0,0.0,0.0,0.0,2.434690143408377,2.434690143408377,0.0,2.434690143408377,0.0,0.0,0.0,0.1443215194798299,0.0,4.187113424151055,4.187113424151055,4.187113424151055,0.0,0.0,0.0,0.0,0.0,0.0,0.0,2.6179374455929287,2.6179374455929287,2.6179374455929287,0.0,0.0,0.0,0.0,0.17942286833277085,0.0,0.0,0.0,0.0,29.77806672278796,0.0,0.0,0.0,0.0,0.0,0.0,0.0,0.0,0.0,33.79124557182364,0.0,0.0,0.0,0.0,0.0,0.0,0.0,0.0,0.0,31.78513124307428,0.0,0.0,0.0,0.0,0.0,0.0,17.876814425514638,17.876814425514638,17.876814425514638,0.0,0.0,0.0,0.0,0.0,0.0,0.0,0.0,0.0,0.0,0.0
11.689922480620154,1.4398255302980543,0.0,1.4398255302980543,1.4398255302980543,0.0,0.0,0.0,0.0,0.0,2.149990832314433,2.149990832314433,0.0,2.149990832314433,0.0,0.0,0.0,0.09938247867662503,0.0,4.0347700317021165,4.0347700317021165,4.0347700317021165,0.0,0.0,0.0,0.0,0.0,0.0,0.0,3.0340183551632807,3.0340183551632807,3.0340183551632807,0.0,0.0,0.0,0.0,0.2792895019349079,0.0,0.0,0.0,0.0,30.026822415007267,0.0,0.0,0.0,0.0,0.0,0.0,0.0,0.0,0.0,34.03585279404677,0.0,0.0,0.0,0.0,0.0,0.0,0.0,0.0,0.0,32.031659607562894,0.0,0.0,0.0,0.0,0.0,0.0,18.09503402650134,18.09503402650134,18.09503402650134,0.0,0.0,0.0,0.0,0.0,0.0,0.0,0.0,0.0,0.0,0.0
11.790697674418604,1.5265688335465102,0.0,1.5265688335465102,1.5265688335465102,0.0,0.0,0.0,0.0,0.0,1.9083576589623472,1.9083576589623472,0.0,1.9083576589623472,0.0,0.0,0.0,0.06949912177989558,0.0,3.784514462940855,3.784514462940855,3.784514462940855,0.0,0.0,0.0,0.0,0.0,0.0,0.0,3.4432768635336903,3.4432768635336903,3.4432768635336903,0.0,0.0,0.0,0.0,0.4082402612657651,0.0,0.0,0.0,0.0,30.200235249651534,0.0,0.0,0.0,0.0,0.0,0.0,0.0,0.0,0.0,34.206454697701126,0.0,0.0,0.0,0.0,0.0,0.0,0.0,0.0,0.0,32.203564137325074,0.0,0.0,0.0,0.0,0.0,0.0,18.247720375616407,18.247720375616407,18.247720375616407,0.0,0.0,0.0,0.0,0.0,0.0,0.0,0.0,0.0,0.0,0.0
11.891472868217054,1.6821031208902215,0.0,1.6821031208902215,1.6821031208902215,0.0,0.0,0.0,0.0,0.0,1.71409691969539,1.71409691969539,0.0,1.71409691969539,0.0,0.0,0.0,0.05036236583182227,0.0,3.4715575122233986,3.4715575122233986,3.4715575122233986,0.0,0.0,0.0,0.0,0.0,0.0,0.0,3.796134108684778,3.796134108684778,3.796134108684778,0.0,0.0,0.0,0.0,0.5470469990476693,0.0,0.0,0.0,0.0,30.322912117072836,0.0,0.0,0.0,0.0,0.0,0.0,0.0,0.0,0.0,34.32729550778568,0.0,0.0,0.0,0.0,0.0,0.0,0.0,0.0,0.0,32.32525605015184,0.0,0.0,0.0,0.0,0.0,0.0,18.356888698710783,18.356888698710783,18.356888698710783,0.0,0.0,0.0,0.0,0.0,0.0,0.0,0.0,0.0,0.0,0.0
11.992248062015504,1.9116701521733934,0.0,1.9116701521733934,1.9116701521733934,0.0,0.0,0.0,0.0,0.0,1.5698670138194557,1.5698670138194557,0.0,1.5698670138194557,0.0,0.0,0.0,0.038689096903862547,0.0,3.1308456342251745,3.1308456342251745,3.1308456342251745,0.0,0.0,0.0,0.0,0.0,0.0,0.0,4.048795192893064,4.048795192893064,4.048795192893064,0.0,0.0,0.0,0.0,0.6637085708899262,0.0,0.0,0.0,0.0,30.412932163669545,0.0,0.0,0.0,0.0,0.0,0.0,0.0,0.0,0.0,34.416161751320125,0.0,0.0,0.0,0.0,0.0,0.0,0.0,0.0,0.0,32.414656708333965,0.0,0.0,0.0,0.0,0.0,0.0,18.438488161550087,18.438488161550087,18.438488161550087,0.0,0.0,0.0,0.0,0.0,0.0,0.0,0.0,0.0,0.0,0.0
12.093023255813954,2.2153974897958895,0.0,2.2153974897958895,2.2153974897958895,0.0,0.0,0.0,0.0,0.0,1.4775184274893398,1.4775184274893398,0.0,1.4775184274893398,0.0,0.0,0.0,0.03225512417853363,0.0,2.7910836616707813,2.7910836616707813,2.7910836616707813,0.0,0.0,0.0,0.0,0.0,0.0,0.0,4.1733726736165355,4.1733726736165355,4.1733726736165355,0.0,0.0,0.0,0.0,0.7268779659145647,0.0,0.0,0.0,0.0,30.48313017334616,0.0,0.0,0.0,0.0,0.0,0.0,0.0,0.0,0.0,34.485677419352484,0.0,0.0,0.0,0.0,0.0,0.0,0.0,0.0,0.0,32.484487544562135,0.0,0.0,0.0,0.0,0.0,0.0,18.50382809891255,18.50382809891255,18.50382809891255,0.0,0.0,0.0,0.0,0.0,0.0,0.0,0.0,0.0,0.0,0.0
12.193798449612403,2.5827288044978864,0.0,2.5827288044978864,2.5827288044978864,0.0,0.0,0.0,0.0,0.0,1.4390340719564532,1.4390340719564532,0.0,1.4390340719564532,0.0,0.0,0.0,0.029799791845588532,0.0,2.472472060534404,2.472472060534404,2.472472060534404,0.0,0.0,0.0,0.0,0.0,0.0,0.0,4.161996613390229,4.161996613390229,4.161996613390229,0.0,0.0,0.0,0.0,0.7209500353710082,0.0,0.0,0.0,0.0,30.542744942557995,0.0,0.0,0.0,0.0,0.0,0.0,0.0,0.0,0.0,34.54494528086303,0.0,0.0,0.0,0.0,0.0,0.0,0.0,0.0,0.0,32.543914973980186,0.0,0.0,0.0,0.0,0.0,0.0,18.561210073628526,18.561210073628526,18.561210073628526,0.0,0.0,0.0,0.0,0.0,0.0,0.0,0.0,0.0,0.0,0.0
12.294573643410853,2.9879135279845603,0.0,2.9879135279845603,2.9879135279845603,0.0,0.0,0.0,0.0,0.0,1.4574773551187845,1.4574773551187845,0.0,1.4574773551187845,0.0,0.0,0.0,0.03096032047629076,0.0,2.1877687330114526,2.1877687330114526,2.1877687330114526,0.0,0.0,0.0,0.0,0.0,0.0,0.0,4.025707860328128,4.025707860328128,4.025707860328128,0.0,0.0,0.0,0.0,0.6524192501491475,0.0,0.0,0.0,0.0,30.599070801990432,0.0,0.0,0.0,0.0,0.0,0.0,0.0,0.0,0.0,34.60118865121381,0.0,0.0,0.0,0.0,0.0,0.0,0.0,0.0,0.0,32.600196490635234,0.0,0.0,0.0,0.0,0.0,0.0,18.617540995823873,18.617540995823873,18.617540995823873,0.0,0.0,0.0,0.0,0.0,0.0,0.0,0.0,0.0,0.0,0.0
12.395348837209303,3.3903958050882372,0.0,3.3903958050882372,3.3903958050882372,0.0,0.0,0.0,0.0,0.0,1.5375136677812518,1.5375136677812518,0.0,1.5375136677812518,0.0,0.0,0.0,0.036346027882972295,0.0,1.9446895949152583,1.9446895949152583,1.9446895949152583,0.0,0.0,0.0,0.0,0.0,0.0,0.0,3.790141083048202,3.790141083048202,3.790141083048202,0.0,0.0,0.0,0.0,0.5444601881935417,0.0,0.0,0.0,0.0,30.659125536320783,0.0,0.0,0.0,0.0,0.0,0.0,0.0,0.0,0.0,34.66143932615377,0.0,0.0,0.0,0.0,0.0,0.0,0.0,0.0,0.0,32.66035110735891,0.0,0.0,0.0,0.0,0.0,0.0,18.680020523809155,18.680020523809155,18.680020523809155,0.0,0.0,0.0,0.0,0.0,0.0,0.0,0.0,0.0,0.0,0.0
12.496124031007751,3.742245664450838,0.0,3.742245664450838,3.742245664450838,0.0,0.0,0.0,0.0,0.0,1.6849655773751409,1.6849655773751409,0.0,1.6849655773751409,0.0,0.0,0.0,0.04783800930258518,0.0,1.7479479572899645,1.7479479572899645,1.7479479572899645,0.0,0.0,0.0,0.0,0.0,0.0,0.0,3.4890192698836398,3.4890192698836398,3.4890192698836398,0.0,0.0,0.0,0.0,0.42472722896762305,0.0,0.0,0.0,0.0,30.731597863624035,0.0,0.0,0.0,0.0,0.0,0.0,0.0,0.0,0.0,34.734450155649824,0.0,0.0,0.0,0.0,0.0,0.0,0.0,0.0,0.0,32.733105545683905,0.0,0.0,0.0,0.0,0.0,0.0,18.758235417910146,18.758235417910146,18.758235417910146,0.0,0.0,0.0,0.0,0.0,0.0,0.0,0.0,0.0,0.0,0.0
12.5968992248062,3.9999403594362777,0.0,3.9999403594362777,3.9999403594362777,0.0,0.0,0.0,0.0,0.0,1.9048420586173014,1.9048420586173014,0.0,1.9048420586173014,0.0,0.0,0.0,0.06911573247880437,0.0,1.6004859415075208,1.6004859415075208,1.6004859415075208,0.0,0.0,0.0,0.0,0.0,0.0,0.0,3.1566798055929195,3.1566798055929195,3.1566798055929195,0.0,0.0,0.0,0.0,0.31455138068174915,0.0,0.0,0.0,0.0,30.829539877752634,0.0,0.0,0.0,0.0,0.0,0.0,0.0,0.0,0.0,34.83345736044745,0.0,0.0,0.0,0.0,0.0,0.0,0.0,0.0,0.0,32.83160726571194,0.0,0.0,0.0,0.0,0.0,0.0,18.867151383401385,18.867151383401385,18.867151383401385,0.0,0.0,0.0,0.0,0.0,0.0,0.0,0.0,0.0,0.0,0.0
12.69767441860465,4.1345458466671134,0.0,4.1345458466671134,4.1345458466671134,0.0,0.0,0.0,0.0,0.0,2.197472276017557,2.197472276017557,0.0,2.197472276017557,0.0,0.0,0.0,0.10611339601588628,0.0,1.5043326719943553,1.5043326719943553,1.5043326719943553,0.0,0.0,0.0,0.0,0.0,0.0,0.0,2.822020145326764,2.822020145326764,2.822020145326764,0.0,0.0,0.0,0.0,0.2247399754448508,0.0,0.0,0.0,0.0,30.974263967742488,0.0,0.0,0.0,0.0,0.0,0.0,0.0,0.0,0.0,34.98009767888194,0.0,0.0,0.0,0.0,0.0,0.0,0.0,0.0,0.0,32.977338924209,0.0,0.0,0.0,0.0,0.0,0.0,19.0313761611468,19.0313761611468,19.0313761611468,0.0,0.0,0.0,0.0,0.0,0.0,0.0,0.0,0.0,0.0,0.0
12.7984496124031,4.136361692893221,0.0,4.136361692893221,4.136361692893221,0.0,0.0,0.0,0.0,0.0,2.5532426484966195,2.5532426484966195,0.0,2.5532426484966195,0.0,0.0,0.0,0.16644711437628443,0.0,1.4615155723085733,1.4615155723085733,1.4615155723085733,0.0,0.0,0.0,0.0,0.0,0.0,0.0,2.505874609080147,2.505874609080147,2.505874609080147,0.0,0.0,0.0,0.0,0.15735407955730416,0.0,0.0,0.0,0.0,31.20030942817935,0.0,0.0,0.0,0.0,0.0,0.0,0.0,0.0,0.0,35.209384667263606,0.0,0.0,0.0,0.0,0.0,0.0,0.0,0.0,0.0,33.20509050756379,0.0,0.0,0.0,0.0,0.0,0.0,19.290150334130978,19.290150334130978,19.290150334130978,0.0,0.0,0.0,0.0,0.0,0.0,0.0,0.0,0.0,0.0,0.0
12.89922480620155,4.01434845615855,0.0,4.01434845615855,4.01434845615855,0.0,0.0,0.0,0.0,0.0,2.9481417842222557,2.9481417842222557,0.0,2.9481417842222557,0.0,0.0,0.0,0.25623892183914193,0.0,1.4749825440454285,1.4749825440454285,1.4749825440454285,0.0,0.0,0.0,0.0,0.0,0.0,0.0,2.2216921554030256,2.2216921554030256,2.2216921554030256,0.0,0.0,0.0,0.0,0.10966085931086901,0.0,0.0,0.0,0.0,31.559579635337844,0.0,0.0,0.0,0.0,0.0,0.0,0.0,0.0,0.0,35.57374096178278,0.0,0.0,0.0,0.0,0.0,0.0,0.0,0.0,0.0,33.56704012743832,0.0,0.0,0.0,0.0,0.0,0.0,19.7003147170648,19.7003147170648,19.7003147170648,0.0,0.0,0.0,0.0,0.0,0.0,0.0,0.0,0.0,0.0,0.0
13.0,3.7922066662227567,0.0,3.7922066662227567,3.7922066662227567,0.0,0.0,0.0,0.0,0.0,3.3437020126447212,3.3437020126447212,0.0,3.3437020126447212,0.0,0.0,0.0,0.37383735890588227,0.0,1.5491380415399412,1.5491380415399412,1.5491380415399412,0.0,0.0,0.0,0.0,0.0,0.0,0.0,1.9777350395471973,1.9777350395471973,1.9777350395471973,0.0,0.0,0.0,0.0,0.07735783807975512,0.0,0.0,0.0,0.0,32.120041478252304,0.0,0.0,0.0,0.0,0.0,0.0,0.0,0.0,0.0,36.14138178992031,0.0,0.0,0.0,0.0,0.0,0.0,0.0,0.0,0.0,34.131280334445165,0.0,0.0,0.0,0.0,0.0,0.0,20.33187870895846,20.33187870895846,20.33187870895846,0.0,0.0,0.0,0.0,0.0,0.0,0.0,0.0,0.0,0.0,0.0
