time,x1,x2,x3,x4,x5,x6,x7,x8,x9
0.000000000000000000e+00,7.000000000000000000e+00,9.999999999999998890e-01,1.000000000000000000e+00,1.000000000000000000e+00,1.400000000000000000e+01,1.200000000000000000e+01,1.300000000000000000e+01,2.999999999999999889e-01,2.999999999999999889e-01
1.007751937984496110e-01,6.372092117893468632e+00,1.620615541348668920e+00,9.416862098802980530e-01,9.112270328402950481e-01,1.274841590023341809e+01,1.524351564495412426e+01,1.396964460204798719e+01,3.006885288252767463e-01,3.002633315177961060e-01
2.015503875968992220e-01,5.742585209235250510e+00,2.465061598498510254e+00,9.536073969296608999e-01,8.272319554300545663e-01,1.242798018505014035e+01,1.608600692847255687e+01,1.422197201577736259e+01,3.033324155012716017e-01,3.004627944801543382e-01
3.023255813953488191e-01,5.024692223516409761e+00,3.431465375853415711e+00,1.037524107962833009e+00,7.389721495575107824e-01,1.234215301422098143e+01,1.626444838790715863e+01,1.428731594578157882e+01,3.114625923014556208e-01,3.006088395076090269e-01
4.031007751937984440e-01,4.254927071400629757e+00,4.324575860964885443e+00,1.212626613259308872e+00,6.528919816573088841e-01,1.232775214914237516e+01,1.631127126834025631e+01,1.431395736414958186e+01,3.308013063020525113e-01,3.007110661885621372e-01
5.038759689922480689e-01,3.514267158027550408e+00,4.962890745182232166e+00,1.507084530728873606e+00,5.806120710416191599e-01,1.234422964196586747e+01,1.634416460665831394e+01,1.434262146575116859e+01,3.667356734029694754e-01,3.007818599929558134e-01
6.046511627906976383e-01,2.862016774690361753e+00,5.266039557052875075e+00,1.949038649315562255e+00,5.315408320110822649e-01,1.238239720433998770e+01,1.638884639467501358e+01,1.438547850411186602e+01,4.206686873761428247e-01,3.008334661721568937e-01
7.054263565891473187e-01,2.316583883492258078e+00,5.246691995345730497e+00,2.549301155261558982e+00,5.115426129796222243e-01,1.243810766544445912e+01,1.644843438743022901e+01,1.444371616353173060e+01,4.879852388995011281e-01,3.008758483142309204e-01
8.062015503875968880e-01,1.871620349869526523e+00,4.965902173119636664e+00,3.277338960139915880e+00,5.258300610542493425e-01,1.250450782361509638e+01,1.651699402532283756e+01,1.451148348844024127e+01,5.589338605604085020e-01,3.009174107023888656e-01
9.069767441860464574e-01,1.514907116759188543e+00,4.507066433474594014e+00,4.049407619346245824e+00,5.825172398003796159e-01,1.257183514013020798e+01,1.658456790915062129e+01,1.457905094552588210e+01,6.227332690281062177e-01,3.009680495958398927e-01
1.007751937984496138e+00,1.236148567615710459e+00,3.960809745631178824e+00,4.751295255724635069e+00,6.955243519512680495e-01,1.263097549252351115e+01,1.664224784854254935e+01,1.463743968148420294e+01,6.725823800946385544e-01,3.010458040139622482e-01
1.108527131782945707e+00,1.026701475628110538e+00,3.405255681222765229e+00,5.284585135488941710e+00,8.866621506831102728e-01,1.267695229857559447e+01,1.668581747542707916e+01,1.468209310265346090e+01,7.074629277025410445e-01,3.011939048179803069e-01
1.209302325581395277e+00,8.782019497296759125e-01,2.889899496676020973e+00,5.595302756941063826e+00,1.185652450447517436e+00,1.270944703798325293e+01,1.671579862730931154e+01,1.471316829950378136e+01,7.301024707779070200e-01,3.015286966127996293e-01
1.310077519379844846e+00,7.832627045589271031e-01,2.434647366981463446e+00,5.668806822949520985e+00,1.624395253470981570e+00,1.273089936979339321e+01,1.673514828345302874e+01,1.473341099049425473e+01,7.441386987237655903e-01,3.023703438716678904e-01
1.410852713178294637e+00,7.374132757401528071e-01,2.040668236136607749e+00,5.513728275140196367e+00,2.220406968752834498e+00,1.274442014241991394e+01,1.674712810678256858e+01,1.474603260180977848e+01,7.525983263083025898e-01,3.045514072476720457e-01
1.511627906976744207e+00,7.409197134151563890e-01,1.703022119300207526e+00,5.157700651777314960e+00,2.950505688512306435e+00,1.275267325808290053e+01,1.675434090436311152e+01,1.475367205406134019e+01,7.575936431003406080e-01,3.099558031569108474e-01
1.612403100775193776e+00,8.001685198737665816e-01,1.418563350770818854e+00,4.652657317822176175e+00,3.733573076066322827e+00,1.275759583998745406e+01,1.675859761245904167e+01,1.475819858517567162e+01,7.605016643727348091e-01,3.220083372998158722e-01
1.713178294573643345e+00,9.287413638293807727e-01,1.187317158077805912e+00,4.070995848801278072e+00,4.449739105738407474e+00,1.276049078666076930e+01,1.676108312636617015e+01,1.476084835669311701e+01,7.621947127522489263e-01,3.453931803083923335e-01
1.813953488372092915e+00,1.147704884956830096e+00,1.009710701036932834e+00,3.484582561612622253e+00,4.990549024805488010e+00,1.276219535768075453e+01,1.676254493594176154e+01,1.476240665110445072e+01,7.632079332891389400e-01,3.846092109349352750e-01
1.914728682170542706e+00,1.483093291236792677e+00,8.843638495455076187e-01,2.942720989617724214e+00,5.295605673392142165e+00,1.276322629344040038e+01,1.676343699210233495e+01,1.476335337646434276e+01,7.638555837726005437e-01,4.419134127342794760e-01
2.015503875968992276e+00,1.956824069892049378e+00,8.088534021445428213e-01,2.466681026414980327e+00,5.352127752119563375e+00,1.276389069400626397e+01,1.676402491001472583e+01,1.476397107905154193e+01,7.643170537419672339e-01,5.153951587546814483e-01
2.116279069767441623e+00,2.568505838455466428e+00,7.822469100992212043e-01,2.058991404212636933e+00,5.178726499354350921e+00,1.276436851679335938e+01,1.676446313016520051e+01,1.476442445813329485e+01,7.646990819672047079e-01,5.979955336001617772e-01
2.217054263565891414e+00,3.274802026094243423e+00,8.075831041069313487e-01,1.715636107231852225e+00,4.817012791552619078e+00,1.276477196723008056e+01,1.676484989566785799e+01,1.476481722547456599e+01,7.650796902867135207e-01,6.789659337472905287e-01
2.317829457364341206e+00,3.986283677142864690e+00,8.936610760159635625e-01,1.433243597932081892e+00,4.328903685474229768e+00,1.276519019100899932e+01,1.676526912385453727e+01,1.476523512902561741e+01,7.655462690795336034e-01,7.482199037516292783e-01
2.418604651162790553e+00,4.595805967114711343e+00,1.056017108035838925e+00,1.210082222894610204e+00,3.785759590292331556e+00,1.276573476508254501e+01,1.676583591514530980e+01,1.476579133101734698e+01,7.662505510382765506e-01,8.006270507499416711e-01
2.519379844961240345e+00,5.019485243040142208e+00,1.316223992112468322e+00,1.044219899665772777e+00,3.248969383337994010e+00,1.276661554478642202e+01,1.676677783733743610e+01,1.476670510685396387e+01,7.675260288607145265e-01,8.366544941981718386e-01
2.620155038759689692e+00,5.216753870241156221e+00,1.697103946206271585e+00,9.327911775901315261e-01,2.756399509446673779e+00,1.276830741901146204e+01,1.676861814207874346e+01,1.476847747170474356e+01,7.701613279453493055e-01,8.598448671511763619e-01
2.720930232558139483e+00,5.184781111693034461e+00,2.210714864660555445e+00,8.734129401186263575e-01,2.323156307166594825e+00,1.277191792218956934e+01,1.677257941143033904e+01,1.477227841990747947e+01,7.759759363456655290e-01,8.741759255380734395e-01
2.821705426356589275e+00,4.947623741807487541e+00,2.839809662086703490e+00,8.664626067511738139e-01,1.951218389018072763e+00,1.277986956490981463e+01,1.678132081809262743e+01,1.478065965408947413e+01,7.887521719827986777e-01,8.828223716403953425e-01
2.922480620155038622e+00,4.551562237377305031e+00,3.524115580271036663e+00,9.170352700685565628e-01,1.638799936161658533e+00,1.279677478345275254e+01,1.679984256861768088e+01,1.479844733286390124e+01,8.150632940955634398e-01,8.879798314131273074e-01
3.023255813953488413e+00,4.059524466005632881e+00,4.169425758302710783e+00,1.036179475151422613e+00,1.384693303358363048e+00,1.282981219833900965e+01,1.683576574767659295e+01,1.483306867917851690e+01,8.638268306248835238e-01,8.910691299668187515e-01
3.124031007751937761e+00,3.536600867370249368e+00,4.680876817300083204e+00,1.240954994606320971e+00,1.188100032836295616e+00,1.288761267244367659e+01,1.689794746947254112e+01,1.489329118114486228e+01,9.437377833232490909e-01,8.929728169987276587e-01
3.224806201550387552e+00,3.033007872664005067e+00,4.994844878825465351e+00,1.551838682408574144e+00,1.047399625550432534e+00,1.297740368447642290e+01,1.699331207604658900e+01,1.498619086197530592e+01,1.059292868406613408e+00,8.942200080091822212e-01
3.325581395348837344e+00,2.576695201416493219e+00,5.087725381988877693e+00,1.984891614620037714e+00,9.604879746896066717e-01,1.310127076900037757e+01,1.712296714800810804e+01,1.511332444896003047e+01,1.207019203953012987e+00,8.951220586548765956e-01
3.426356589147286691e+00,2.177784586015856227e+00,4.968242861693219936e+00,2.537302670175540342e+00,9.266350579330224768e-01,1.325300009218674013e+01,1.727921068288174666e+01,1.526765315501186748e+01,1.373751844068443306e+00,8.958696947394007015e-01
3.527131782945736482e+00,1.837666333520912021e+00,4.669707786515582271e+00,3.171594210180011864e+00,9.486007022288310830e-01,1.341761826072284691e+01,1.744563383728564787e+01,1.543338773165980626e+01,1.539325293592505250e+00,8.966026982940585865e-01
3.627906976744185830e+00,1.555748015797554062e+00,4.244948856194997511e+00,3.812776852511942760e+00,1.034191152744369901e+00,1.357559744021173742e+01,1.760212591348680533e+01,1.559064052781920040e+01,1.684165732027228302e+00,8.974698904750003647e-01
3.728682170542635621e+00,1.331587367593157989e+00,3.756357317989073685e+00,4.368934953418416534e+00,1.196827848870385846e+00,1.371040656921800149e+01,1.773283306596697528e+01,1.572322234963455401e+01,1.797098530315145659e+00,8.987089564617108950e-01
3.829457364341085412e+00,1.164294677023941071e+00,3.260166116683140825e+00,4.763462094889471921e+00,1.454210918015621079e+00,1.381416570605921379e+01,1.783135220290250800e+01,1.582406122592302644e+01,1.877344296341935559e+00,9.007993260812162672e-01
3.930232558139534760e+00,1.052229552256081169e+00,2.794494992975186332e+00,4.954706040945870527e+00,1.823151301852447670e+00,1.388771198647546790e+01,1.789989088899734071e+01,1.589477250887373749e+01,1.930703055772206689e+00,9.047819159076447848e-01
4.031007751937984551e+00,9.942033810616365264e-01,2.378180716109920656e+00,4.935955455491162880e+00,2.308666170643941307e+00,1.393680232586736345e+01,1.794494775320949742e+01,1.594155183259124087e+01,1.964702325304993780e+00,9.128598004507226804e-01
4.131782945736434343e+00,9.914577731017581996e-01,2.017476590055641061e+00,4.727970707250995552e+00,2.889233453118753125e+00,1.396827091999057124e+01,1.797350628251397708e+01,1.597133730689071029e+01,1.985841591900499692e+00,9.292429162534892040e-01
4.232558139534883246e+00,1.049403526426742506e+00,1.713593543508257433e+00,4.373108561713545228e+00,3.507975834790836966e+00,1.398796378972591725e+01,1.799124750542213036e+01,1.598989304284001811e+01,1.998864247626578328e+00,9.606980758784802177e-01
4.333333333333333037e+00,1.178536840311522615e+00,1.466755469536427547e+00,3.927879923325200195e+00,4.082329023207983631e+00,1.400018421349721187e+01,1.800222419036550292e+01,1.600138454882372230e+01,2.006956605150374440e+00,1.015751407166897380e+00
4.434108527131782829e+00,1.393866352611684789e+00,1.276778797541147092e+00,3.449846986348072519e+00,4.530976642871586080e+00,1.400784832282127468e+01,1.800912635236580783e+01,1.600859989450539089e+01,2.012155501557000736e+00,1.101962011080217962e+00
4.534883720930232620e+00,1.711444582863521635e+00,1.142691067602299215e+00,2.984015304099335353e+00,4.798841043852705823e+00,1.401283172735265303e+01,1.801365906222331148e+01,1.601331662201272366e+01,2.015718797667781725e+00,1.222093016499259610e+00
4.635658914728682412e+00,2.140168594560162951e+00,1.063364725115951925e+00,2.557108315444887037e+00,4.865120414287270378e+00,1.401630342037800681e+01,1.801687491699470556e+01,1.601663609591389559e+01,2.018416717558847662e+00,1.370882766440126410e+00
4.736434108527131315e+00,2.669041134028574458e+00,1.039197511743049862e+00,2.180928224475731092e+00,4.738797638553993608e+00,1.401899523688345894e+01,1.801943317859738158e+01,1.601924755427627289e+01,2.020750236833147806e+00,1.534356103991346032e+00
4.837209302325581106e+00,3.256083220483370066e+00,1.073910485561358152e+00,1.859361742325613687e+00,4.452333064197553369e+00,1.402140827580200799e+01,1.802179598483673928e+01,1.602162880878658413e+01,2.023119002126523736e+00,1.693417538220151508e+00
4.937984496124030898e+00,3.830320827751809265e+00,1.175718753060009947e+00,1.593657037255808984e+00,4.055202922206527560e+00,1.402398369471593931e+01,1.802439333409465405e+01,1.602421360978902598e+01,2.025981811919599362e+00,1.831001089041302876e+00
5.038759689922480689e+00,4.311680065403584727e+00,1.357272808840607192e+00,1.384286088052170571e+00,3.603236744643254497e+00,1.402729104219883993e+01,1.802781400278963275e+01,1.602758111611941771e+01,2.030083932925438983e+00,1.938175816243812966e+00
5.139534883720930480e+00,4.636675623896397980e+00,1.633313211497367412e+00,1.230927156402677802e+00,3.145226612410777278e+00,1.403232644448426036e+01,1.803312077595735374e+01,1.603276311376353647e+01,2.036877976245111022e+00,2.014964716642281495e+00
5.240310077519379384e+00,4.772656206839056559e+00,2.014447092947334372e+00,1.132756383542653289e+00,2.714227074948028839e+00,1.404106881727720157e+01,1.804244608815599804e+01,1.604182168620132032e+01,2.049324042205394214e+00,2.066793098634224890e+00
5.341085271317829175e+00,4.717702338112457205e+00,2.496451182595974760e+00,1.089773391134944758e+00,2.327546855220633315e+00,1.405745825452826914e+01,1.806003366599046345e+01,1.605886210687798155e+01,2.073189167174674274e+00,2.100464816729170625e+00
5.441860465116278966e+00,4.495011600032861487e+00,3.048828972030523943e+00,1.104538911717117822e+00,1.992322605647904865e+00,1.408873999873459404e+01,1.809363083689601126e+01,1.609140411000853632e+01,2.118470074093041777e+00,2.121900686459058605e+00
5.542635658914728758e+00,4.146798035715401731e+00,3.611971326916678660e+00,1.183509340165497914e+00,1.711255921077702080e+00,1.414643894738654417e+01,1.815538152608617040e+01,1.615131713955552684e+01,2.199566504510425791e+00,2.135500333573498999e+00
5.643410852713178549e+00,3.725410675204347211e+00,4.110458300884659799e+00,1.337342043538469527e+00,1.485561408207407785e+00,1.424546359303095855e+01,1.826061982595271971e+01,1.625375475897449817e+01,2.332407124096425921e+00,2.144274286131691465e+00
5.744186046511627453e+00,3.280992930237793814e+00,4.476652803996171492e+00,1.579322536377429920e+00,1.315550034356633535e+00,1.440017045283997810e+01,1.842344691338931639e+01,1.641295195402419438e+01,2.528309267211142242e+00,2.150182155170669240e+00
5.844961240310077244e+00,2.851197027304837928e+00,4.668716870127038732e+00,1.920577511135994175e+00,1.200823826064135291e+00,1.461800121753617177e+01,1.865003721029891182e+01,1.663566928873708406e+01,2.786891916820770643e+00,2.154464197114656532e+00
5.945736434108527035e+00,2.458298651590458572e+00,4.675019380808217662e+00,2.361160678985503303e+00,1.141285208271342055e+00,1.489316934781542656e+01,1.893248795588366562e+01,1.691495487170969625e+01,3.091623173625849041e+00,2.157914801071007194e+00
6.046511627906976827e+00,2.112901513567434275e+00,4.510209823067862445e+00,2.879144627365715081e+00,1.138737066459244440e+00,1.520400027469690052e+01,1.924694523327949724e+01,1.722790974077108217e+01,3.411603622828323967e+00,2.161097710065932098e+00
6.147286821705426618e+00,1.819498790098880381e+00,4.209463182527680480e+00,3.425007772889766766e+00,1.198301319642439022e+00,1.551740234369929894e+01,1.955919962867933748e+01,1.754078605907965382e+01,3.711149757624168100e+00,2.164528789199783088e+00
6.248062015503875521e+00,1.580181458216754820e+00,3.820786604959784061e+00,3.929572247445518141e+00,1.328987335385135138e+00,1.580023288995433717e+01,1.983673013908958538e+01,1.782074854296688216e+01,3.962911414617672712e+00,2.168879843200417934e+00
6.348837209302325313e+00,1.395884645021062909e+00,3.393940212977745396e+00,4.324231256857927974e+00,1.542672175202249418e+00,1.603098425210453826e+01,2.005995871435065325e+01,1.804734320301397332e+01,4.155789488641278950e+00,2.175295021566106879e+00
6.449612403100775104e+00,1.266682861199356136e+00,2.969570160181252305e+00,4.560577756221172230e+00,1.850369057802260908e+00,1.620407205744713508e+01,2.022536773267944810e+01,1.821614171374313429e+01,4.293321454653636238e+00,2.185959558665820257e+00
6.550387596899224896e+00,1.192569063549459907e+00,2.574126140656222361e+00,4.618674020779003797e+00,2.254782418165133251e+00,1.632589275368834336e+01,2.034067263598199204e+01,1.833429513218212037e+01,4.386617660066961299e+00,2.205061912843836680e+00
6.651162790697674687e+00,1.174883024446008672e+00,2.221612204219594933e+00,4.505400325590974475e+00,2.740281715001963825e+00,1.640797425537164855e+01,2.041784240660697591e+01,1.841359653992491019e+01,4.448022013426666810e+00,2.240056557065625675e+00
6.751937984496123590e+00,1.217748882906383168e+00,1.918522280387123802e+00,4.249304139484292087e+00,3.265853470898341548e+00,1.646189504473635523e+01,2.046833982844140465e+01,1.846557148125879166e+01,4.487929428814479316e+00,2.302458282633506048e+00
6.852713178294573382e+00,1.328830907114151305e+00,1.667963521947192440e+00,3.893725488492296716e+00,3.768988866509913827e+00,1.649703995108807675e+01,2.050122476983402819e+01,1.849942755272931194e+01,4.514018597400180965e+00,2.406653764362003844e+00
6.953488372093023173e+00,1.518721203189139279e+00,1.471510016757721084e+00,3.486900584334019726e+00,4.182249769832059982e+00,1.652021765703647915e+01,2.052296996901998938e+01,1.852178607883643835e+01,4.531564425207351476e+00,2.565656143072027273e+00
7.054263565891472965e+00,1.797997176713474143e+00,1.329723393024898837e+00,3.071132195959579203e+00,4.452949668850234133e+00,1.653606103098600144e+01,2.053793797034501267e+01,1.853712745554464192e+01,4.544039104175410237e+00,2.784769090540189840e+00
7.155038759689922756e+00,2.170961950280478447e+00,1.242800202715225844e+00,2.676173909068983114e+00,4.554324634990154941e+00,1.654761727102492230e+01,2.054898318964990622e+01,1.854838950512638007e+01,4.553701578966279584e+00,3.056050170592838899e+00
7.255813953488371659e+00,2.626580755814186929e+00,1.211829266207912426e+00,2.319167910908032315e+00,4.486322934431008491e+00,1.655690388588145368e+01,2.055799956224549518e+01,1.855751910075101208e+01,4.562096135000558661e+00,3.356993812522208298e+00
7.356589147286821451e+00,3.130819352283288559e+00,1.240201845352143728e+00,2.008687343966135241e+00,4.271362331113897959e+00,1.656537922584774591e+01,2.056637878398718300e+01,1.856593593264309305e+01,4.570470730580974639e+00,3.655886417478286354e+00
7.457364341085271242e+00,3.627612756582192954e+00,1.334494765927044746e+00,1.748967626685145937e+00,3.948104156026905454e+00,1.657436212368599371e+01,2.057542337970283342e+01,1.857494828753753424e+01,4.580187440022053025e+00,3.922635377111074462e+00
7.558139534883721034e+00,4.051996165426904106e+00,1.504164492598769387e+00,1.542248787264085319e+00,3.562565385847719757e+00,1.658550123867123105e+01,2.058682198009149289e+01,1.858622528688652054e+01,4.593263988288289745e+00,4.138838266326988702e+00
7.658914728682170825e+00,4.348854430781141645e+00,1.759204985110021324e+00,1.389581174717148926e+00,3.157662361115072702e+00,1.660146765189618989e+01,2.060336823457796029e+01,1.860250346864756921e+01,4.613264212197880632e+00,4.300743260926314981e+00
7.759689922480619728e+00,4.486021207003068056e+00,2.104838362467549739e+00,1.291429654686692796e+00,2.765619389326016808e+00,1.662710991172757957e+01,2.063016858798627240e+01,1.862877028276741953e+01,4.646792109140680083e+00,4.415082796893018191e+00
7.860465116279069520e+00,4.457381294710929254e+00,2.533374081889090412e+00,1.248781716538160946e+00,2.406344211070636785e+00,1.667124151985367675e+01,2.067649552031399551e+01,1.867408764271546673e+01,4.705609369817506327e+00,4.492780607230598910e+00
7.961240310077519311e+00,4.279760727810343113e+00,3.016418086705526580e+00,1.264501241430431966e+00,2.090457004107090011e+00,1.674872598861567852e+01,2.075788149809334016e+01,1.875368353055473847e+01,4.808511241158812233e+00,4.544525710282946385e+00
8.062015503875969102e+00,3.987303990408938681e+00,3.503807973765093564e+00,1.344292355473230227e+00,1.823389727329330467e+00,1.688140118855404737e+01,2.089685403893207649e+01,1.888977664861695516e+01,4.980703654451475337e+00,4.578914836600898930e+00
8.162790697674418894e+00,3.623427535256935617e+00,3.933748927376587101e+00,1.496626005588153285e+00,1.608077173459928622e+00,1.709543762134117983e+01,2.111981153929848531e+01,1.910867434288996236e+01,5.248173393527524766e+00,4.602192815284904093e+00
8.263565891472868685e+00,3.230889363502007949e+00,4.250105433632881180e+00,1.730862137053499561e+00,1.446056468200825451e+00,1.741361362967795401e+01,2.144870109731731134e+01,1.943271782060147146e+01,5.627166880936113280e+00,4.618639260640701849e+00
8.364341085271318477e+00,2.843645081713468858e+00,4.416594634316629353e+00,2.052703835900845153e+00,1.338095555624132738e+00,1.784405375665301818e+01,2.188952834156305016e+01,1.986888360865442138e+01,6.112885185917706465e+00,4.631108877424267689e+00
8.465116279069766492e+00,2.483948705438058902e+00,4.421898819569947570e+00,2.456890880242855957e+00,1.285184209044830661e+00,1.837025269609129907e+01,2.242296040409600977e+01,2.039911124402731346e+01,6.673607583163035706e+00,4.641544473291593143e+00
8.565891472868216283e+00,2.164354704636211491e+00,4.277803306279458262e+00,2.919553616084208159e+00,1.289816902243716701e+00,1.894898643643593772e+01,2.300354417576375354e+01,2.097893008140646387e+01,7.255661064899996404e+00,4.651423081662235504e+00
8.666666666666666075e+00,1.891514541142725214e+00,4.014194002730598676e+00,3.395767646794701999e+00,1.357002021860002738e+00,1.952093763047765762e+01,2.357156632998249535e+01,2.154878425766010963e+01,7.799892347271584647e+00,4.662172574957999416e+00
8.767441860465115866e+00,1.669079259029925488e+00,3.671718477288384186e+00,3.827195003361243408e+00,1.494364726609276772e+00,2.003098601712628124e+01,2.407355269953522736e+01,2.205443760261360353e+01,8.261706409643469584e+00,4.675661143693560895e+00
8.868217054263565657e+00,1.499069688537523648e+00,3.292430369924212563e+00,4.157698817523007406e+00,1.710633591733768721e+00,2.044600497224264402e+01,2.447894964736511270e+01,2.246417843409364323e+01,8.622352162682023646e+00,4.694929833826240184e+00
8.968992248062015449e+00,1.382573226195866090e+00,2.911393403069440833e+00,4.347987574780311171e+00,2.011711032688199730e+00,2.075939108330763005e+01,2.478331564979700019e+01,2.277260021190908645e+01,8.886374055375569014e+00,4.725381619562376123e+00
9.069767441860465240e+00,1.320651897901256921e+00,2.552785473266972360e+00,4.382362023533310058e+00,2.394101165452389157e+00,2.098334431266765066e+01,2.499996369063154233e+01,2.299252461961691196e+01,9.071163474502460744e+00,4.776515939487701701e+00
9.170542635658915032e+00,1.315551156460609272e+00,2.230929218013549153e+00,4.268113846207349127e+00,2.837551439587132407e+00,2.113776655912579727e+01,2.514900661448441710e+01,2.314397609449767756e+01,9.197144530045331834e+00,4.863714262746287709e+00
9.271317829457364823e+00,1.371728228897777679e+00,1.953678590804785120e+00,4.031176181199565889e+00,3.301698499603701542e+00,2.124239857876519011e+01,2.524992161847239203e+01,2.324655336937919259e+01,9.282325831613976064e+00,5.008467020753063714e+00
9.372093023255814614e+00,1.496087931911253222e+00,1.725411304964491910e+00,3.709400902706603276e+00,3.731684832876299929e+00,2.131336172617233515e+01,2.531842974493176968e+01,2.331615829605493673e+01,9.340562536744169364e+00,5.234757443114598452e+00
9.472868217054262630e+00,1.696757887537127418e+00,1.548626848565048508e+00,3.343767761302156138e+00,4.072077569112128259e+00,2.136254784906253334e+01,2.536605290293770665e+01,2.336447898080405139e+01,9.381738439609486946e+00,5.560781758367163263e+00
9.573643410852712421e+00,1.979660368646266155e+00,1.424737279247919597e+00,2.969942377344662265e+00,4.281495590140069751e+00,2.139824836159944255e+01,2.540079677984042306e+01,2.339964915546171653e+01,9.412631338319966900e+00,5.988588234841500046e+00
9.674418604651162212e+00,2.342576707850975826e+00,1.354923386179293310e+00,2.613629943447320247e+00,4.340613195350712772e+00,2.142613100687865213e+01,2.542813167680844089e+01,2.342722739165366974e+01,9.437896367959130117e+00,6.496862300026291059e+00
9.775193798449612004e+00,2.768142801227436944e+00,1.341272774910178267e+00,2.290727870928898735e+00,4.252758186808986984e+00,2.145020938147519018e+01,2.545195123220658218e+01,2.345116068407438092e+01,9.460978667480725690e+00,7.042152176036241329e+00
9.875968992248061795e+00,3.219921141397644959e+00,1.387808631912551105e+00,2.010242360635852155e+00,4.040239184064869704e+00,2.147373005417743030e+01,2.547545980725101700e+01,2.347466704822529593e+01,9.484962140997334146e+00,7.570650088943061462e+00
9.976744186046511587e+00,3.646404408262965191e+00,1.500825013129115648e+00,1.777273534332938887e+00,3.738173951172357956e+00,2.150006562744239957e+01,2.550202483816133636e+01,2.350112394478204791e+01,9.513499521707840856e+00,8.035899075310700468e+00
1.007751937984496138e+01,3.993323628032525274e+00,1.687892528077675758e+00,1.594792098880478903e+00,3.386234198875468504e+00,2.153383072505464213e+01,2.553637415676894662e+01,2.353519943910081480e+01,9.552095307692509252e+00,8.412179674982070310e+00
1.017829457364341117e+01,4.217947391706915461e+00,1.954840604798288028e+00,1.464533667177476239e+00,3.020290243184885259e+00,2.158255302196974768e+01,2.558625654402295524e+01,2.358454010246949650e+01,9.610100135175265734e+00,8.696396111129899964e+00
1.027906976744186096e+01,4.298000958984431463e+00,2.300369817072897671e+00,1.387827508289566802e+00,2.667217839890148934e+00,2.165920881147016530e+01,2.566505254555934812e+01,2.366233819506167535e+01,9.703629973287840826e+00,8.900670534510329190e+00
1.037984496124031075e+01,4.233350786911957542e+00,2.709423323699780450e+00,1.366671595557351626e+00,2.344284033523484467e+00,2.178546042329766053e+01,2.579503157525553902e+01,2.379058146066411439e+01,9.858806943175558501e+00,9.042993995615107750e+00
1.048062015503875877e+01,4.043013589900125382e+00,3.148918749870285527e+00,1.404749530056760287e+00,2.061573478786057123e+00,2.199409799681144762e+01,2.600966367935338397e+01,2.400242686141445603e+01,1.011295697341132538e+01,9.140862940067966846e+00
1.058139534883720856e+01,3.759492534966339505e+00,3.570480996321619749e+00,1.507839020144150277e+00,1.824891454815324110e+00,2.232739795854894282e+01,2.635156497934428543e+01,2.434033990021971761e+01,1.050985314668399795e+01,9.208540768209521943e+00
1.068217054263565835e+01,3.421016246413407735e+00,3.921286132057695273e+00,1.683002521776179039e+00,1.637669344633349677e+00,2.282789853803523172e+01,2.686266731911094041e+01,2.484653798395622104e+01,1.108659086345082123e+01,9.256610665218023115e+00
1.078294573643410814e+01,3.063353654061538922e+00,4.157835688000827368e+00,1.935907602176626829e+00,1.501960021507993348e+00,2.352152879364816584e+01,2.756696292468973652e+01,2.554591638683608323e+01,1.185512992732231830e+01,9.292535090164948386e+00
1.088372093023255793e+01,2.714240998209649813e+00,4.255497910736115053e+00,2.265910180549532971e+00,1.419259232190224873e+00,2.439884932249329452e+01,2.845219691807090001e+01,2.642750973709229356e+01,1.278707459099998545e+01,9.321516162846039677e+00
1.098449612403100772e+01,2.392111328305805973e+00,4.211145830227120967e+00,2.659798239905939887e+00,1.391526088758792801e+00,2.540482279276409017e+01,2.946091479712918115e+01,2.743497186466004223e+01,1.381163898405494983e+01,9.347369769298889963e+00
1.108527131782945752e+01,2.108038776058011710e+00,4.040830048853022660e+00,3.087344498722843777e+00,1.422180641992526695e+00,2.644736370679578386e+01,3.050037068578027544e+01,2.847585459412081121e+01,1.483237029250829764e+01,9.373356624923223634e+00
1.118604651162790731e+01,1.868505332749009984e+00,3.774590881113502938e+00,3.503048616082043321e+00,1.516564992336135731e+00,2.742560422848353596e+01,3.147108743296927713e+01,2.945004201197431826e+01,1.575750865268344114e+01,9.403061729025958826e+00
1.128682170542635710e+01,1.677388968022480942e+00,3.449153276832191750e+00,3.855679454361242708e+00,1.681282649210518843e+00,2.826333456612000461e+01,3.229932537081149491e+01,3.028266103094764716e+01,1.652759771730931604e+01,9.441534168640764335e+00
1.138759689922480689e+01,1.537051043446048038e+00,3.099957586887968297e+00,4.101420777735364176e+00,1.921799125371147499e+00,2.892725793959095171e+01,3.295400946147250920e+01,3.094161396975927047e+01,1.712498074320107477e+01,9.496982303781082990e+00
1.148837209302325491e+01,1.449162823136421974e+00,2.755334568536686124e+00,4.213796256127809947e+00,2.237929499078242568e+00,2.942290883295526527e+01,3.344193846499833001e+01,3.143311465236562441e+01,1.756449404298847128e+01,9.583229919753609494e+00
1.158914728682170470e+01,1.415681814985019882e+00,2.434690143408376972e+00,4.187113424151054808e+00,2.617937445592928736e+00,2.977806672278795830e+01,3.379124557182363731e+01,3.178513124307427873e+01,1.787681442551463817e+01,9.722547609222708331e+00
1.168992248062015449e+01,1.439825530298054268e+00,2.149990832314433220e+00,4.034770031702116455e+00,3.034018355163280667e+00,3.002682241500726690e+01,3.403585279404676811e+01,3.203165960756289365e+01,1.809503402650134163e+01,9.947099616676791101e+00
1.179069767441860428e+01,1.526568833546510184e+00,1.908357658962347214e+00,3.784514462940855140e+00,3.443276863533690335e+00,3.020023524965153428e+01,3.420645469770112612e+01,3.220356413732507406e+01,1.824772037561640659e+01,1.029578513575471632e+01
1.189147286821705407e+01,1.682103120890221515e+00,1.714096919695389909e+00,3.471557512223398589e+00,3.796134108684777964e+00,3.032291211707283551e+01,3.432729550778567784e+01,3.232525605015184311e+01,1.835688869871078310e+01,1.080392014701112302e+01
1.199224806201550386e+01,1.911670152173393422e+00,1.569867013819455703e+00,3.130845634225174479e+00,4.048795192893064332e+00,3.041293216366954510e+01,3.441616175132012501e+01,3.241465670833396473e+01,1.843848816155008663e+01,1.148736618677071419e+01
1.209302325581395365e+01,2.215397489795889463e+00,1.477518427489339814e+00,2.791083661670781257e+00,4.173372673616535522e+00,3.048313017334616148e+01,3.448567741935248421e+01,3.248448754456213550e+01,1.850382809891254965e+01,1.232788859188507402e+01
1.219379844961240345e+01,2.582728804497886443e+00,1.439034071956453165e+00,2.472472060534403937e+00,4.161996613390228639e+00,3.054274494255799510e+01,3.454494528086303262e+01,3.254391497398018629e+01,1.856121007362852637e+01,1.326863449865051159e+01
1.229457364341085324e+01,2.987913527984560336e+00,1.457477355118784512e+00,2.187768733011452582e+00,4.025707860328128440e+00,3.059907080199043250e+01,3.460118865121381049e+01,3.260019649063523417e+01,1.861754099582387312e+01,1.422568721688812232e+01
1.239534883720930303e+01,3.390395805088237235e+00,1.537513667781251758e+00,1.944689594915258279e+00,3.790141083048201853e+00,3.065912553632078286e+01,3.466143932615376855e+01,3.266035110735891323e+01,1.868002052380915501e+01,1.511320821808545745e+01
1.249612403100775104e+01,3.742245664450837950e+00,1.684965577375140855e+00,1.747947957289964549e+00,3.489019269883639751e+00,3.073159786362403523e+01,3.473445015564982441e+01,3.273310554568390529e+01,1.875823541791014648e+01,1.586948436556923880e+01
1.259689922480620083e+01,3.999940359436277681e+00,1.904842058617301381e+00,1.600485941507520771e+00,3.156679805592919497e+00,3.082953987775263371e+01,3.483345736044744712e+01,3.283160726571193777e+01,1.886715138340138509e+01,1.646944232138277542e+01
1.269767441860465063e+01,4.134545846667113445e+00,2.197472276017557125e+00,1.504332671994355275e+00,2.822020145326764151e+00,3.097426396774248758e+01,3.498009767888193977e+01,3.297733892420900048e+01,1.903137616114679886e+01,1.691989449770420961e+01
1.279844961240310042e+01,4.136361692893220976e+00,2.553242648496619527e+00,1.461515572308573319e+00,2.505874609080147142e+00,3.120030942817934871e+01,3.520938466726360616e+01,3.320509050756378855e+01,1.929015033413097768e+01,1.724567991457832861e+01
1.289922480620155021e+01,4.014348456158550071e+00,2.948141784222255701e+00,1.474982544045428501e+00,2.221692155403025559e+00,3.155957963533784394e+01,3.557374096178278222e+01,3.356704012743831811e+01,1.970031471706479920e+01,1.747668978319982713e+01
1.300000000000000000e+01,3.792206666222756706e+00,3.343702012644721222e+00,1.549138041539941169e+00,1.977735039547197315e+00,3.212004147825230405e+01,3.614138178992030959e+01,3.413128033444516518e+01,2.033187870895845961e+01,1.764020256216637605e+01
