time,1->1,2->1,3->1,4->1,5->1,6->1,7->1,8->1,9->1,10->1,1->2,2->2,3->2,4->2,5->2,6->2,7->2,8->2,9->2,10->2,1->3,2->3,3->3,4->3,5->3,6->3,7->3,8->3,9->3,10->3,1->4,2->4,3->4,4->4,5->4,6->4,7->4,8->4,9->4,10->4,1->5,2->5,3->5,4->5,5->5,6->5,7->5,8->5,9->5,10->5,1->6,2->6,3->6,4->6,5->6,6->6,7->6,8->6,9->6,10->6,1->7,2->7,3->7,4->7,5->7,6->7,7->7,8->7,9->7,10->7,1->8,2->8,3->8,4->8,5->8,6->8,7->8,8->8,9->8,10->8,1->9,2->9,3->9,4->9,5->9,6->9,7->9,8->9,9->9,10->9,1->10,2->10,3->10,4->10,5->10,6->10,7->10,8->10,9->10,10->10
0.0,-2.200001000929319,-0.5000000005139782,-0.9999999992515995,-0.5000000005139782,0.0,0.0,0.0,0.0,0.0,0.0,-0.10000000028043132,5.399998999955358,-0.10000000028043132,-0.5999999999062311,0.0,0.0,0.0,0.0,0.0,0.0,-0.20000000056086265,-0.4999999996257998,4.999998999721811,-0.4999999996257998,0.0,0.0,0.0,0.0,0.0,0.0,-0.10000000028043132,-0.4999999996257998,-0.10000000028043132,5.299998900198943,0.0,0.0,0.0,0.0,0.0,0.0,0.0,0.0,0.0,0.0,-3.000000987185558,0.0,0.0,13.999999964653398,0.0,0.0,0.0,0.0,0.0,0.0,0.0,4.999999021038093,0.0,11.999999969702912,0.0,0.0,0.0,0.0,0.0,0.0,0.0,0.0,0.9999990027154126,12.999999967178155,0.0,0.0,0.0,-1.9500019732276996,0.0,0.0,0.0,0.0,0.0,-6.050001005064587,0.0,0.0,0.0,0.0,0.0,-1.9500019377005628,0.0,0.0,0.0,0.0,-16.05000098692244,0.0,0.0,0.0,0.0,0.0,0.0,0.0,0.0,2.600000097885413,0.0,-8.55000100052905
0.10101010101010101,-4.847682266273523,-1.0274729858039677,-2.172664735233809,-1.0274729858039677,0.0,0.0,0.0,0.0,0.0,0.0,-0.31441725312220115,3.0699221120755738,-0.31441725312220115,-1.3837139469785598,0.0,0.0,0.0,0.0,0.0,0.0,-0.5947631551705967,-1.0274729858039677,2.473119452339745,-1.0274729858039677,0.0,0.0,0.0,0.0,0.0,0.0,-0.31441725312220115,-1.0863323698373506,-0.31441725312220115,2.772540366180465,0.0,0.0,0.0,0.0,0.0,0.0,0.0,0.0,0.0,0.0,-24.914657316799094,0.0,0.0,27.716057360294144,0.0,0.0,0.0,0.0,0.0,0.0,0.0,-28.31722117946356,0.0,31.41733915867917,0.0,0.0,0.0,0.0,0.0,0.0,0.0,0.0,-26.591597887204443,29.554527529285224,0.0,0.0,0.0,-8.733317553577535,0.0,0.0,0.0,0.0,0.0,-17.313677151520324,0.0,0.0,0.0,0.0,0.0,-5.099566566357794,0.0,0.0,0.0,0.0,-11.904222141367882,0.0,0.0,0.0,0.0,0.0,0.0,0.0,0.0,3.269614599510362,0.0,0.6134263594859135
0.20202020202020202,-6.3643137442337405,-1.5164199225203845,-3.465324170059958,-1.5164199231865183,0.0,0.0,0.0,0.0,0.0,0.0,-0.6946023898279918,0.38836118587681767,-0.6946023924925271,-2.340575719017579,0.0,0.0,0.0,0.0,0.0,0.0,-1.2158272655327096,-1.5164199229644737,-0.07854066197410248,-1.5164199229644737,0.0,0.0,0.0,0.0,0.0,0.0,-0.6946023898279918,-1.732662085807135,-0.6946023898279918,-0.21955267470730178,0.0,0.0,0.0,0.0,0.0,0.0,0.0,0.0,0.0,0.0,-30.82634979367782,0.0,0.0,31.02297562929124,0.0,0.0,0.0,0.0,0.0,0.0,0.0,-34.935276715941654,0.0,35.077439279440625,0.0,0.0,0.0,0.0,0.0,0.0,0.0,0.0,-32.883557696372634,33.05157975752593,0.0,0.0,0.0,-20.024980302402184,0.0,0.0,0.0,0.0,0.0,-19.35452896750789,0.0,0.0,0.0,0.0,0.0,-10.305559245971097,0.0,0.0,0.0,0.0,-10.697491038769158,0.0,0.0,0.0,0.0,0.0,0.0,0.0,0.0,4.6514061216029745,0.0,0.629382033601189
0.30303030303030304,-6.817585914253854,-1.7554579783141122,-4.321080143920852,-1.7554579792022906,0.0,0.0,0.0,0.0,0.0,0.0,-1.099646722124703,-1.686198117134552,-1.0996467239010599,-3.0540127919920224,0.0,0.0,0.0,0.0,0.0,0.0,-1.786945439175014,-1.7554579785361568,-1.7097897573314924,-1.7554579785361568,0.0,0.0,0.0,0.0,0.0,0.0,-1.0996467239010599,-2.160540072182471,-1.0996467230128815,-2.579671106950343,0.0,0.0,0.0,0.0,0.0,0.0,0.0,0.0,0.0,0.0,-31.03120685654659,0.0,0.0,30.818598280468734,0.0,0.0,0.0,0.0,0.0,0.0,0.0,-35.00042233017808,0.0,34.80320620496968,0.0,0.0,0.0,0.0,0.0,0.0,0.0,0.0,-33.015734614672,32.81086233641872,0.0,0.0,0.0,-30.690034288127777,0.0,0.0,0.0,0.0,0.0,-19.03524730728634,0.0,0.0,0.0,0.0,0.0,-14.971838513844204,0.0,0.0,0.0,0.0,-9.976773689857055,0.0,0.0,0.0,0.0,0.0,0.0,0.0,0.0,5.6323990711426575,0.0,-1.7452494720515688
0.40404040404040403,-6.689766565148858,-1.8057776820512572,-4.687908301548305,-1.8057776802749004,0.0,0.0,0.0,0.0,0.0,0.0,-1.3987438527429674,-2.9015014990640964,-1.3987438527429674,-3.4215436706119817,0.0,0.0,0.0,0.0,0.0,0.0,-2.155179041229971,-1.8057776807189896,-2.4504533702174314,-1.8057776796087666,0.0,0.0,0.0,0.0,0.0,0.0,-1.3987438522988782,-2.3439541512182416,-1.3987438531870566,-3.979091311556715,0.0,0.0,0.0,0.0,0.0,0.0,0.0,0.0,0.0,0.0,-30.311866868082404,0.0,0.0,30.056514904508447,0.0,0.0,0.0,0.0,0.0,0.0,0.0,-34.253463960354225,0.0,34.027313392748226,0.0,0.0,0.0,0.0,0.0,0.0,0.0,0.0,-32.28104578667512,32.04110442123209,0.0,0.0,0.0,-37.34891287532349,0.0,0.0,0.0,0.0,0.0,-18.217964748323823,0.0,0.0,0.0,0.0,0.0,-17.370084028023314,0.0,0.0,0.0,0.0,-9.173426090747228,0.0,0.0,0.0,0.0,0.0,0.0,0.0,0.0,5.625741536730011,0.0,-3.4765735992259295
0.5050505050505051,-6.395901538613913,-1.7889616095168037,-4.787580698550897,-1.7889616108490713,0.0,0.0,0.0,0.0,0.0,0.0,-1.5843925753600274,-3.5387480663562343,-1.5843925771363843,-3.5778612506032204,0.0,0.0,0.0,0.0,0.0,0.0,-2.368141799991008,-1.7889616102939598,-2.7370246514779595,-1.7889616102939598,0.0,0.0,0.0,0.0,0.0,0.0,-1.5843925753600274,-2.393790349053404,-1.5843925762482058,-4.722819264779687,0.0,0.0,0.0,0.0,0.0,0.0,0.0,0.0,0.0,0.0,-29.562136041327847,0.0,0.0,29.359125907291173,0.0,0.0,0.0,0.0,0.0,0.0,0.0,-33.50996270157225,0.0,33.33303941666088,0.0,0.0,0.0,0.0,0.0,0.0,0.0,0.0,-31.53433325220334,31.345224513756875,0.0,0.0,0.0,-40.7730462281819,0.0,0.0,0.0,0.0,0.0,-17.465526599202974,0.0,0.0,0.0,0.0,0.0,-18.083817654002132,0.0,0.0,0.0,0.0,-8.371586329047886,0.0,0.0,0.0,0.0,0.0,0.0,0.0,0.0,4.995279411890152,0.0,-4.106705524087317
0.6060606060606061,-6.115531216099868,-1.7636290927658393,-4.781080999771703,-1.7636290916556163,0.0,0.0,0.0,0.0,0.0,0.0,-1.6941639215950488,-3.872461002085714,-1.694163919818692,-3.6404154861724436,0.0,0.0,0.0,0.0,0.0,0.0,-2.499749976903054,-1.7636290924327724,-2.854299832377727,-1.7636290924327724,0.0,0.0,0.0,0.0,0.0,0.0,-1.6941639215950488,-2.390540499774829,-1.6941639215950488,-5.12233629379466,0.0,0.0,0.0,0.0,0.0,0.0,0.0,0.0,0.0,0.0,-28.99730986882787,0.0,0.0,28.858187948621605,0.0,0.0,0.0,0.0,0.0,0.0,0.0,-32.95929960156485,0.0,32.839182993349425,0.0,0.0,0.0,0.0,0.0,0.0,0.0,0.0,-30.97694799114592,30.84800701191881,0.0,0.0,0.0,-42.48727053379753,0.0,0.0,0.0,0.0,0.0,-16.924743222901384,0.0,0.0,0.0,0.0,0.0,-18.05742373139907,0.0,0.0,0.0,0.0,-7.69807883571616,0.0,0.0,0.0,0.0,0.0,0.0,0.0,0.0,4.224192958091066,0.0,-4.076785140583183
0.7070707070707071,-5.891783282141461,-1.7460813503955563,-4.7391789870232515,-1.7460813503955563,0.0,0.0,0.0,0.0,0.0,0.0,-1.759180984328701,-4.054397931940734,-1.759180984328701,-3.6658786256582587,0.0,0.0,0.0,0.0,0.0,0.0,-2.5925782640712214,-1.7460813507286232,-2.9204343383604225,-1.7460813507286232,0.0,0.0,0.0,0.0,0.0,0.0,-1.7591809824413218,-2.3695894934006034,-1.759180984328701,-5.3506873732844795,0.0,0.0,0.0,0.0,0.0,0.0,0.0,0.0,0.0,0.0,-28.620561893788476,0.0,0.0,28.531025038969204,0.0,0.0,0.0,0.0,0.0,0.0,0.0,-32.59526789500811,0.0,32.51837798412538,0.0,0.0,0.0,0.0,0.0,0.0,0.0,0.0,-30.60696913470551,30.524228660233632,0.0,0.0,0.0,-43.38534295733609,0.0,0.0,0.0,0.0,0.0,-16.572209798226822,0.0,0.0,0.0,0.0,0.0,-17.80489859104506,0.0,0.0,0.0,0.0,-7.184067614574019,0.0,0.0,0.0,0.0,0.0,0.0,0.0,0.0,3.5319320459414882,0.0,-3.78023773306424
0.8080808080808081,-5.721028713434606,-1.7377237839788506,-4.687737692021798,-1.73772378153636,0.0,0.0,0.0,0.0,0.0,0.0,-1.7981648465226208,-4.15796824648762,-1.7981648446352416,-3.6770124746121624,0.0,0.0,0.0,0.0,0.0,0.0,-2.6662872578686603,-1.7377237825355607,-2.9754440945550797,-1.7377237838678283,0.0,0.0,0.0,0.0,0.0,0.0,-1.7981648465226208,-2.343868845622321,-1.7981648455789312,-5.491112188948932,0.0,0.0,0.0,0.0,0.0,0.0,0.0,0.0,0.0,0.0,-28.381440708935557,0.0,0.0,28.325267684925493,0.0,0.0,0.0,0.0,0.0,0.0,0.0,-32.36528714145592,0.0,32.317191075659224,0.0,0.0,0.0,0.0,0.0,0.0,0.0,0.0,-30.372744098894344,30.320919381043865,0.0,0.0,0.0,-43.881784095090026,0.0,0.0,0.0,0.0,0.0,-16.35073096339923,0.0,0.0,0.0,0.0,0.0,-17.52935393106725,0.0,0.0,0.0,0.0,-6.810495043030329,0.0,0.0,0.0,0.0,0.0,0.0,0.0,0.0,2.968089535038132,0.0,-3.4145728307066747
0.9090909090909091,-5.589915166526183,-1.7363507779366572,-4.635382366169338,-1.7363507768264341,0.0,0.0,0.0,0.0,0.0,0.0,-1.821736571316901,-4.2188485628591454,-1.821736571316901,-3.6824863409723463,0.0,0.0,0.0,0.0,0.0,0.0,-2.7295903214374917,-1.7363507754941665,-3.0305914676675982,-1.7363507754941665,0.0,0.0,0.0,0.0,0.0,0.0,-1.821736571316901,-2.3176911814193346,-1.8217365722605905,-5.583644044043767,0.0,0.0,0.0,0.0,0.0,0.0,0.0,0.0,0.0,0.0,-28.232521834259394,0.0,0.0,28.197660750461928,0.0,0.0,0.0,0.0,0.0,0.0,0.0,-32.222398218539894,0.0,32.192598887426094,0.0,0.0,0.0,0.0,0.0,0.0,0.0,0.0,-30.227065548782406,30.19493260869588,0.0,0.0,0.0,-44.16655789063473,0.0,0.0,0.0,0.0,0.0,-16.21335264712087,0.0,0.0,0.0,0.0,0.0,-17.29548430051686,0.0,0.0,0.0,0.0,-6.546354518022213,0.0,0.0,0.0,0.0,0.0,0.0,0.0,0.0,2.522187776410334,0.0,-3.059173313335606
1.0101010101010102,-5.486335918014618,-1.7395440956580188,-4.584742989588442,-1.7395440956580188,0.0,0.0,0.0,0.0,0.0,0.0,-1.8360006119877426,-4.255319473428498,-1.8360006119877426,-3.685602927461229,0.0,0.0,0.0,0.0,0.0,0.0,-2.7864628691087745,-1.739544097212331,-3.0877903415271746,-1.7395440957690411,0.0,0.0,0.0,0.0,0.0,0.0,-1.8360006139028773,-2.2923714965705777,-1.8360006119877426,-5.648551232306787,0.0,0.0,0.0,0.0,0.0,0.0,0.0,0.0,0.0,0.0,-28.14050164989812,0.0,0.0,28.119027540407515,0.0,0.0,0.0,0.0,0.0,0.0,0.0,-32.13422222592133,0.0,32.1158880015604,0.0,0.0,0.0,0.0,0.0,0.0,0.0,0.0,-30.13711556987264,30.11733450131171,0.0,0.0,0.0,-44.33268993725426,0.0,0.0,0.0,0.0,0.0,-16.128610566823465,0.0,0.0,0.0,0.0,0.0,-17.11551462335592,0.0,0.0,0.0,0.0,-6.363062329706182,0.0,0.0,0.0,0.0,0.0,0.0,0.0,0.0,2.1706969188795,0.0,-2.7403655999957977
1.1111111111111112,-5.401466440679847,-1.7454398119065573,-4.536480932904041,-1.7454398131278026,0.0,0.0,0.0,0.0,0.0,0.0,-1.844563402492172,-4.277332538452083,-1.8445634044073067,-3.687655404177592,0.0,0.0,0.0,0.0,0.0,0.0,-2.838829874729498,-1.7454398123506465,-3.146346681748291,-1.7454398123506465,0.0,0.0,0.0,0.0,0.0,0.0,-1.8445634025060498,-2.2682404660634425,-1.8445634034497393,-5.696747807079627,0.0,0.0,0.0,0.0,0.0,0.0,0.0,0.0,0.0,0.0,-28.08399884995927,0.0,0.0,28.070899591725595,0.0,0.0,0.0,0.0,0.0,0.0,0.0,-32.08014486516531,0.0,32.068972772247854,0.0,0.0,0.0,0.0,0.0,0.0,0.0,0.0,-30.081919386748535,30.069859861148185,0.0,0.0,0.0,-44.42945929167275,0.0,0.0,0.0,0.0,0.0,-16.076654185070982,0.0,0.0,0.0,0.0,0.0,-16.983998441855164,0.0,0.0,0.0,0.0,-6.237846136181169,0.0,0.0,0.0,0.0,0.0,0.0,0.0,0.0,1.8915582769007955,0.0,-2.46328861797096
1.2121212121212122,-5.329363659156705,-1.752755139139417,-4.4906547694845145,-1.752755139139417,0.0,0.0,0.0,0.0,0.0,0.0,-1.849606859047337,-4.290586000495201,-1.849606859047337,-3.689173813839486,0.0,0.0,0.0,0.0,0.0,0.0,-2.8876928578336347,-1.7527551381402162,-3.205118773164095,-1.7527551381402162,0.0,0.0,0.0,0.0,0.0,0.0,-1.849606859047337,-2.245327384312046,-1.849606859047337,-5.734432765740205,0.0,0.0,0.0,0.0,0.0,0.0,0.0,0.0,0.0,0.0,-28.049640927813037,0.0,0.0,28.04177672502406,0.0,0.0,0.0,0.0,0.0,0.0,0.0,-32.04730905820297,0.0,32.04061096304112,0.0,0.0,0.0,0.0,0.0,0.0,0.0,0.0,-30.048382068770252,30.041147296516748,0.0,0.0,0.0,-44.48466496598247,0.0,0.0,0.0,0.0,0.0,-16.045135285747136,0.0,0.0,0.0,0.0,0.0,-16.89098866164418,0.0,0.0,0.0,0.0,-6.153578536116644,0.0,0.0,0.0,0.0,0.0,0.0,0.0,0.0,1.667280052908282,0.0,-2.2253738023447767
1.3131313131313131,-5.266157838468288,-1.7606550235527152,-4.447163971965651,-1.7606550235527152,0.0,0.0,0.0,0.0,0.0,0.0,-1.8524729011593077,-4.298462755066707,-1.8524729011593077,-3.690389029475938,0.0,0.0,0.0,0.0,0.0,0.0,-2.9336140872082694,-1.7606550247184494,-3.2631252503412256,-1.7606550232196483,0.0,0.0,0.0,0.0,0.0,0.0,-1.8524729011558383,-2.2235819876585685,-1.8524729011558383,-5.765270139585638,0.0,0.0,0.0,0.0,0.0,0.0,0.0,0.0,0.0,0.0,-28.029096975579204,0.0,0.0,28.024500433349033,0.0,0.0,0.0,0.0,0.0,0.0,0.0,-32.027718222776834,0.0,32.023811229631164,0.0,0.0,0.0,0.0,0.0,0.0,0.0,0.0,-30.028352098615542,30.02412799588128,0.0,0.0,0.0,-44.51466980938401,0.0,0.0,0.0,0.0,0.0,-16.026366104385236,0.0,0.0,0.0,0.0,0.0,-16.826752352039342,0.0,0.0,0.0,0.0,-6.097753548206519,0.0,0.0,0.0,0.0,0.0,0.0,0.0,0.0,1.484719846622795,0.0,-2.021727188550315
1.4141414141414141,-5.209364253522253,-1.7686169785369188,-4.405883444913439,-1.7686169785369188,0.0,0.0,0.0,0.0,0.0,0.0,-1.8539952390209808,-4.303019358949112,-1.8539952409326461,-3.6914093604761833,0.0,0.0,0.0,0.0,0.0,0.0,-2.9769352727360143,-1.7686169787589634,-3.3196569416138466,-1.7686169787589634,0.0,0.0,0.0,0.0,0.0,0.0,-1.8539952390227155,-2.2029417221739593,-1.8539952399785482,-5.791487341030161,0.0,0.0,0.0,0.0,0.0,0.0,0.0,0.0,0.0,0.0,-28.01716379113861,0.0,0.0,28.014598853348673,0.0,0.0,0.0,0.0,0.0,0.0,0.0,-32.016381896454725,0.0,32.01420785120535,0.0,0.0,0.0,0.0,0.0,0.0,0.0,0.0,-30.01674028613177,30.014387101873208,0.0,0.0,0.0,-44.52936501896793,0.0,0.0,0.0,0.0,0.0,-16.01554131178823,0.0,0.0,0.0,0.0,0.0,-16.783224521144113,0.0,0.0,0.0,0.0,-6.061420260078387,0.0,0.0,0.0,0.0,0.0,0.0,0.0,0.0,1.3341642599584702,0.0,-1.847189739945243
1.5151515151515151,-5.1573915332281395,-1.776327142100076,-4.366697908819717,-1.776327142100076,0.0,0.0,0.0,0.0,0.0,0.0,-1.8546951021563078,-4.305525421595576,-1.8546951021563078,-3.692290180811256,0.0,0.0,0.0,0.0,0.0,0.0,-3.0178824555471273,-1.7763271416004756,-3.374246525300606,-1.7763271416004756,0.0,0.0,0.0,0.0,0.0,0.0,-1.8546951040688404,-2.183348953801838,-1.8546951021563078,-5.814466998982707,0.0,0.0,0.0,0.0,0.0,0.0,0.0,0.0,0.0,0.0,-28.010573378180194,0.0,0.0,28.009264344597273,0.0,0.0,0.0,0.0,0.0,0.0,0.0,-32.010152669119385,0.0,32.00905416270161,0.0,0.0,0.0,0.0,0.0,0.0,0.0,0.0,-30.01034664520258,30.009150979129487,0.0,0.0,0.0,-44.53482751733823,0.0,0.0,0.0,0.0,0.0,-16.009644420025143,0.0,0.0,0.0,0.0,0.0,-16.754217069744893,0.0,0.0,0.0,0.0,-6.038272678990375,0.0,0.0,0.0,0.0,0.0,0.0,0.0,0.0,1.2084396699973965,0.0,-1.6970665495108506
1.6161616161616161,-5.109216680954098,-1.7836080404287635,-4.329506446687503,-1.7836080393185405,0.0,0.0,0.0,0.0,0.0,0.0,-1.8548988383112077,-4.306770830024901,-1.8548988383112077,-3.693062521106002,0.0,0.0,0.0,0.0,0.0,0.0,-3.0566185981184546,-1.7836080403177412,-3.426610916790196,-1.7836080403177412,0.0,0.0,0.0,0.0,0.0,0.0,-1.8548988383111535,-2.1647532237366125,-1.854898839267474,-5.83508048416202,0.0,0.0,0.0,0.0,0.0,0.0,0.0,0.0,0.0,0.0,-28.00728085812325,0.0,0.0,28.006737651067525,0.0,0.0,0.0,0.0,0.0,0.0,0.0,-32.0070909658101,0.0,32.00664265011477,0.0,0.0,0.0,0.0,0.0,0.0,0.0,0.0,-30.00717748114293,30.00668596360792,0.0,0.0,0.0,-44.534820273363714,0.0,0.0,0.0,0.0,0.0,-16.0067807677064,0.0,0.0,0.0,0.0,0.0,-16.735192056249737,0.0,0.0,0.0,0.0,-6.023932313345415,0.0,0.0,0.0,0.0,0.0,0.0,0.0,0.0,1.1022164247975752,0.0,-1.5673236212210284
1.7171717171717171,-5.0641741960455455,-1.7903695551102494,-4.294219587086534,-1.7903695551102494,0.0,0.0,0.0,0.0,0.0,0.0,-1.8548109527558208,-4.3072499214475215,-1.8548109527558208,-3.6937456834515436,0.0,0.0,0.0,0.0,0.0,0.0,-3.093271774612383,-1.7903695544441156,-3.4765985068574423,-1.7903695559984278,0.0,0.0,0.0,0.0,0.0,0.0,-1.8548109527553869,-2.147109792487688,-1.8548109527553869,-5.853886167703996,0.0,0.0,0.0,0.0,0.0,0.0,0.0,0.0,0.0,0.0,-28.00599396237183,0.0,0.0,28.00590954325083,0.0,0.0,0.0,0.0,0.0,0.0,0.0,-32.005940851163786,0.0,32.005883160264204,0.0,0.0,0.0,0.0,0.0,0.0,0.0,0.0,-30.00596432125094,30.00589472371834,0.0,0.0,0.0,-44.53168263978259,0.0,0.0,0.0,0.0,0.0,-16.005758244184598,0.0,0.0,0.0,0.0,0.0,-16.722923242565997,0.0,0.0,0.0,0.0,-6.01539898527001,0.0,0.0,0.0,0.0,0.0,0.0,0.0,0.0,1.0114978062913949,0.0,-1.4545895367090722
1.8181818181818181,-5.021822434225776,-1.7965766038186004,-4.26075541909432,-1.7965766038186004,0.0,0.0,0.0,0.0,0.0,0.0,-1.8545591919552455,-4.307272437900633,-1.854559190042713,-3.6943527924439628,0.0,0.0,0.0,0.0,0.0,0.0,-3.127950165382476,-1.7965766044847342,-3.5241482860270956,-1.7965766044847342,0.0,0.0,0.0,0.0,0.0,0.0,-1.8545591919552455,-2.1303777104765382,-1.8545591909989794,-5.8712478830380554,0.0,0.0,0.0,0.0,0.0,0.0,0.0,0.0,0.0,0.0,-28.005903626633806,0.0,0.0,28.006085080642745,0.0,0.0,0.0,0.0,0.0,0.0,0.0,-32.005930696114675,0.0,32.00609878800144,0.0,0.0,0.0,0.0,0.0,0.0,0.0,0.0,-30.00591731253631,30.00609192462152,0.0,0.0,0.0,-44.526866087899776,0.0,0.0,0.0,0.0,0.0,-16.00582788653833,0.0,0.0,0.0,0.0,0.0,-16.71516565446285,0.0,0.0,0.0,0.0,-6.010640416116709,0.0,0.0,0.0,0.0,0.0,0.0,0.0,0.0,0.9332535343409276,0.0,-1.3560811184532007
1.9191919191919191,-4.981859794528365,-1.8022280749985242,-4.229036834779709,-1.8022280749985242,0.0,0.0,0.0,0.0,0.0,0.0,-1.8542228395097837,-4.307032188844741,-1.8542228414223165,-3.6948936162220853,0.0,0.0,0.0,0.0,0.0,0.0,-3.160750392694478,-1.802228075997725,-3.569260555336129,-1.802228075997725,0.0,0.0,0.0,0.0,0.0,0.0,-1.8542228395089164,-2.114518418278033,-1.8542228404656165,-5.887407752843202,0.0,0.0,0.0,0.0,0.0,0.0,0.0,0.0,0.0,0.0,-28.006502163830177,0.0,0.0,28.00682919362925,0.0,0.0,0.0,0.0,0.0,0.0,0.0,-32.00657414178208,0.0,32.00686512780382,0.0,0.0,0.0,0.0,0.0,0.0,0.0,0.0,-30.006540158226265,30.00684819185612,0.0,0.0,0.0,-44.5212650574834,0.0,0.0,0.0,0.0,0.0,-16.006520953813776,0.0,0.0,0.0,0.0,0.0,-16.710384415242117,0.0,0.0,0.0,0.0,-6.008295928784787,0.0,0.0,0.0,0.0,0.0,0.0,0.0,0.0,0.8651604677667457,0.0,-1.2695139332552507
2.0202020202020203,-4.944071908707937,-1.807343075310719,-4.198989724368829,-1.807343074200496,0.0,0.0,0.0,0.0,0.0,0.0,-1.8538506023251315,-4.306649986826443,-1.8538506023251315,-3.695375903152963,0.0,0.0,0.0,0.0,0.0,0.0,-3.1917620840204997,-1.8073430744225405,-3.6119761269159945,-1.8073430744225405,0.0,0.0,0.0,0.0,0.0,0.0,-1.8538506042376641,-2.099494862451562,-1.8538506032818314,-5.902531399133368,0.0,0.0,0.0,0.0,0.0,0.0,0.0,0.0,0.0,0.0,-28.0074731318844,0.0,0.0,28.007871360478596,0.0,0.0,0.0,0.0,0.0,0.0,0.0,-32.00756726333756,0.0,32.007918598831246,0.0,0.0,0.0,0.0,0.0,0.0,0.0,0.0,-30.007523235037194,30.007896413081216,0.0,0.0,0.0,-44.51542340005825,0.0,0.0,0.0,0.0,0.0,-16.007545585519644,0.0,0.0,0.0,0.0,0.0,-16.707544024738805,0.0,0.0,0.0,0.0,-6.007463680905018,0.0,0.0,0.0,0.0,0.0,0.0,0.0,0.0,0.8054168800786243,0.0,-1.193015611244963
2.121212121212121,-4.9082987497728325,-1.8119520746040507,-4.17054198564859,-1.8119520756587626,0.0,0.0,0.0,0.0,0.0,0.0,-1.8534718683347815,-4.306200543664936,-1.8534718683347815,-3.6958061280078365,0.0,0.0,0.0,0.0,0.0,0.0,-3.221070270231774,-1.8119520766024522,-3.6523620255413114,-1.8119520766024522,0.0,0.0,0.0,0.0,0.0,0.0,-1.8534718683347815,-2.0852709931460867,-1.8534718702464468,-5.916736053573034,0.0,0.0,0.0,0.0,0.0,0.0,0.0,0.0,0.0,0.0,-28.008621522803217,0.0,0.0,28.009045340820357,0.0,0.0,0.0,0.0,0.0,0.0,0.0,-32.00872753769506,0.0,32.00909829346316,0.0,0.0,0.0,0.0,0.0,0.0,0.0,0.0,-30.008677857278762,30.009073509086953,0.0,0.0,0.0,-44.50966415181674,0.0,0.0,0.0,0.0,0.0,-16.008721770792086,0.0,0.0,0.0,0.0,0.0,-16.70595348301357,0.0,0.0,0.0,0.0,-6.007551952251847,0.0,0.0,0.0,0.0,0.0,0.0,0.0,0.0,0.7526097270393883,0.0,-1.1250499453163698
2.2222222222222223,-4.874414293976059,-1.8160913131670675,-4.14362305922733,-1.8160913131670675,0.0,0.0,0.0,0.0,0.0,0.0,-1.853103820395434,-4.30572933875651,-1.8531038223070992,-3.6961898600192806,0.0,0.0,0.0,0.0,0.0,0.0,-3.2487566560823744,-1.8160913123899114,-3.690501668485169,-1.8160913123899114,0.0,0.0,0.0,0.0,0.0,0.0,-1.853103820395434,-2.0718115300334685,-1.853103820395434,-5.9301080451304795,0.0,0.0,0.0,0.0,0.0,0.0,0.0,0.0,0.0,0.0,-28.009827485415972,0.0,0.0,28.010250065874448,0.0,0.0,0.0,0.0,0.0,0.0,0.0,-32.009932207133915,0.0,32.01030237192683,0.0,0.0,0.0,0.0,0.0,0.0,0.0,0.0,-30.009883267735976,30.010277958061536,0.0,0.0,0.0,-44.50417102221279,0.0,0.0,0.0,0.0,0.0,-16.00994041456305,0.0,0.0,0.0,0.0,0.0,-16.705156461217786,0.0,0.0,0.0,0.0,-6.008177022513023,0.0,0.0,0.0,0.0,0.0,0.0,0.0,0.0,0.7056191340670814,0.0,-1.0643533991383514
2.323232323232323,-4.842313776620699,-1.8197991859536522,-4.1181638007481425,-1.8197991859536522,0.0,0.0,0.0,0.0,0.0,0.0,-1.8527559986760909,-4.305263447816968,-1.8527559986760909,-3.6965319969769346,0.0,0.0,0.0,0.0,0.0,0.0,-3.2749001926402066,-1.8197991841772954,-3.726488032096409,-1.8197991841772954,0.0,0.0,0.0,0.0,0.0,0.0,-1.8527559986760909,-2.0590818996199003,-1.8527559986760909,-5.9427139255906205,0.0,0.0,0.0,0.0,0.0,0.0,0.0,0.0,0.0,0.0,-28.011021471248053,0.0,0.0,28.011426936411233,0.0,0.0,0.0,0.0,0.0,0.0,0.0,-32.01112427099126,0.0,32.011478281475384,0.0,0.0,0.0,0.0,0.0,0.0,0.0,0.0,-30.011076408473226,30.011454406052643,0.0,0.0,0.0,-44.49904082911259,0.0,0.0,0.0,0.0,0.0,-16.01113700817891,0.0,0.0,0.0,0.0,0.0,-16.704854026706325,0.0,0.0,0.0,0.0,-6.0090929174076715,0.0,0.0,0.0,0.0,0.0,0.0,0.0,0.0,0.6635483786876506,0.0,-1.0098830632854217
2.4242424242424243,-4.8119059313234125,-1.8231140686553182,-4.094096493711952,-1.8231140686553182,0.0,0.0,0.0,0.0,0.0,0.0,-1.8524331776514047,-4.304818335670174,-1.852433175740173,-3.696836907103162,0.0,0.0,0.0,0.0,0.0,0.0,-3.2995773237010084,-1.8231140709312754,-3.760419110099278,-1.8231140709312754,0.0,0.0,0.0,0.0,0.0,0.0,-1.8524331776518383,-2.047048249098973,-1.8524331757406067,-5.954607378902237,0.0,0.0,0.0,0.0,0.0,0.0,0.0,0.0,0.0,0.0,-28.012162382158937,0.0,0.0,28.01254245256117,0.0,0.0,0.0,0.0,0.0,0.0,0.0,-32.012259533505464,0.0,32.01259120088479,0.0,0.0,0.0,0.0,0.0,0.0,0.0,0.0,-30.01221432307952,30.012568424046815,0.0,0.0,0.0,-44.49431646411615,0.0,0.0,0.0,0.0,0.0,-16.01227513541373,0.0,0.0,0.0,0.0,0.0,-16.70485200812137,0.0,0.0,0.0,0.0,-6.010144358664649,0.0,0.0,0.0,0.0,0.0,0.0,0.0,0.0,0.6256724464082097,0.0,-0.9607743915729383
2.525252525252525,-4.78310823476269,-1.8260729948704757,-4.071354980816899,-1.8260729948704757,0.0,0.0,0.0,0.0,0.0,0.0,-1.8521371908148019,-4.304402198969122,-1.8521371908148019,-3.6971085002482713,0.0,0.0,0.0,0.0,0.0,0.0,-3.322862015875394,-1.826072993538208,-3.7923947092677324,-1.826072993538208,0.0,0.0,0.0,0.0,0.0,0.0,-1.8521371908148019,-2.0356774902540593,-1.8521371908148019,-5.965833594059368,0.0,0.0,0.0,0.0,0.0,0.0,0.0,0.0,0.0,0.0,-28.013229046006465,0.0,0.0,28.01357982492106,0.0,0.0,0.0,0.0,0.0,0.0,0.0,-32.01331928876297,0.0,32.01362511895574,0.0,0.0,0.0,0.0,0.0,0.0,0.0,0.0,-30.01327727493973,30.013603940413915,0.0,0.0,0.0,-44.49000766101191,0.0,0.0,0.0,0.0,0.0,-16.0133358968733,0.0,0.0,0.0,0.0,0.0,-16.705025402442843,0.0,0.0,0.0,0.0,-6.011235255211356,0.0,0.0,0.0,0.0,0.0,0.0,0.0,0.0,0.5913997125905901,0.0,-0.91630726950509
2.6262626262626263,-4.755844067477755,-1.8287108994874401,-4.04987481333885,-1.8287108994874401,0.0,0.0,0.0,0.0,0.0,0.0,-1.85186810746198,-4.304018716101265,-1.85186810746198,-3.697350283492305,0.0,0.0,0.0,0.0,0.0,0.0,-3.3448257515666935,-1.8287108986825285,-3.822514354545614,-1.8287108986825285,0.0,0.0,0.0,0.0,0.0,0.0,-1.85186810746198,-2.024937406358042,-1.851868108417379,-5.976431981867797,0.0,0.0,0.0,0.0,0.0,0.0,0.0,0.0,0.0,0.0,-28.01421188199094,0.0,0.0,28.014532204355056,0.0,0.0,0.0,0.0,0.0,0.0,0.0,-32.01429418520085,0.0,32.01457352862078,0.0,0.0,0.0,0.0,0.0,0.0,0.0,0.0,-30.014255990633288,30.014554259702454,0.0,0.0,0.0,-44.486105033944916,0.0,0.0,0.0,0.0,0.0,-16.014311245851967,0.0,0.0,0.0,0.0,0.0,-16.70529458808537,0.0,0.0,0.0,0.0,-6.012307956675469,0.0,0.0,0.0,0.0,0.0,0.0,0.0,0.0,0.5602434756668551,0.0,-0.8758791751883876
2.727272727272727,-4.730041004541441,-1.8310602496740547,-4.029593396626119,-1.8310602486470984,0.0,0.0,0.0,0.0,0.0,0.0,-1.8516249624279253,-4.303668818727603,-1.8516249605171273,-3.6975654175634527,0.0,0.0,0.0,0.0,0.0,0.0,-3.36553744448298,-1.8310602495352768,-3.850875824717992,-1.8310602495352768,0.0,0.0,0.0,0.0,0.0,0.0,-1.8516249624279253,-2.0147966984119385,-1.8516249614725264,-5.986437930854266,0.0,0.0,0.0,0.0,0.0,0.0,0.0,0.0,0.0,0.0,-28.015108496912134,0.0,0.0,28.01539880423719,0.0,0.0,0.0,0.0,0.0,0.0,0.0,-32.01518495364944,0.0,32.015436977788845,0.0,0.0,0.0,0.0,0.0,0.0,0.0,0.0,-30.015149088416518,30.015419101015603,0.0,0.0,0.0,-44.482587633775175,0.0,0.0,0.0,0.0,0.0,-16.0151996884024,0.0,0.0,0.0,0.0,0.0,-16.705609474405513,0.0,0.0,0.0,0.0,-6.013329391773431,0.0,0.0,0.0,0.0,0.0,0.0,0.0,0.0,0.5317998957310444,0.0,-0.8389831725463814
2.8282828282828283,-4.705629853829496,-1.8331508973568056,-4.010450137176269,-1.8331508973568056,0.0,0.0,0.0,0.0,0.0,0.0,-1.8514062226390564,-4.3033518023686925,-1.8514062226390564,-3.697756759632812,0.0,0.0,0.0,0.0,0.0,0.0,-3.3850633810450503,-1.8331508946645148,-3.877574229593783,-1.833150896413116,0.0,0.0,0.0,0.0,0.0,0.0,-1.8514062207282587,-2.0052250664856497,-1.8514062216836575,-5.995883886961411,0.0,0.0,0.0,0.0,0.0,0.0,0.0,0.0,0.0,0.0,-28.01592058487845,0.0,0.0,28.01618231097758,0.0,0.0,0.0,0.0,0.0,0.0,0.0,-32.015984914961045,0.0,32.016214421202314,0.0,0.0,0.0,0.0,0.0,0.0,0.0,0.0,-30.01595627047209,30.016200154801485,0.0,0.0,0.0,-44.47942922292374,0.0,0.0,0.0,0.0,0.0,-16.016003620328636,0.0,0.0,0.0,0.0,0.0,-16.705939146689776,0.0,0.0,0.0,0.0,-6.0142821601411045,0.0,0.0,0.0,0.0,0.0,0.0,0.0,0.0,0.5057314842460414,0.0,-0.8051907206263476
2.929292929292929,-4.682544098133512,-1.8350100638442335,-3.9923865293167715,-1.8350100638442335,0.0,0.0,0.0,0.0,0.0,0.0,-1.85121007998312,-4.303066040297569,-1.851210081893918,-3.6979268533978393,0.0,0.0,0.0,0.0,0.0,0.0,-3.403467174922792,-1.8350100614017428,-3.9027013479242534,-1.835010063150344,0.0,0.0,0.0,0.0,0.0,0.0,-1.85121007998312,-1.9961932628881005,-1.851210081893484,-6.004800025366693,0.0,0.0,0.0,0.0,0.0,0.0,0.0,0.0,0.0,0.0,-28.01665255041351,0.0,0.0,28.016887515600576,0.0,0.0,0.0,0.0,0.0,0.0,0.0,-32.01671811828982,0.0,32.01692047221424,0.0,0.0,0.0,0.0,0.0,0.0,0.0,0.0,-30.016686050628532,30.016904266735175,0.0,0.0,0.0,-44.47660092376637,0.0,0.0,0.0,0.0,0.0,-16.016727560188954,0.0,0.0,0.0,0.0,0.0,-16.706264900414116,0.0,0.0,0.0,0.0,-6.015158574078187,0.0,0.0,0.0,0.0,0.0,0.0,0.0,0.0,0.48175398548178094,0.0,-0.7741374909719934
3.0303030303030303,-4.660719639393296,-1.8366624470744775,-3.97534624652085,-1.8366624481014338,0.0,0.0,0.0,0.0,0.0,0.0,-1.8510346335167371,-4.3028094061051565,-1.8510346335167371,-3.6980779994945627,0.0,0.0,0.0,0.0,0.0,0.0,-3.4208097505206148,-1.8366624470467219,-3.9263453352200717,-1.8366624487953231,0.0,0.0,0.0,0.0,0.0,0.0,-1.8510346335169539,-1.987673122740225,-1.8510346335169539,-6.013214679454361,0.0,0.0,0.0,0.0,0.0,0.0,0.0,0.0,0.0,0.0,-28.017309613251676,0.0,0.0,28.017519990432632,0.0,0.0,0.0,0.0,0.0,0.0,0.0,-32.01736287425719,0.0,32.01754656611666,0.0,0.0,0.0,0.0,0.0,0.0,0.0,0.0,-30.017338501556885,30.01753443561319,0.0,0.0,0.0,-44.474073514018734,0.0,0.0,0.0,0.0,0.0,-16.017377193520456,0.0,0.0,0.0,0.0,0.0,-16.70657612324461,0.0,0.0,0.0,0.0,-6.015957106151118,0.0,0.0,0.0,0.0,0.0,0.0,0.0,0.0,0.4596267355050365,0.0,-0.7455125411726105
3.131313131313131,-4.64009462969317,-1.838130353148948,-3.9592751981398777,-1.838130353148948,0.0,0.0,0.0,0.0,0.0,0.0,-1.8508779924973542,-4.302579576541356,-1.8508779915419553,-3.6982122605007386,0.0,0.0,0.0,0.0,0.0,0.0,-3.437149324242439,-1.8381303532877258,-3.9485904559377616,-1.8381303541759042,0.0,0.0,0.0,0.0,0.0,0.0,-1.8508779915421723,-1.9796375992382071,-1.8508779915421723,-6.021154637270154,0.0,0.0,0.0,0.0,0.0,0.0,0.0,0.0,0.0,0.0,-28.01789800145442,0.0,0.0,28.018085893206056,0.0,0.0,0.0,0.0,0.0,0.0,0.0,-32.01794655382107,0.0,32.01811011456935,0.0,0.0,0.0,0.0,0.0,0.0,0.0,0.0,-30.017924299611913,30.018099043312326,0.0,0.0,0.0,-44.47181865062898,0.0,0.0,0.0,0.0,0.0,-16.017958590497027,0.0,0.0,0.0,0.0,0.0,-16.706867071246414,0.0,0.0,0.0,0.0,-6.016679713080273,0.0,0.0,0.0,0.0,0.0,0.0,0.0,0.0,0.4391444600321259,0.0,-0.7190489914876697
3.2323232323232323,-4.620609429295541,-1.8394338511529273,-3.9441215412827635,-1.8394338511529273,0.0,0.0,0.0,0.0,0.0,0.0,-1.8507383412549612,-4.3023741873842845,-1.850738340299779,-3.698331484319273,0.0,0.0,0.0,0.0,0.0,0.0,-3.4525414278618882,-1.8394338503757712,-3.9695169920250795,-1.839433852152128,0.0,0.0,0.0,0.0,0.0,0.0,-1.850738340299779,-1.9720607698464447,-1.850738340299779,-6.02864530217166,0.0,0.0,0.0,0.0,0.0,0.0,0.0,0.0,0.0,0.0,-28.018423611169894,0.0,0.0,28.01859117117743,0.0,0.0,0.0,0.0,0.0,0.0,0.0,-32.018463705906115,0.0,32.018611391231026,0.0,0.0,0.0,0.0,0.0,0.0,0.0,0.0,-30.01844610347592,30.018602418358835,0.0,0.0,0.0,-44.46980948403893,0.0,0.0,0.0,0.0,0.0,-16.018477887257134,0.0,0.0,0.0,0.0,0.0,-16.707135164174478,0.0,0.0,0.0,0.0,-6.01733041002972,0.0,0.0,0.0,0.0,0.0,0.0,0.0,0.0,0.420131147385594,0.0,-0.6945167735500357
3.3333333333333335,-4.602206580911483,-1.8405909562313472,-3.929835690946737,-1.8405909562313472,0.0,0.0,0.0,0.0,0.0,0.0,-1.8506139776446227,-4.302190939334954,-1.8506139785998046,-3.698437319605338,0.0,0.0,0.0,0.0,0.0,0.0,-3.467038949850343,-1.8405909561203249,-3.9892012595188486,-1.8405909570362589,0.0,0.0,0.0,0.0,0.0,0.0,-1.8506139776446227,-1.9649178447662519,-1.8506139785998046,-6.035710817142064,0.0,0.0,0.0,0.0,0.0,0.0,0.0,0.0,0.0,0.0,-28.018892575231924,0.0,0.0,28.019041742702832,0.0,0.0,0.0,0.0,0.0,0.0,0.0,-32.018932463732945,0.0,32.019061859640125,0.0,0.0,0.0,0.0,0.0,0.0,0.0,0.0,-30.018913545095188,30.01905222866242,0.0,0.0,0.0,-44.468020945248774,0.0,0.0,0.0,0.0,0.0,-16.018940993696614,0.0,0.0,0.0,0.0,0.0,-16.70737974696947,0.0,0.0,0.0,0.0,-6.0179142333596785,0.0,0.0,0.0,0.0,0.0,0.0,0.0,0.0,0.4024350331033322,0.0,-0.67171667364474
3.4343434343434343,-4.584830808812557,-1.8416178072522271,-3.916370308859607,-1.8416178072522271,0.0,0.0,0.0,0.0,0.0,0.0,-1.8505033305266356,-4.302027654148151,-1.8505033295714535,-3.698531249380754,0.0,0.0,0.0,0.0,0.0,0.0,-3.4806921885288666,-1.841617807391005,-4.007715640214071,-1.8416178091673618,0.0,0.0,0.0,0.0,0.0,0.0,-1.8505033286162713,-1.9581851538605974,-1.8505033295714535,-6.042374152325165,0.0,0.0,0.0,0.0,0.0,0.0,0.0,0.0,0.0,0.0,-28.019310315696103,0.0,0.0,28.01944298577589,0.0,0.0,0.0,0.0,0.0,0.0,0.0,-32.01934444107841,0.0,32.01946022115621,0.0,0.0,0.0,0.0,0.0,0.0,0.0,0.0,-30.019328828132313,30.019452243021732,0.0,0.0,0.0,-44.466430165924535,0.0,0.0,0.0,0.0,0.0,-16.019353493703424,0.0,0.0,0.0,0.0,0.0,-16.70760130962918,0.0,0.0,0.0,0.0,-6.0184366389550235,0.0,0.0,0.0,0.0,0.0,0.0,0.0,0.0,0.3859245732151795,0.0,-0.6504754145597591
3.5353535353535355,-4.568429020274101,-1.8425288361989534,-3.903680270506138,-1.8425288361989534,0.0,0.0,0.0,0.0,0.0,0.0,-1.8504049544114387,-4.301882303141313,-1.8504049544114387,-3.6986145884535926,0.0,0.0,0.0,0.0,0.0,0.0,-3.4935489088561145,-1.8425288361434422,-4.0251286766712635,-1.8425288352275082,0.0,0.0,0.0,0.0,0.0,0.0,-1.8504049553666209,-1.9518401355568624,-1.8504049544114387,-6.048657163065536,0.0,0.0,0.0,0.0,0.0,0.0,0.0,0.0,0.0,0.0,-28.01968210911854,0.0,0.0,28.019799998981778,0.0,0.0,0.0,0.0,0.0,0.0,0.0,-32.01971287078746,0.0,32.0198153249923,0.0,0.0,0.0,0.0,0.0,0.0,0.0,0.0,-30.019698530255393,30.01980821057751,0.0,0.0,0.0,-44.46501613348999,0.0,0.0,0.0,0.0,0.0,-16.01972057318005,0.0,0.0,0.0,0.0,0.0,-16.707800997282312,0.0,0.0,0.0,0.0,-6.018903142589356,0.0,0.0,0.0,0.0,0.0,0.0,0.0,0.0,0.3704852318681118,0.0,-0.6306416931861625
3.6363636363636362,-4.55295029730407,-1.8433369265713484,-3.89172262027504,-1.8433369275705491,0.0,0.0,0.0,0.0,0.0,0.0,-1.8503175413513586,-4.301753020447171,-1.8503175413513586,-3.6986885200328756,0.0,0.0,0.0,0.0,0.0,0.0,-3.5056544188949434,-1.843336926460326,-4.041505185653493,-1.843336926460326,0.0,0.0,0.0,0.0,0.0,0.0,-1.8503175413513586,-1.9458613098117172,-1.8503175413513586,-6.054580638157367,0.0,0.0,0.0,0.0,0.0,0.0,0.0,0.0,0.0,0.0,-28.020012782587184,0.0,0.0,28.020117441101245,0.0,0.0,0.0,0.0,0.0,0.0,0.0,-32.02004220206542,0.0,32.020132096016646,0.0,0.0,0.0,0.0,0.0,0.0,0.0,0.0,-30.020027842163,30.02012497191689,0.0,0.0,0.0,-44.463759988567965,0.0,0.0,0.0,0.0,0.0,-16.020046982998057,0.0,0.0,0.0,0.0,0.0,-16.70798028935265,0.0,0.0,0.0,0.0,-6.019319079563889,0.0,0.0,0.0,0.0,0.0,0.0,0.0,0.0,0.3560168204963521,0.0,-0.6120828781042142
3.7373737373737375,-4.53834588376445,-1.8440535712455075,-3.8804565139355374,-1.8440535712455075,0.0,0.0,0.0,0.0,0.0,0.0,-1.8502399057040986,-4.30163810481081,-1.8502399057040986,-3.698754086609133,0.0,0.0,0.0,0.0,0.0,0.0,-3.51705166104499,-1.844053571675719,-4.0569063928797,-1.844053571675719,0.0,0.0,0.0,0.0,0.0,0.0,-1.8502399057040986,-1.9402282567187275,-1.8502399057040986,-6.060164343523714,0.0,0.0,0.0,0.0,0.0,0.0,0.0,0.0,0.0,0.0,-28.020306643144167,0.0,0.0,28.02039950320929,0.0,0.0,0.0,0.0,0.0,0.0,0.0,-32.02033168826129,0.0,32.02041197094413,0.0,0.0,0.0,0.0,0.0,0.0,0.0,0.0,-30.02031995456454,30.020406159948084,0.0,0.0,0.0,-44.46264438524644,0.0,0.0,0.0,0.0,0.0,-16.02033705034624,0.0,0.0,0.0,0.0,0.0,-16.708140814523933,0.0,0.0,0.0,0.0,-6.0196894822988485,0.0,0.0,0.0,0.0,0.0,0.0,0.0,0.0,0.34243130853095494,0.0,-0.5946822425606513
3.8383838383838382,-4.5245691629169915,-1.844689013583145,-3.869843170759002,-1.844689013583145,0.0,0.0,0.0,0.0,0.0,0.0,-1.8501709829674402,-4.301536014305924,-1.8501709829674402,-3.6988122318436365,0.0,0.0,0.0,0.0,0.0,0.0,-3.527781294768162,-1.8446890151235795,-4.071390079629644,-1.8446890151235795,0.0,0.0,0.0,0.0,0.0,0.0,-1.8501709829674402,-1.9349215856673567,-1.8501709829674402,-6.0654270705594495,0.0,0.0,0.0,0.0,0.0,0.0,0.0,0.0,0.0,0.0,-28.020567651631993,0.0,0.0,28.020650005851355,0.0,0.0,0.0,0.0,0.0,0.0,0.0,-32.02058831044659,0.0,32.02066050795498,0.0,0.0,0.0,0.0,0.0,0.0,0.0,0.0,-30.02057909677093,30.020655729449,0.0,0.0,0.0,-44.46165423280767,0.0,0.0,0.0,0.0,0.0,-16.02059469374981,0.0,0.0,0.0,0.0,0.0,-16.70828424028912,0.0,0.0,0.0,0.0,-6.020019023410262,0.0,0.0,0.0,0.0,0.0,0.0,0.0,0.0,0.3296510475842007,0.0,-0.5783366980732785
3.9393939393939394,-4.511575623644681,-1.8452523727757741,-3.859845788711791,-1.8452523727757741,0.0,0.0,0.0,0.0,0.0,0.0,-1.8501098119379353,-4.3014453574757905,-1.8501098138480827,-3.698863784211805,0.0,0.0,0.0,0.0,0.0,0.0,-3.5378817783981997,-1.8452523712075841,-4.085010735260797,-1.8452523712075841,0.0,0.0,0.0,0.0,0.0,0.0,-1.8501098128929006,-1.9299228929651895,-1.8501098138479743,-6.070386659980348,0.0,0.0,0.0,0.0,0.0,0.0,0.0,0.0,0.0,0.0,-28.02079941850418,0.0,0.0,28.020872409053116,0.0,0.0,0.0,0.0,0.0,0.0,0.0,-32.020818669170446,0.0,32.02088197956209,0.0,0.0,0.0,0.0,0.0,0.0,0.0,0.0,-30.020809568715844,30.020877485187338,0.0,0.0,0.0,-44.46077545535105,0.0,0.0,0.0,0.0,0.0,-16.02082344264507,0.0,0.0,0.0,0.0,0.0,-16.70841218126551,0.0,0.0,0.0,0.0,-6.020311992818977,0.0,0.0,0.0,0.0,0.0,0.0,0.0,0.0,0.3176072966570853,0.0,-0.5629549133800982
4.040404040404041,-4.499322818984908,-1.845751756296421,-3.850429482601947,-1.845751756296421,0.0,0.0,0.0,0.0,0.0,0.0,-1.85005554262038,-4.301364883376835,-1.85005554262038,-3.6989094835150875,0.0,0.0,0.0,0.0,0.0,0.0,-3.547389488711694,-1.8457517574482774,-4.0978197116958714,-1.8457517565323434,0.0,0.0,0.0,0.0,0.0,0.0,-1.8500555426204883,-1.9252147417415932,-1.8500555426204883,-6.0750600384749776,0.0,0.0,0.0,0.0,0.0,0.0,0.0,0.0,0.0,0.0,-28.021005147489674,0.0,0.0,28.021069798686614,0.0,0.0,0.0,0.0,0.0,0.0,0.0,-32.02102264086479,0.0,32.021078718072346,0.0,0.0,0.0,0.0,0.0,0.0,0.0,0.0,-30.02101430357425,30.021074377756644,0.0,0.0,0.0,-44.45999592739042,0.0,0.0,0.0,0.0,0.0,-16.021026466435558,0.0,0.0,0.0,0.0,0.0,-16.708526154299644,0.0,0.0,0.0,0.0,-6.020572293168394,0.0,0.0,0.0,0.0,0.0,0.0,0.0,0.0,0.30623897205594997,0.0,-0.5484556969970189
4.141414141414141,-4.487770317626594,-1.846194384952371,-3.8415612154951706,-1.846194384952371,0.0,0.0,0.0,0.0,0.0,0.0,-1.8500074011359828,-4.301293470429556,-1.8500074011359828,-3.6989499948882067,0.0,0.0,0.0,0.0,0.0,0.0,-3.556338773996748,-1.846194384813593,-4.109865378715272,-1.846194384813593,0.0,0.0,0.0,0.0,0.0,0.0,-1.8500074011359828,-1.9207806077481275,-1.8500074011359828,-6.079463270984814,0.0,0.0,0.0,0.0,0.0,0.0,0.0,0.0,0.0,0.0,-28.021187687704824,0.0,0.0,28.021244927741538,0.0,0.0,0.0,0.0,0.0,0.0,0.0,-32.02120252148214,0.0,32.021252517329664,0.0,0.0,0.0,0.0,0.0,0.0,0.0,0.0,-30.021195784690846,30.021248977262502,0.0,0.0,0.0,-44.45930442094717,0.0,0.0,0.0,0.0,0.0,-16.021206606134506,0.0,0.0,0.0,0.0,0.0,-16.708627592464804,0.0,0.0,0.0,0.0,-6.020803454585009,0.0,0.0,0.0,0.0,0.0,0.0,0.0,0.0,0.2954916043657052,0.0,-0.5347666451049893
4.242424242424242,-4.4768796490096685,-1.8465866667288777,-3.8332097099663676,-1.8465866667288777,0.0,0.0,0.0,0.0,0.0,0.0,-1.8499647073333338,-4.301230115099459,-1.8499647073333338,-3.6989858992516194,0.0,0.0,0.0,0.0,0.0,0.0,-3.564762088653639,-1.846586666312544,-4.121193277431545,-1.846586666312544,0.0,0.0,0.0,0.0,0.0,0.0,-1.8499647073333338,-1.9166048542677188,-1.8499647073333338,-6.083611574482452,0.0,0.0,0.0,0.0,0.0,0.0,0.0,0.0,0.0,0.0,-28.02134961329777,0.0,0.0,28.021400270098354,0.0,0.0,0.0,0.0,0.0,0.0,0.0,-32.02136233478817,0.0,32.02140680354368,0.0,0.0,0.0,0.0,0.0,0.0,0.0,0.0,-30.021356718002878,30.021403823478863,0.0,0.0,0.0,-44.45869125289915,0.0,0.0,0.0,0.0,0.0,-16.021366402054927,0.0,0.0,0.0,0.0,0.0,-16.708717803475125,0.0,0.0,0.0,0.0,-6.021008656914529,0.0,0.0,0.0,0.0,0.0,0.0,0.0,0.0,0.28531647101870394,0.0,-0.5218230009762514
4.343434343434343,-4.466614243373024,-1.846934298471714,-3.8253453783082536,-1.846934298471714,0.0,0.0,0.0,0.0,0.0,0.0,-1.8499268535200424,-4.301173920897877,-1.849926852565023,-3.699017720587279,0.0,0.0,0.0,0.0,0.0,0.0,-3.5726900629307057,-1.8469342985549808,-4.131846270225004,-1.8469342994709148,0.0,0.0,0.0,0.0,0.0,0.0,-1.8499268516100036,-1.9126726884411556,-1.849926852565023,-6.087519367414037,0.0,0.0,0.0,0.0,0.0,0.0,0.0,0.0,0.0,0.0,-28.02149323049381,0.0,0.0,28.02153803758631,0.0,0.0,0.0,0.0,0.0,0.0,0.0,-32.021505191890405,0.0,32.021543963459045,0.0,0.0,0.0,0.0,0.0,0.0,0.0,0.0,-30.02149958201018,30.021541214372665,0.0,0.0,0.0,-44.45814750696285,0.0,0.0,0.0,0.0,0.0,-16.02150812166233,0.0,0.0,0.0,0.0,0.0,-16.708797972465277,0.0,0.0,0.0,0.0,-6.021190755024992,0.0,0.0,0.0,0.0,0.0,0.0,0.0,0.0,0.2756698536041102,0.0,-0.5095666892954154
4.444444444444445,-4.456939368013835,-1.8472423390369919,-3.8179402452320765,-1.8472423390369919,0.0,0.0,0.0,0.0,0.0,0.0,-1.8498932921056528,-4.3011240880036645,-1.8498932921056528,-3.6990459184886495,0.0,0.0,0.0,0.0,0.0,0.0,-3.580151590229508,-1.8472423374410463,-4.141864686058039,-1.847242339286792,0.0,0.0,0.0,0.0,0.0,0.0,-1.8498932901955596,-1.9089701209887593,-1.8498932921056528,-6.0912002997896195,0.0,0.0,0.0,0.0,0.0,0.0,0.0,0.0,0.0,0.0,-28.02162058309645,0.0,0.0,28.021660195607854,0.0,0.0,0.0,0.0,0.0,0.0,0.0,-32.02163105601877,0.0,32.02166560477043,0.0,0.0,0.0,0.0,0.0,0.0,0.0,0.0,-30.021626229450543,30.02166301981275,0.0,0.0,0.0,-44.457665560966284,0.0,0.0,0.0,0.0,0.0,-16.021633786784516,0.0,0.0,0.0,0.0,0.0,-16.708869180038967,0.0,0.0,0.0,0.0,-6.021352305684343,0.0,0.0,0.0,0.0,0.0,0.0,0.0,0.0,0.2665124137282704,0.0,-0.49794548739184874
4.545454545454545,-4.447822061201534,-1.8475152786245896,-3.8109678759667975,-1.8475152786245896,0.0,0.0,0.0,0.0,0.0,0.0,-1.8498635417084657,-4.3010799036836165,-1.8498635417084657,-3.6990709032983893,0.0,0.0,0.0,0.0,0.0,0.0,-3.587173930841292,-1.8475152761543434,-4.151286460835069,-1.8475152761543434,0.0,0.0,0.0,0.0,0.0,0.0,-1.8498635417084657,-1.9054839369380654,-1.8498635417084657,-6.094667287059809,0.0,0.0,0.0,0.0,0.0,0.0,0.0,0.0,0.0,0.0,-28.021733492911412,0.0,0.0,28.021768495178772,0.0,0.0,0.0,0.0,0.0,0.0,0.0,-32.02174245646873,0.0,32.02177292213116,0.0,0.0,0.0,0.0,0.0,0.0,0.0,0.0,-30.021738486808683,30.021770993155254,0.0,0.0,0.0,-44.457238242175144,0.0,0.0,0.0,0.0,0.0,-16.021745198720943,0.0,0.0,0.0,0.0,0.0,-16.70893241672482,0.0,0.0,0.0,0.0,-6.021495593992862,0.0,0.0,0.0,0.0,0.0,0.0,0.0,0.0,0.25780865541696896,0.0,-0.48691231516878597
4.646464646464646,-4.439231064537474,-1.847757100437164,-3.804403300070036,-1.847757100437164,0.0,0.0,0.0,0.0,0.0,0.0,-1.8498371734847805,-4.301040733374314,-1.8498371725297609,-3.6990930422391894,0.0,0.0,0.0,0.0,0.0,0.0,-3.593782782973509,-1.847757099784908,-4.160147272364023,-1.847757099784908,0.0,0.0,0.0,0.0,0.0,0.0,-1.8498371734847805,-1.9022016505481167,-1.8498371725297609,-6.097932542852556,0.0,0.0,0.0,0.0,0.0,0.0,0.0,0.0,0.0,0.0,-28.02183358165556,0.0,0.0,28.02186449464019,0.0,0.0,0.0,0.0,0.0,0.0,0.0,-32.021840896554345,0.0,32.021868097263045,0.0,0.0,0.0,0.0,0.0,0.0,0.0,0.0,-30.021837937903936,30.021866673792278,0.0,0.0,0.0,-44.45685957033105,0.0,0.0,0.0,0.0,0.0,-16.02184396084041,0.0,0.0,0.0,0.0,0.0,-16.708988540476952,0.0,0.0,0.0,0.0,-6.021622659170686,0.0,0.0,0.0,0.0,0.0,0.0,0.0,0.0,0.24952646171527704,0.0,-0.4764246181038212
4.747474747474747,-4.431136754537435,-1.847971340424026,-3.798222936432505,-1.847971340424026,0.0,0.0,0.0,0.0,0.0,0.0,-1.849813804439258,-4.301006012511518,-1.8498138025292732,-3.6991126546666484,0.0,0.0,0.0,0.0,0.0,0.0,-3.6000023725391017,-1.847971342325283,-4.168480669822228,-1.847971342325283,0.0,0.0,0.0,0.0,0.0,0.0,-1.849813804439258,-1.8991114702144372,-1.8498138025292732,-6.101007615476556,0.0,0.0,0.0,0.0,0.0,0.0,0.0,0.0,0.0,0.0,-28.02192230257452,0.0,0.0,28.021949585232207,0.0,0.0,0.0,0.0,0.0,0.0,0.0,-32.021930816939175,0.0,32.021953787588,0.0,0.0,0.0,0.0,0.0,0.0,0.0,0.0,-30.02192632236211,30.021951596153848,0.0,0.0,0.0,-44.45652395828432,0.0,0.0,0.0,0.0,0.0,-16.021931499134407,0.0,0.0,0.0,0.0,0.0,-16.709038336306197,0.0,0.0,0.0,0.0,-6.021735318826813,0.0,0.0,0.0,0.0,0.0,0.0,0.0,0.0,0.24163669733179294,0.0,-0.4664438427171014
4.848484848484849,-4.423511073159414,-1.8481611385040564,-3.7924045333675993,-1.8481611385040564,0.0,0.0,0.0,0.0,0.0,0.0,-1.8497930948574763,-4.300975239032132,-1.849793093902484,-3.699130030838195,0.0,0.0,0.0,0.0,0.0,0.0,-3.6058555287765692,-1.8481611396559128,-4.176318196130735,-1.8481611405857246,0.0,0.0,0.0,0.0,0.0,0.0,-1.849793093902484,-1.8962022666539842,-1.849793093902484,-6.10390342145698,0.0,0.0,0.0,0.0,0.0,0.0,0.0,0.0,0.0,0.0,-28.022000930918264,0.0,0.0,28.02202499518631,0.0,0.0,0.0,0.0,0.0,0.0,0.0,-32.022007779807225,0.0,32.02202859233427,0.0,0.0,0.0,0.0,0.0,0.0,0.0,0.0,-30.022004458016955,30.02202675976367,0.0,0.0,0.0,-44.45622660284392,0.0,0.0,0.0,0.0,0.0,-16.022009081066713,0.0,0.0,0.0,0.0,0.0,-16.709082495971703,0.0,0.0,0.0,0.0,-6.0218351915677495,0.0,0.0,0.0,0.0,0.0,0.0,0.0,0.0,0.2341128755509181,0.0,-0.45693498437748836
4.94949494949495,-4.416327459143277,-1.848329276729621,-3.78692708497691,-1.848329275751237,0.0,0.0,0.0,0.0,0.0,0.0,-1.849774743145345,-4.300947966713641,-1.8497747450553297,-3.699145423524886,0.0,0.0,0.0,0.0,0.0,0.0,-3.6113637671142396,-1.8483292771806492,-4.183689504493049,-1.8483292753140868,0.0,0.0,0.0,0.0,0.0,0.0,-1.8497747450553026,-1.8934635424126964,-1.8497747450553026,-6.106630269573862,0.0,0.0,0.0,0.0,0.0,0.0,0.0,0.0,0.0,0.0,-28.022070610747335,0.0,0.0,28.02209182115208,0.0,0.0,0.0,0.0,0.0,0.0,0.0,-32.02207600153367,0.0,32.022094461718545,0.0,0.0,0.0,0.0,0.0,0.0,0.0,0.0,-30.02207369453235,30.02209336407265,0.0,0.0,0.0,-44.455963074086945,0.0,0.0,0.0,0.0,0.0,-16.022077832861985,0.0,0.0,0.0,0.0,0.0,-16.709121678069156,0.0,0.0,0.0,0.0,-6.021923717663925,0.0,0.0,0.0,0.0,0.0,0.0,0.0,0.0,0.22693085929836876,0.0,-0.4478661922296956
5.05050505050505,-4.409560781182265,-1.8484782174643666,-3.7817707733561745,-1.8484782174643666,0.0,0.0,0.0,0.0,0.0,0.0,-1.849758485644303,-4.300923799307528,-1.8497584846893107,-3.6991590619850934,0.0,0.0,0.0,0.0,0.0,0.0,-3.616547350294985,-1.8484782181305004,-4.190622470298666,-1.8484782181305004,0.0,0.0,0.0,0.0,0.0,0.0,-1.8497584846893107,-1.8908853873293405,-1.8497584846893107,-6.1091978944057965,0.0,0.0,0.0,0.0,0.0,0.0,0.0,0.0,0.0,0.0,-28.02213235656185,0.0,0.0,28.022151036199443,0.0,0.0,0.0,0.0,0.0,0.0,0.0,-32.022137900168104,0.0,32.02215375317571,0.0,0.0,0.0,0.0,0.0,0.0,0.0,0.0,-30.022135139157996,30.022152428525416,0.0,0.0,0.0,-44.455729583047834,0.0,0.0,0.0,0.0,0.0,-16.022138754738577,0.0,0.0,0.0,0.0,0.0,-16.709156413689787,0.0,0.0,0.0,0.0,-6.022002177672164,0.0,0.0,0.0,0.0,0.0,0.0,0.0,0.0,0.22006860665030326,0.0,-0.4392084234638993
5.151515151515151,-4.40318727110145,-1.848610150546881,-3.776916919204232,-1.848610151525265,0.0,0.0,0.0,0.0,0.0,0.0,-1.8497440794716236,-4.300902384931017,-1.8497440794716236,-3.6991711424888725,0.0,0.0,0.0,0.0,0.0,0.0,-3.621425364003228,-1.8486101515530207,-4.197143296101602,-1.8486101515530207,0.0,0.0,0.0,0.0,0.0,0.0,-1.8497440794716506,-1.8884584600666967,-1.8497440794716506,-6.111615488364508,0.0,0.0,0.0,0.0,0.0,0.0,0.0,0.0,0.0,0.0,-28.02218706735786,0.0,0.0,28.022203503308006,0.0,0.0,0.0,0.0,0.0,0.0,0.0,-32.022192791839394,0.0,32.022206310721806,0.0,0.0,0.0,0.0,0.0,0.0,0.0,0.0,-30.022189591510237,30.0222047664121,0.0,0.0,0.0,-44.455522733065166,0.0,0.0,0.0,0.0,0.0,-16.022192734631236,0.0,0.0,0.0,0.0,0.0,-16.709187227280722,0.0,0.0,0.0,0.0,-6.022071709517723,0.0,0.0,0.0,0.0,0.0,0.0,0.0,0.0,0.21350594282820712,0.0,-0.43093514098119234
5.252525252525253,-4.397184459159487,-1.84872701602945,-3.7723478987297665,-1.84872701602945,0.0,0.0,0.0,0.0,0.0,0.0,-1.8497313171026895,-4.300883411304798,-1.8497313171026895,-3.6991818431688253,0.0,0.0,0.0,0.0,0.0,0.0,-3.626015785122838,-1.8487270157796498,-4.203276611054741,-1.8487270157796498,0.0,0.0,0.0,0.0,0.0,0.0,-1.8497313171026895,-1.8861739498735368,-1.8497313171026895,-6.113891726146511,0.0,0.0,0.0,0.0,0.0,0.0,0.0,0.0,0.0,0.0,-28.022235539018084,0.0,0.0,28.02224998733931,0.0,0.0,0.0,0.0,0.0,0.0,0.0,-32.02224017556335,0.0,32.02225247831672,0.0,0.0,0.0,0.0,0.0,0.0,0.0,0.0,-30.022237731140375,30.022251084428415,0.0,0.0,0.0,-44.455339494983335,0.0,0.0,0.0,0.0,0.0,-16.022240560631015,0.0,0.0,0.0,0.0,0.0,-16.709214523280494,0.0,0.0,0.0,0.0,-6.022133324008142,0.0,0.0,0.0,0.0,0.0,0.0,0.0,0.0,0.20722436700620905,0.0,-0.42302204934785426
5.353535353535354,-4.391531110446712,-1.848830530080947,-3.7680470997697446,-1.848830530080947,0.0,0.0,0.0,0.0,0.0,0.0,-1.8497200124465851,-4.300866601139776,-1.8497200105366274,-3.699191321009972,0.0,0.0,0.0,0.0,0.0,0.0,-3.6303355425218453,-1.8488305285335738,-4.20904556440449,-1.8488305285335738,0.0,0.0,0.0,0.0,0.0,0.0,-1.8497200124465851,-1.8840235499971145,-1.8497200105366274,-6.116034794202506,0.0,0.0,0.0,0.0,0.0,0.0,0.0,0.0,0.0,0.0,-28.022278484536265,0.0,0.0,28.022291170309433,0.0,0.0,0.0,0.0,0.0,0.0,0.0,-32.02228170313314,0.0,32.02229272478076,0.0,0.0,0.0,0.0,0.0,0.0,0.0,0.0,-30.02228038544115,30.022292121789857,0.0,0.0,0.0,-44.455177122006404,0.0,0.0,0.0,0.0,0.0,-16.022282931893276,0.0,0.0,0.0,0.0,0.0,-16.709238731088345,0.0,0.0,0.0,0.0,-6.022187918579085,0.0,0.0,0.0,0.0,0.0,0.0,0.0,0.0,0.20120688225960803,0.0,-0.41544686773392625
5.454545454545454,-4.386207164128186,-1.8489222134293604,-3.7639988636969934,-1.8489222134293604,0.0,0.0,0.0,0.0,0.0,0.0,-1.8497099947714868,-4.300851708520967,-1.849709993816508,-3.699199713076866,0.0,0.0,0.0,0.0,0.0,0.0,-3.6344005633695553,-1.848922213852633,-4.214471914502916,-1.848922213852633,0.0,0.0,0.0,0.0,0.0,0.0,-1.8497099947714868,-1.8819994323016391,-1.849709993816508,-6.11805241181981,0.0,0.0,0.0,0.0,0.0,0.0,0.0,0.0,0.0,0.0,-28.022316530218916,0.0,0.0,28.022327654155706,0.0,0.0,0.0,0.0,0.0,0.0,0.0,-32.02231945744551,0.0,32.02232929047416,0.0,0.0,0.0,0.0,0.0,0.0,0.0,0.0,-30.022318217661578,30.02232849890499,0.0,0.0,0.0,-44.455033289479296,0.0,0.0,0.0,0.0,0.0,-16.022320468913644,0.0,0.0,0.0,0.0,0.0,-16.70926016854828,0.0,0.0,0.0,0.0,-6.0222362899877435,0.0,0.0,0.0,0.0,0.0,0.0,0.0,0.0,0.19543784345044113,0.0,-0.40818912348111747
5.555555555555555,-4.381193673984319,-1.849003423537443,-3.7601884411431197,-1.849003423537443,0.0,0.0,0.0,0.0,0.0,0.0,-1.849701121832496,-4.30083851528929,-1.84970112374244,-3.699207150360118,0.0,0.0,0.0,0.0,0.0,0.0,-3.638225861031519,-1.849003421448836,-4.219576112213241,-1.849003421448836,0.0,0.0,0.0,0.0,0.0,0.0,-1.849701121832496,-1.8800942182029305,-1.84970112374244,-6.119951870415809,0.0,0.0,0.0,0.0,0.0,0.0,0.0,0.0,0.0,0.0,-28.0223502334727,0.0,0.0,28.02235997365055,0.0,0.0,0.0,0.0,0.0,0.0,0.0,-32.02235312372654,0.0,32.02236159148282,0.0,0.0,0.0,0.0,0.0,0.0,0.0,0.0,-30.02235173808456,30.022360726984516,0.0,0.0,0.0,-44.45490594646553,0.0,0.0,0.0,0.0,0.0,-16.02235372188829,0.0,0.0,0.0,0.0,0.0,-16.709279174846223,0.0,0.0,0.0,0.0,-6.022279145246636,0.0,0.0,0.0,0.0,0.0,0.0,0.0,0.0,0.1899028242852152,0.0,-0.40122997262831417
5.656565656565657,-4.376472751622951,-1.8490753499397772,-3.7566019151294427,-1.8490753499397772,0.0,0.0,0.0,0.0,0.0,0.0,-1.8496932644953596,-4.300826827991473,-1.8496932644953596,-3.69921373848788,0.0,0.0,0.0,0.0,0.0,0.0,-3.6418255624712237,-1.8490753499605939,-4.224377379687117,-1.8490753499605939,0.0,0.0,0.0,0.0,0.0,0.0,-1.8496932644953596,-1.878300957417148,-1.8496932644953596,-6.121740032450946,0.0,0.0,0.0,0.0,0.0,0.0,0.0,0.0,0.0,0.0,-28.022380089436812,0.0,0.0,28.022388603385092,0.0,0.0,0.0,0.0,0.0,0.0,0.0,-32.02238249235695,0.0,32.02238997755062,0.0,0.0,0.0,0.0,0.0,0.0,0.0,0.0,-30.022381411895875,30.0223892656425,0.0,0.0,0.0,-44.45479305151034,0.0,0.0,0.0,0.0,0.0,-16.022383178598854,0.0,0.0,0.0,0.0,0.0,-16.709296016025718,0.0,0.0,0.0,0.0,-6.022317111532892,0.0,0.0,0.0,0.0,0.0,0.0,0.0,0.0,0.1845885004639336,0.0,-0.3945520418435766
5.757575757575758,-4.372027511759247,-1.8491390547173414,-3.7532261895692476,-1.8491390537458963,0.0,0.0,0.0,0.0,0.0,0.0,-1.849686301977707,-4.300816475104292,-1.8496863029326722,-3.6992195692210608,0.0,0.0,0.0,0.0,0.0,0.0,-3.6452129532141275,-1.8491390537944685,-4.228893784395671,-1.849139052850779,0.0,0.0,0.0,0.0,0.0,0.0,-1.849686301977707,-1.8766130934761545,-1.8496863029326722,-6.1234233755875005,0.0,0.0,0.0,0.0,0.0,0.0,0.0,0.0,0.0,0.0,-28.02240653664316,0.0,0.0,28.02241396389441,0.0,0.0,0.0,0.0,0.0,0.0,0.0,-32.02240847674417,0.0,32.02241510665056,0.0,0.0,0.0,0.0,0.0,0.0,0.0,0.0,-30.022407701156737,30.02241454717918,0.0,0.0,0.0,-44.45469310325728,0.0,0.0,0.0,0.0,0.0,-16.02240927153759,0.0,0.0,0.0,0.0,0.0,-16.709310943205978,0.0,0.0,0.0,0.0,-6.022350745087872,0.0,0.0,0.0,0.0,0.0,0.0,0.0,0.0,0.17948254449687284,0.0,-0.38813928726275093
5.858585858585858,-4.367842019604995,-1.8491954763971696,-3.750048918678417,-1.8491954763971696,0.0,0.0,0.0,0.0,0.0,0.0,-1.849680136294102,-4.30080730456182,-1.8496801372490672,-3.6992247378863614,0.0,0.0,0.0,0.0,0.0,0.0,-3.648400555986142,-1.8491954751134743,-4.233142308823767,-1.8491954760571638,0.0,0.0,0.0,0.0,0.0,0.0,-1.8496801353391368,-1.8750244580167665,-1.8496801372490672,-6.125008007631057,0.0,0.0,0.0,0.0,0.0,0.0,0.0,0.0,0.0,0.0,-28.02242996311123,0.0,0.0,28.022436427619084,0.0,0.0,0.0,0.0,0.0,0.0,0.0,-32.02243177580837,0.0,32.0224375066734,0.0,0.0,0.0,0.0,0.0,0.0,0.0,0.0,-30.02243100138697,30.022436947784914,0.0,0.0,0.0,-44.45460453048007,0.0,0.0,0.0,0.0,0.0,-16.02243238417789,0.0,0.0,0.0,0.0,0.0,-16.709324163002357,0.0,0.0,0.0,0.0,-6.022380539199548,0.0,0.0,0.0,0.0,0.0,0.0,0.0,0.0,0.17457353562733147,0.0,-0.3819768715600247
5.959595959595959,-4.363901240547752,-1.849245447202441,-3.7470584763610315,-1.849245447202441,0.0,0.0,0.0,0.0,0.0,0.0,-1.849674675280462,-4.300799181558926,-1.8496746743254968,-3.6992293132471086,0.0,0.0,0.0,0.0,0.0,0.0,-3.6514001501980475,-1.8492454467999853,-4.237138915952343,-1.8492454467999853,0.0,0.0,0.0,0.0,0.0,0.0,-1.849674675280462,-1.873529238440677,-1.8496746743254968,-6.126499680869329,0.0,0.0,0.0,0.0,0.0,0.0,0.0,0.0,0.0,0.0,-28.022450713162158,0.0,0.0,28.0224563248693,0.0,0.0,0.0,0.0,0.0,0.0,0.0,-32.02245240121785,0.0,32.022457341603,0.0,0.0,0.0,0.0,0.0,0.0,0.0,0.0,-30.02245163687126,30.02245678775182,0.0,0.0,0.0,-44.454526161672966,0.0,0.0,0.0,0.0,0.0,-16.02245285642375,0.0,0.0,0.0,0.0,0.0,-16.709335880721895,0.0,0.0,0.0,0.0,-6.022406931267794,0.0,0.0,0.0,0.0,0.0,0.0,0.0,0.0,0.16985087574958313,0.0,-0.37605105047966436
6.0606060606060606,-4.360190991994917,-1.849289705188606,-3.7442439169907415,-1.849289705188606,0.0,0.0,0.0,0.0,0.0,0.0,-1.849669836711077,-4.300791986609605,-1.8496698386210078,-3.699233366748221,0.0,0.0,0.0,0.0,0.0,0.0,-3.6542228160005297,-1.849289705056767,-4.240898610972932,-1.8492897041130774,0.0,0.0,0.0,0.0,0.0,0.0,-1.849669836711084,-1.8721219580864437,-1.8496698386210144,-6.127903821059042,0.0,0.0,0.0,0.0,0.0,0.0,0.0,0.0,0.0,0.0,-28.022469092422213,0.0,0.0,28.022473948607598,0.0,0.0,0.0,0.0,0.0,0.0,0.0,-32.0224705034224,0.0,32.02247482681365,0.0,0.0,0.0,0.0,0.0,0.0,0.0,0.0,-30.02246990673274,30.02247435679082,0.0,0.0,0.0,-44.454456725409116,0.0,0.0,0.0,0.0,0.0,-16.022470989488735,0.0,0.0,0.0,0.0,0.0,-16.709346256102382,0.0,0.0,0.0,0.0,-6.022430309060361,0.0,0.0,0.0,0.0,0.0,0.0,0.0,0.0,0.16530471604395136,0.0,-0.3703490736341186
6.161616161616162,-4.356697897545808,-1.8493289005612479,-3.741594913109908,-1.8493289005612479,0.0,0.0,0.0,0.0,0.0,0.0,-1.849665553443848,-4.300785613821762,-1.8496655524888896,-3.6992369551139164,0.0,0.0,0.0,0.0,0.0,0.0,-3.65687899752179,-1.8493289015743264,-4.244435499144162,-1.8493289006306368,0.0,0.0,0.0,0.0,0.0,0.0,-1.8496655543988132,-1.8707974583963902,-1.8496655524888896,-6.129225536636238,0.0,0.0,0.0,0.0,0.0,0.0,0.0,0.0,0.0,0.0,-28.022485371495883,0.0,0.0,28.02248955833129,0.0,0.0,0.0,0.0,0.0,0.0,0.0,-32.02248656051821,0.0,32.02249032554846,0.0,0.0,0.0,0.0,0.0,0.0,0.0,0.0,-30.022486091093082,30.022489919157834,0.0,0.0,0.0,-44.45439514631818,0.0,0.0,0.0,0.0,0.0,-16.022487050309376,0.0,0.0,0.0,0.0,0.0,-16.709355448381782,0.0,0.0,0.0,0.0,-6.022451016288151,0.0,0.0,0.0,0.0,0.0,0.0,0.0,0.0,0.1609258921085599,0.0,-0.3648590976186583
6.262626262626262,-4.353409343207243,-1.8493636144527315,-3.7391017655187544,-1.8493636144527315,0.0,0.0,0.0,0.0,0.0,0.0,-1.8496617595312084,-4.300779969357461,-1.84966175857625,-3.6992401355440108,0.0,0.0,0.0,0.0,0.0,0.0,-3.6593785051122762,-1.849363615327032,-4.247762840196151,-1.8493636162707217,0.0,0.0,0.0,0.0,0.0,0.0,-1.84966175857625,-1.869550883068151,-1.84966175857625,-6.130469646311361,0.0,0.0,0.0,0.0,0.0,0.0,0.0,0.0,0.0,0.0,-28.022499789931185,0.0,0.0,28.02250338387015,0.0,0.0,0.0,0.0,0.0,0.0,0.0,-32.02250087754209,0.0,32.02250387284811,0.0,0.0,0.0,0.0,0.0,0.0,0.0,0.0,-30.022500430089572,30.02250370497727,0.0,0.0,0.0,-44.454340725934415,0.0,0.0,0.0,0.0,0.0,-16.022501275452804,0.0,0.0,0.0,0.0,0.0,-16.709363595768707,0.0,0.0,0.0,0.0,-6.022469357583836,0.0,0.0,0.0,0.0,0.0,0.0,0.0,0.0,0.1567058639205532,0.0,-0.35957010503101516
6.363636363636363,-4.350313435728948,-1.8493943584954597,-3.736755317694518,-1.8493943584954597,0.0,0.0,0.0,0.0,0.0,0.0,-1.8496583973987977,-4.3007749700636975,-1.8496583973987977,-3.69924295046814,0.0,0.0,0.0,0.0,0.0,0.0,-3.661730582461137,-1.8493943587556683,-4.25089309947363,-1.8493943596993578,0.0,0.0,0.0,0.0,0.0,0.0,-1.8496583973987977,-1.8683776584530973,-1.8496583973987977,-6.131640686830628,0.0,0.0,0.0,0.0,0.0,0.0,0.0,0.0,0.0,0.0,-28.022512560161033,0.0,0.0,28.022515628956345,0.0,0.0,0.0,0.0,0.0,0.0,0.0,-32.02251353421954,0.0,32.022516061158065,0.0,0.0,0.0,0.0,0.0,0.0,0.0,0.0,-30.022513128270877,30.022515914039197,0.0,0.0,0.0,-44.45429241157307,0.0,0.0,0.0,0.0,0.0,-16.022513874539836,0.0,0.0,0.0,0.0,0.0,-16.709370804319832,0.0,0.0,0.0,0.0,-6.022485602929319,0.0,0.0,0.0,0.0,0.0,0.0,0.0,0.0,0.1526366642523591,0.0,-0.3544718333060859
6.4646464646464645,-4.347398962951249,-1.8494215860767604,-3.73454695692943,-1.8494215851122542,0.0,0.0,0.0,0.0,0.0,0.0,-1.8496554212566785,-4.300770542261327,-1.8496554212566785,-3.6992454429635337,0.0,0.0,0.0,0.0,0.0,0.0,-3.663943929924779,-1.8494215867151387,-4.253837995918386,-1.8494215876622977,0.0,0.0,0.0,0.0,0.0,0.0,-1.8496554212566785,-1.8672734787888035,-1.8496554212566785,-6.132742931445613,0.0,0.0,0.0,0.0,0.0,0.0,0.0,0.0,0.0,0.0,-28.022523870545587,0.0,0.0,28.02252647416477,0.0,0.0,0.0,0.0,0.0,0.0,0.0,-32.02252469056265,0.0,32.02252682934576,0.0,0.0,0.0,0.0,0.0,0.0,0.0,0.0,-30.022524372333486,30.022526726086664,0.0,0.0,0.0,-44.45424965805937,0.0,0.0,0.0,0.0,0.0,-16.02252503328527,0.0,0.0,0.0,0.0,0.0,-16.709377194484922,0.0,0.0,0.0,0.0,-6.022499991576995,0.0,0.0,0.0,0.0,0.0,0.0,0.0,0.0,0.1487108508280155,0.0,-0.34955471224160095
6.565656565656566,-4.344655356171984,-1.8494456989585906,-3.7324685747130992,-1.8494456999230968,0.0,0.0,0.0,0.0,0.0,0.0,-1.8496527843224047,-4.300766620672159,-1.8496527843224047,-3.699247651255785,0.0,0.0,0.0,0.0,0.0,0.0,-3.6660267268007196,-1.8494457000375886,-4.256608547185959,-1.8494457000375886,0.0,0.0,0.0,0.0,0.0,0.0,-1.849652784322408,-1.8662342876636229,-1.849652784322408,-6.133780410471273,0.0,0.0,0.0,0.0,0.0,0.0,0.0,0.0,0.0,0.0,-28.02253388785138,0.0,0.0,28.022536079418348,0.0,0.0,0.0,0.0,0.0,0.0,0.0,-32.02253459096719,0.0,32.022536376148715,0.0,0.0,0.0,0.0,0.0,0.0,0.0,0.0,-30.022534332100292,30.02253630257076,0.0,0.0,0.0,-44.4542118085982,0.0,0.0,0.0,0.0,0.0,-16.02253491622269,0.0,0.0,0.0,0.0,0.0,-16.70938285568561,0.0,0.0,0.0,0.0,-6.022512735525741,0.0,0.0,0.0,0.0,0.0,0.0,0.0,0.0,0.1449214631216167,0.0,-0.34480980458384547
6.666666666666667,-4.342072654362622,-1.84946705503522,-3.7305125344805345,-1.8494670559962567,0.0,0.0,0.0,0.0,0.0,0.0,-1.849650449958752,-4.300763147464418,-1.849650449958752,-3.699249607120654,0.0,0.0,0.0,0.0,0.0,0.0,-3.6679866800108654,-1.8494670569156602,-4.259215111990233,-1.8494670550213421,0.0,0.0,0.0,0.0,0.0,0.0,-1.849650450913714,-1.8652562690762688,-1.849650449958752,-6.134756913853802,0.0,0.0,0.0,0.0,0.0,0.0,0.0,0.0,0.0,0.0,-28.022542759744407,0.0,0.0,28.022544586358197,0.0,0.0,0.0,0.0,0.0,0.0,0.0,-32.02254338875952,0.0,32.02254507357207,0.0,0.0,0.0,0.0,0.0,0.0,0.0,0.0,-30.022543154416272,30.022544784722076,0.0,0.0,0.0,-44.45417832870544,0.0,0.0,0.0,0.0,0.0,-16.02254366912318,0.0,0.0,0.0,0.0,0.0,-16.709387869530364,0.0,0.0,0.0,0.0,-6.022524022609868,0.0,0.0,0.0,0.0,0.0,0.0,0.0,0.0,0.14126198352379382,0.0,-0.34022875500250294
6.767676767676767,-4.339641470261363,-1.8494859676705666,-3.72867164867563,-1.8494859676705666,0.0,0.0,0.0,0.0,0.0,0.0,-1.849648381838595,-4.3007600714041,-1.8496483827935535,-3.69925133817829,0.0,0.0,0.0,0.0,0.0,0.0,-3.6698310303291684,-1.8494859677989361,-4.261667429866778,-1.8494859677989361,0.0,0.0,0.0,0.0,0.0,0.0,-1.849648381838595,-1.864335823256266,-1.8496483827935535,-6.135676012975865,0.0,0.0,0.0,0.0,0.0,0.0,0.0,0.0,0.0,0.0,-28.022550617116476,0.0,0.0,28.022552120499856,0.0,0.0,0.0,0.0,0.0,0.0,0.0,-32.02255116597124,0.0,32.02255256763359,0.0,0.0,0.0,0.0,0.0,0.0,0.0,0.0,-30.022550967049376,30.022552296494272,0.0,0.0,0.0,-44.45414858402625,0.0,0.0,0.0,0.0,0.0,-16.02255142112573,0.0,0.0,0.0,0.0,0.0,-16.709392305483977,0.0,0.0,0.0,0.0,-6.022534019245725,0.0,0.0,0.0,0.0,0.0,0.0,0.0,0.0,0.13772630315725398,0.0,-0.33580374312128236
6.8686868686868685,-4.337352958187074,-1.8495027168802247,-3.7269391437444455,-1.8495027168802247,0.0,0.0,0.0,0.0,0.0,0.0,-1.8496465503767126,-4.300757347103592,-1.849646551331671,-3.6992528712074124,0.0,0.0,0.0,0.0,0.0,0.0,-3.6715666023000306,-1.8495027163459299,-4.263974658524905,-1.8495027163459299,0.0,0.0,0.0,0.0,0.0,0.0,-1.8496465503767126,-1.8634695702141761,-1.849646551331671,-6.136541074948555,0.0,0.0,0.0,0.0,0.0,0.0,0.0,0.0,0.0,0.0,-28.022557575961326,0.0,0.0,28.02255879305112,0.0,0.0,0.0,0.0,0.0,0.0,0.0,-32.022558037980865,0.0,32.022558969233316,0.0,0.0,0.0,0.0,0.0,0.0,0.0,0.0,-30.02255788551313,30.022558948854993,0.0,0.0,0.0,-44.454122300606336,0.0,0.0,0.0,0.0,0.0,-16.022558286624406,0.0,0.0,0.0,0.0,0.0,-16.709396247910703,0.0,0.0,0.0,0.0,-6.022542872869303,0.0,0.0,0.0,0.0,0.0,0.0,0.0,0.0,0.13430868949643182,0.0,-0.3315274403302426
6.96969696969697,-4.335198783563671,-1.849517550153723,-3.7253086506428,-1.8495175520757967,0.0,0.0,0.0,0.0,0.0,0.0,-1.849644927730922,-4.300754934356988,-1.8496449296408388,-3.69925423169736,0.0,0.0,0.0,0.0,0.0,0.0,-3.6731998128217147,-1.849517550812918,-4.2661454089203135,-1.8495175498622896,0.0,0.0,0.0,0.0,0.0,0.0,-1.8496449296408388,-1.8626543246746667,-1.8496449296408388,-6.13735526937643,0.0,0.0,0.0,0.0,0.0,0.0,0.0,0.0,0.0,0.0,-28.022563738980068,0.0,0.0,28.02256470249656,0.0,0.0,0.0,0.0,0.0,0.0,0.0,-32.022564134255965,0.0,32.02256507284093,0.0,0.0,0.0,0.0,0.0,0.0,0.0,0.0,-30.022564013318632,30.02256484069379,0.0,0.0,0.0,-44.4540989999962,0.0,0.0,0.0,0.0,0.0,-16.02256436695005,0.0,0.0,0.0,0.0,0.0,-16.709399726188273,0.0,0.0,0.0,0.0,-6.022550714094849,0.0,0.0,0.0,0.0,0.0,0.0,0.0,0.0,0.13100375746005755,0.0,-0.327392972926388
7.070707070707071,-4.333171094064725,-1.849530686510309,-3.7237741668007254,-1.849530686510309,0.0,0.0,0.0,0.0,0.0,0.0,-1.8496434914231807,-4.300752797550258,-1.849643492378139,-3.6992554329462415,0.0,0.0,0.0,0.0,0.0,0.0,-3.674736698992126,-1.8495306875095097,-4.26818777816973,-1.8495306865623506,0.0,0.0,0.0,0.0,0.0,0.0,-1.849643492378139,-1.8618870844066648,-1.849643492378139,-6.138121574265427,0.0,0.0,0.0,0.0,0.0,0.0,0.0,0.0,0.0,0.0,-28.022569197121996,0.0,0.0,28.022569936061466,0.0,0.0,0.0,0.0,0.0,0.0,0.0,-32.02256954157125,0.0,32.02257005345849,0.0,0.0,0.0,0.0,0.0,0.0,0.0,0.0,-30.022569440676964,30.022570058866897,0.0,0.0,0.0,-44.45407840156562,0.0,0.0,0.0,0.0,0.0,-16.022569751862818,0.0,0.0,0.0,0.0,0.0,-16.709402810075442,0.0,0.0,0.0,0.0,-6.022557658627729,0.0,0.0,0.0,0.0,0.0,0.0,0.0,0.0,0.12780644452481393,0.0,-0.3233938849767082
7.171717171717171,-4.331262492288102,-1.8495423208149397,-3.7223300520840277,-1.8495423208149397,0.0,0.0,0.0,0.0,0.0,0.0,-1.8496422193885502,-4.300750905137249,-1.8496422203435088,-3.699256498627569,0.0,0.0,0.0,0.0,0.0,0.0,-3.676182944573753,-1.8495423199128835,-4.270109380508785,-1.8495423199128835,0.0,0.0,0.0,0.0,0.0,0.0,-1.8496422193885502,-1.8611650252626368,-1.8496422203435088,-6.138842805891096,0.0,0.0,0.0,0.0,0.0,0.0,0.0,0.0,0.0,0.0,-28.02257403097857,0.0,0.0,28.02257457102273,0.0,0.0,0.0,0.0,0.0,0.0,0.0,-32.02257432359163,0.0,32.02257466250166,0.0,0.0,0.0,0.0,0.0,0.0,0.0,0.0,-30.022574246910004,30.02257468001641,0.0,0.0,0.0,-44.45406014129253,0.0,0.0,0.0,0.0,0.0,-16.022574520870354,0.0,0.0,0.0,0.0,0.0,-16.709405544106428,0.0,0.0,0.0,0.0,-6.022563808961599,0.0,0.0,0.0,0.0,0.0,0.0,0.0,0.0,0.12471198472877032,0.0,-0.31952410878277604
7.2727272727272725,-4.329466009898169,-1.849552623623893,-3.7209709874697072,-1.8495526245849299,0.0,0.0,0.0,0.0,0.0,0.0,-1.8496410945938144,-4.300749229175267,-1.8496410945938144,-3.6992574443337696,0.0,0.0,0.0,0.0,0.0,0.0,-3.67754390130301,-1.849552624865955,-4.27191737630353,-1.8495526239170612,0.0,0.0,0.0,0.0,0.0,0.0,-1.8496410945938144,-1.8604854943296267,-1.8496410945938144,-6.139521607681635,0.0,0.0,0.0,0.0,0.0,0.0,0.0,0.0,0.0,0.0,-28.022578311945843,0.0,0.0,28.02257867583373,0.0,0.0,0.0,0.0,0.0,0.0,0.0,-32.022578554460246,0.0,32.02257874226333,0.0,0.0,0.0,0.0,0.0,0.0,0.0,0.0,-30.022578503201206,30.02257877248938,0.0,0.0,0.0,-44.454043945551334,0.0,0.0,0.0,0.0,0.0,-16.022578744395098,0.0,0.0,0.0,0.0,0.0,-16.709407967126445,0.0,0.0,0.0,0.0,-6.022569255885069,0.0,0.0,0.0,0.0,0.0,0.0,0.0,0.0,0.12171588926329635,0.0,-0.3157779343877787
7.373737373737374,-4.327775083192223,-1.8495617470828258,-3.7196919656385528,-1.8495617470828258,0.0,0.0,0.0,0.0,0.0,0.0,-1.8496400963045556,-4.300747744914318,-1.8496400963045556,-3.6992582782546335,0.0,0.0,0.0,0.0,0.0,0.0,-3.678824591861821,-1.8495617480317195,-4.273618499346307,-1.8495617480317195,0.0,0.0,0.0,0.0,0.0,0.0,-1.8496400963045556,-1.8598459830454053,-1.8496400963045556,-6.140160467819821,0.0,0.0,0.0,0.0,0.0,0.0,0.0,0.0,0.0,0.0,-28.02258210324189,0.0,0.0,28.022582311115464,0.0,0.0,0.0,0.0,0.0,0.0,0.0,-32.02258230582021,0.0,32.02258235757701,0.0,0.0,0.0,0.0,0.0,0.0,0.0,0.0,-30.022582272872864,30.022582396958914,0.0,0.0,0.0,-44.45402963379025,0.0,0.0,0.0,0.0,0.0,-16.022582484811696,0.0,0.0,0.0,0.0,0.0,-16.709410104684302,0.0,0.0,0.0,0.0,-6.022574079817074,0.0,0.0,0.0,0.0,0.0,0.0,0.0,0.0,0.11881392462942397,0.0,-0.3121499840032238
7.474747474747475,-4.326183529980085,-1.8495698282609137,-3.7184882816614087,-1.8495698282609137,0.0,0.0,0.0,0.0,0.0,0.0,-1.849639213331987,-4.300746430433239,-1.849639213331987,-3.69925901812144,0.0,0.0,0.0,0.0,0.0,0.0,-3.6800297581376236,-1.8495698273571226,-4.275219082465476,-1.8495698273571226,0.0,0.0,0.0,0.0,0.0,0.0,-1.849639213331987,-1.8592441394847214,-1.849639213331987,-6.140761736906447,0.0,0.0,0.0,0.0,0.0,0.0,0.0,0.0,0.0,0.0,-28.02258546085366,0.0,0.0,28.022585530557567,0.0,0.0,0.0,0.0,0.0,0.0,0.0,-32.022585630085906,0.0,32.022585787880224,0.0,0.0,0.0,0.0,0.0,0.0,0.0,0.0,-30.02258561144039,30.02258560687889,0.0,0.0,0.0,-44.454016950133685,0.0,0.0,0.0,0.0,0.0,-16.022585797366833,0.0,0.0,0.0,0.0,0.0,-16.709412003864607,0.0,0.0,0.0,0.0,-6.0225783519892495,0.0,0.0,0.0,0.0,0.0,0.0,0.0,0.0,0.11600209643206072,0.0,-0.30863518792750844
7.575757575757575,-4.324685527754349,-1.849576984165255,-3.717355495907321,-1.849576984165255,0.0,0.0,0.0,0.0,0.0,0.0,-1.8496384305549878,-4.300745266315249,-1.849638429600031,-3.6992596747556106,0.0,0.0,0.0,0.0,0.0,0.0,-3.6811638514464704,-1.8495769845121997,-4.276725081582556,-1.8495769845121997,0.0,0.0,0.0,0.0,0.0,0.0,-1.8496384305549878,-1.8586777491469215,-1.849638429600031,-6.141327619892367,0.0,0.0,0.0,0.0,0.0,0.0,0.0,0.0,0.0,0.0,-28.02258843438122,0.0,0.0,28.022588381719018,0.0,0.0,0.0,0.0,0.0,0.0,0.0,-32.022588571271534,0.0,32.02258862287072,0.0,0.0,0.0,0.0,0.0,0.0,0.0,0.0,-30.022588567957015,30.022588449534876,0.0,0.0,0.0,-44.45400573625391,0.0,0.0,0.0,0.0,0.0,-16.02258873099303,0.0,0.0,0.0,0.0,0.0,-16.709413687571182,0.0,0.0,0.0,0.0,-6.022582135493765,0.0,0.0,0.0,0.0,0.0,0.0,0.0,0.0,0.11327663061375115,0.0,-0.3052287619251248
7.6767676767676765,-4.323275593052372,-1.8495833214258324,-3.716289443020729,-1.8495833214258324,0.0,0.0,0.0,0.0,0.0,0.0,-1.8496377364635632,-4.300744235363937,-1.84963773741852,-3.6992602537862593,0.0,0.0,0.0,0.0,0.0,0.0,-3.6822310643808143,-1.849583320336426,-4.278142098317408,-1.849583320336426,0.0,0.0,0.0,0.0,0.0,0.0,-1.8496377364635632,-1.858144720531484,-1.84963773741852,-6.141860196711293,0.0,0.0,0.0,0.0,0.0,0.0,0.0,0.0,0.0,0.0,-28.022591067757766,0.0,0.0,28.022590906723238,0.0,0.0,0.0,0.0,0.0,0.0,0.0,-32.022591175093005,0.0,32.02259090556322,0.0,0.0,0.0,0.0,0.0,0.0,0.0,0.0,-30.02259118621588,30.022590966980253,0.0,0.0,0.0,-44.453995762459854,0.0,0.0,0.0,0.0,0.0,-16.0225913290285,0.0,0.0,0.0,0.0,0.0,-16.709415172724242,0.0,0.0,0.0,0.0,-6.022585486212296,0.0,0.0,0.0,0.0,0.0,0.0,0.0,0.0,0.1106339603124118,0.0,-0.30192618844654406
7.777777777777778,-4.321948561978803,-1.8495889328694337,-3.7152861880850043,-1.849588933828736,0.0,0.0,0.0,0.0,0.0,0.0,-1.849637123073498,-4.300743322349381,-1.849637123073498,-3.69926076884892,0.0,0.0,0.0,0.0,0.0,0.0,-3.683235346519168,-1.8495889333881161,-4.279475401214317,-1.8495889333881161,0.0,0.0,0.0,0.0,0.0,0.0,-1.8496371230734965,-1.8576430945989935,-1.8496371230734965,-6.1423614248087155,0.0,0.0,0.0,0.0,0.0,0.0,0.0,0.0,0.0,0.0,-28.022593399885704,0.0,0.0,28.02259314287343,0.0,0.0,0.0,0.0,0.0,0.0,0.0,-32.02259348278832,0.0,32.02259335703132,0.0,0.0,0.0,0.0,0.0,0.0,0.0,0.0,-30.022593505045045,30.022593196481054,0.0,0.0,0.0,-44.45398695704147,0.0,0.0,0.0,0.0,0.0,-16.022593629855724,0.0,0.0,0.0,0.0,0.0,-16.709416493562443,0.0,0.0,0.0,0.0,-6.0225884536389165,0.0,0.0,0.0,0.0,0.0,0.0,0.0,0.0,0.10807071059576456,0.0,-0.2987231968974713
7.878787878787879,-4.320699571798426,-1.8495939039606808,-3.7143420373569187,-1.8495939020438112,0.0,0.0,0.0,0.0,0.0,0.0,-1.8496365801210217,-4.300742513782548,-1.8496365791660667,-3.6992612223352572,0.0,0.0,0.0,0.0,0.0,0.0,-3.6841804087195396,-1.8495939036865945,-4.2807299456913,-1.8495939036865945,0.0,0.0,0.0,0.0,0.0,0.0,-1.8496365810759778,-1.8571710198639582,-1.8496365791660658,-6.142833144573189,0.0,0.0,0.0,0.0,0.0,0.0,0.0,0.0,0.0,0.0,-28.0225954652176,0.0,0.0,28.022595123206738,0.0,0.0,0.0,0.0,0.0,0.0,0.0,-32.02259552684799,0.0,32.02259532672851,0.0,0.0,0.0,0.0,0.0,0.0,0.0,0.0,-30.022595558623408,30.0225951709376,0.0,0.0,0.0,-44.453979180038715,0.0,0.0,0.0,0.0,0.0,-16.02259566746867,0.0,0.0,0.0,0.0,0.0,-16.709417660538374,0.0,0.0,0.0,0.0,-6.022591081609535,0.0,0.0,0.0,0.0,0.0,0.0,0.0,0.0,0.10558368587244849,0.0,-0.2956157474122423
7.979797979797979,-4.319524043580256,-1.8495983051414895,-3.7134535133889757,-1.8495983051414895,0.0,0.0,0.0,0.0,0.0,0.0,-1.8496360988157796,-4.300741797716212,-1.8496360988157796,-3.6992616262683935,0.0,0.0,0.0,0.0,0.0,0.0,-3.68506973983003,-1.8495983034362562,-4.2819103927612545,-1.8495983043868847,0.0,0.0,0.0,0.0,0.0,0.0,-1.8496360988157796,-1.856726755190558,-1.8496360988157796,-6.143277096261882,0.0,0.0,0.0,0.0,0.0,0.0,0.0,0.0,0.0,0.0,-28.022597294271623,0.0,0.0,28.022596876985407,0.0,0.0,0.0,0.0,0.0,0.0,0.0,-32.022597336003386,0.0,32.022597070557886,0.0,0.0,0.0,0.0,0.0,0.0,0.0,0.0,-30.022597377213298,30.022596919484197,0.0,0.0,0.0,-44.453972281460196,0.0,0.0,0.0,0.0,0.0,-16.022597471975047,0.0,0.0,0.0,0.0,0.0,-16.70941868855992,0.0,0.0,0.0,0.0,-6.022593408948669,0.0,0.0,0.0,0.0,0.0,0.0,0.0,0.0,0.1031698581722279,0.0,-0.2926000152881497
8.080808080808081,-4.31841766579226,-1.8496022026713577,-3.7126173385582106,-1.8496022026713577,0.0,0.0,0.0,0.0,0.0,0.0,-1.8496356736915527,-4.30074116356939,-1.8496356736915527,-3.699261984040388,0.0,0.0,0.0,0.0,0.0,0.0,-3.6859066330670323,-1.8496022034450443,-4.283021126644596,-1.8496022034450443,0.0,0.0,0.0,0.0,0.0,0.0,-1.8496356736915536,-1.8563086687766175,-1.8496356736915536,-6.143694907353302,0.0,0.0,0.0,0.0,0.0,0.0,0.0,0.0,0.0,0.0,-28.022598914077427,0.0,0.0,28.0225984301261,0.0,0.0,0.0,0.0,0.0,0.0,0.0,-32.02259893807461,0.0,32.02259861483129,0.0,0.0,0.0,0.0,0.0,0.0,0.0,0.0,-30.022598987741844,30.022598467986263,0.0,0.0,0.0,-44.45396610242863,0.0,0.0,0.0,0.0,0.0,-16.022599070040034,0.0,0.0,0.0,0.0,0.0,-16.709419603663868,0.0,0.0,0.0,0.0,-6.022595470042308,0.0,0.0,0.0,0.0,0.0,0.0,0.0,0.0,0.10082635646703475,0.0,-0.28967237613274077
8.181818181818182,-4.3173763788571105,-1.849605654387701,-3.7118304251262253,-1.849605654387701,0.0,0.0,0.0,0.0,0.0,0.0,-1.8496352958690778,-4.300740601971529,-1.8496352949141217,-3.6992622998568154,0.0,0.0,0.0,0.0,0.0,0.0,-3.68669417450708,-1.8496056552862878,-4.284066271304648,-1.8496056552862878,0.0,0.0,0.0,0.0,0.0,0.0,-1.8496352949141217,-1.8559152132706749,-1.8496352949141217,-6.144088117169411,0.0,0.0,0.0,0.0,0.0,0.0,0.0,0.0,0.0,0.0,-28.02260034857054,0.0,0.0,28.022599805579834,0.0,0.0,0.0,0.0,0.0,0.0,0.0,-32.022600357495065,0.0,32.02259998274871,0.0,0.0,0.0,0.0,0.0,0.0,0.0,0.0,-30.02260041405231,30.02259983934867,0.0,0.0,0.0,-44.453960703889855,0.0,0.0,0.0,0.0,0.0,-16.022600485278723,0.0,0.0,0.0,0.0,0.0,-16.709420422792217,0.0,0.0,0.0,0.0,-6.022597295344711,0.0,0.0,0.0,0.0,0.0,0.0,0.0,0.0,0.09855045581333433,0.0,-0.2868293938838168
8.282828282828282,-4.316396360542346,-1.8496087105124988,-3.7110898774353474,-1.8496087105124988,0.0,0.0,0.0,0.0,0.0,0.0,-1.8496349596941701,-4.300740104623735,-1.8496349596941701,-3.6992625776887,0.0,0.0,0.0,0.0,0.0,0.0,-3.687435278402346,-1.8496087119696665,-4.285049705982091,-1.849608711019038,0.0,0.0,0.0,0.0,0.0,0.0,-1.8496349606491254,-1.8555449400484583,-1.8496349596941692,-6.144458171916871,0.0,0.0,0.0,0.0,0.0,0.0,0.0,0.0,0.0,0.0,-28.022601618948066,0.0,0.0,28.022601023672173,0.0,0.0,0.0,0.0,0.0,0.0,0.0,-32.022601614529286,0.0,32.0226011941694,0.0,0.0,0.0,0.0,0.0,0.0,0.0,0.0,-30.02260167718674,30.022601053819468,0.0,0.0,0.0,-44.45395585520016,0.0,0.0,0.0,0.0,0.0,-16.022601738605,0.0,0.0,0.0,0.0,0.0,-16.709421133435058,0.0,0.0,0.0,0.0,-6.022598911827262,0.0,0.0,0.0,0.0,0.0,0.0,0.0,0.0,0.0963395697418934,0.0,-0.28406780762380013
8.383838383838384,-4.315474012208353,-1.8496114185424795,-3.710392967933886,-1.8496114185424795,0.0,0.0,0.0,0.0,0.0,0.0,-1.849634665561393,-4.300739664176029,-1.8496346646064372,-3.699262827874796,0.0,0.0,0.0,0.0,0.0,0.0,-3.688132688541533,-1.8496114197108158,-4.2859750798108704,-1.8496114197108158,0.0,0.0,0.0,0.0,0.0,0.0,-1.849634665561393,-1.8551964848462428,-1.8496346646064372,-6.144806435983638,0.0,0.0,0.0,0.0,0.0,0.0,0.0,0.0,0.0,0.0,-28.022602743984503,0.0,0.0,28.022602102404953,0.0,0.0,0.0,0.0,0.0,0.0,0.0,-32.022602727376686,0.0,32.02260226680767,0.0,0.0,0.0,0.0,0.0,0.0,0.0,0.0,-30.02260279578865,30.02260212933499,0.0,0.0,0.0,-44.45395166108519,0.0,0.0,0.0,0.0,0.0,-16.022602848540973,0.0,0.0,0.0,0.0,0.0,-16.70942176943975,0.0,0.0,0.0,0.0,-6.022600343376698,0.0,0.0,0.0,0.0,0.0,0.0,0.0,0.0,0.0941912390271804,0.0,-0.28138452046362616
8.484848484848484,-4.314605945836964,-1.8496138159259865,-3.7097371215046375,-1.8496138159259865,0.0,0.0,0.0,0.0,0.0,0.0,-1.8496344026884033,-4.30073927411902,-1.8496344026884033,-3.699263046039678,0.0,0.0,0.0,0.0,0.0,0.0,-3.688788973217443,-1.8496138159138436,-4.286845825525986,-1.8496138159138436,0.0,0.0,0.0,0.0,0.0,0.0,-1.8496344026884033,-1.8548685600838506,-1.8496344026884033,-6.145134188930234,0.0,0.0,0.0,0.0,0.0,0.0,0.0,0.0,0.0,0.0,-28.022603740307577,0.0,0.0,28.022603057721387,0.0,0.0,0.0,0.0,0.0,0.0,0.0,-32.022603712937496,0.0,32.02260321674297,0.0,0.0,0.0,0.0,0.0,0.0,0.0,0.0,-30.02260378641274,30.022603081801925,0.0,0.0,0.0,-44.45394787926123,0.0,0.0,0.0,0.0,0.0,-16.02260383149068,0.0,0.0,0.0,0.0,0.0,-16.709422336938886,0.0,0.0,0.0,0.0,-6.022601611148127,0.0,0.0,0.0,0.0,0.0,0.0,0.0,0.0,0.09210312625421158,0.0,-0.278776590140542
8.585858585858587,-4.313788971786053,-1.8496159392448683,-3.7091199204539533,-1.8496159392448683,0.0,0.0,0.0,0.0,0.0,0.0,-1.8496341700926882,-4.300738928688011,-1.849634171047644,-3.6992632397679204,0.0,0.0,0.0,0.0,0.0,0.0,-3.6894065633943582,-1.8496159392075717,-4.287665172372432,-1.8496159382552086,0.0,0.0,0.0,0.0,0.0,0.0,-1.8496341710476432,-1.8545599596063753,-1.8496341710476432,-6.145442638731722,0.0,0.0,0.0,0.0,0.0,0.0,0.0,0.0,0.0,0.0,-28.022604622642145,0.0,0.0,28.02260390374049,0.0,0.0,0.0,0.0,0.0,0.0,0.0,-32.022604585956266,0.0,32.02260405810418,0.0,0.0,0.0,0.0,0.0,0.0,0.0,0.0,-30.02260466371218,30.022603925303464,0.0,0.0,0.0,-44.45394454722026,0.0,0.0,0.0,0.0,0.0,-16.022604701981702,0.0,0.0,0.0,0.0,0.0,-16.70942283646906,0.0,0.0,0.0,0.0,-6.0226027338773225,0.0,0.0,0.0,0.0,0.0,0.0,0.0,0.0,0.09007300734963086,0.0,-0.2762412184050683
8.686868686868687,-4.313020087256224,-1.8496178202072682,-3.7085390889859613,-1.8496178202072682,0.0,0.0,0.0,0.0,0.0,0.0,-1.8496339651034588,-4.300738622777789,-1.8496339651034588,-3.699263414222494,0.0,0.0,0.0,0.0,0.0,0.0,-3.6899877398459404,-1.8496178191239332,-4.288436158220513,-1.8496178200762965,0.0,0.0,0.0,0.0,0.0,0.0,-1.8496339651034583,-1.8542695433756295,-1.8496339651034583,-6.145732921664499,0.0,0.0,0.0,0.0,0.0,0.0,0.0,0.0,0.0,0.0,-28.022605404028393,0.0,0.0,28.02260465296598,0.0,0.0,0.0,0.0,0.0,0.0,0.0,-32.022605359053244,0.0,32.022604575650746,0.0,0.0,0.0,0.0,0.0,0.0,0.0,0.0,-30.022605440638795,30.022604672299135,0.0,0.0,0.0,-44.45394158431757,0.0,0.0,0.0,0.0,0.0,-16.022605472879473,0.0,0.0,0.0,0.0,0.0,-16.70942327430871,0.0,0.0,0.0,0.0,-6.022603728157009,0.0,0.0,0.0,0.0,0.0,0.0,0.0,0.0,0.08809876456822296,0.0,-0.2737757427047349
8.787878787878787,-4.312296465414957,-1.8496194847299545,-3.707992482977242,-1.8496194847299545,0.0,0.0,0.0,0.0,0.0,0.0,-1.8496337833362864,-4.300738351867045,-1.8496337823813314,-3.6992635663643005,0.0,0.0,0.0,0.0,0.0,0.0,-3.690534650220567,-1.8496194854706813,-4.289161640963838,-1.8496194854706813,0.0,0.0,0.0,0.0,0.0,0.0,-1.8496337833362864,-1.8539962422190204,-1.8496337823813314,-6.146006105070732,0.0,0.0,0.0,0.0,0.0,0.0,0.0,0.0,0.0,0.0,-28.022606096015192,0.0,0.0,28.022605316471445,0.0,0.0,0.0,0.0,0.0,0.0,0.0,-32.0226060435767,0.0,32.02260546295883,0.0,0.0,0.0,0.0,0.0,0.0,0.0,0.0,-30.022606128669196,30.022605333826395,0.0,0.0,0.0,-44.45393901995781,0.0,0.0,0.0,0.0,0.0,-16.02260615557777,0.0,0.0,0.0,0.0,0.0,-16.709423668394123,0.0,0.0,0.0,0.0,-6.022604608681794,0.0,0.0,0.0,0.0,0.0,0.0,0.0,0.0,0.08617838085679674,0.0,-0.2713776279771041
8.88888888888889,-4.311615445143532,-1.84962095890924,-3.7074780878942892,-1.84962095890924,0.0,0.0,0.0,0.0,0.0,0.0,-1.8496336224904792,-4.300738111951605,-1.8496336205805686,-3.6992637001865782,0.0,0.0,0.0,0.0,0.0,0.0,-3.6910493151250114,-1.849620960258855,-4.289844309222565,-1.8496209593056243,0.0,0.0,0.0,0.0,0.0,0.0,-1.849633622490479,-1.8537390453922489,-1.8496336205805683,-6.146263196819151,0.0,0.0,0.0,0.0,0.0,0.0,0.0,0.0,0.0,0.0,-28.02260670883058,0.0,0.0,28.022605904063923,0.0,0.0,0.0,0.0,0.0,0.0,0.0,-32.02260664981696,0.0,32.02260581972945,0.0,0.0,0.0,0.0,0.0,0.0,0.0,0.0,-30.022606737981626,30.022605919667402,0.0,0.0,0.0,-44.45393670941106,0.0,0.0,0.0,0.0,0.0,-16.02260676016719,0.0,0.0,0.0,0.0,0.0,-16.709424011377603,0.0,0.0,0.0,0.0,-6.02260538846543,0.0,0.0,0.0,0.0,0.0,0.0,0.0,0.0,0.08430993288927047,0.0,-0.26904445856595904
8.98989898989899,-4.310974521381551,-1.8496222646668254,-3.7069940066339697,-1.8496222656243928,0.0,0.0,0.0,0.0,0.0,0.0,-1.8496334775544347,-4.300737899485381,-1.8496334775544347,-3.699263820945425,0.0,0.0,0.0,0.0,0.0,0.0,-3.691533630886118,-1.8496222646043754,-4.290486692419549,-1.849622265557606,0.0,0.0,0.0,0.0,0.0,0.0,-1.8496334775544347,-1.8534970034239406,-1.8496334775544347,-6.146505145226493,0.0,0.0,0.0,0.0,0.0,0.0,0.0,0.0,0.0,0.0,-28.022607251532385,0.0,0.0,28.022606424428506,0.0,0.0,0.0,0.0,0.0,0.0,0.0,-32.02260718676434,0.0,32.02260656475112,0.0,0.0,0.0,0.0,0.0,0.0,0.0,0.0,-30.022607277585323,30.022606438482935,0.0,0.0,0.0,-44.45393461881588,0.0,0.0,0.0,0.0,0.0,-16.022607295584123,0.0,0.0,0.0,0.0,0.0,-16.709424324563674,0.0,0.0,0.0,0.0,-6.022606079033184,0.0,0.0,0.0,0.0,0.0,0.0,0.0,0.0,0.08249158721211625,0.0,-0.26677393220007894
9.09090909090909,-4.31037133601965,-1.8496234213093155,-3.706538453541325,-1.8496234222668828,0.0,0.0,0.0,0.0,0.0,0.0,-1.8496333522474955,-4.300737711327984,-1.8496333512925403,-3.6992639265299854,0.0,0.0,0.0,0.0,0.0,0.0,-3.691989397578734,-1.8496234215617178,-4.291091170237175,-1.8496234215617178,0.0,0.0,0.0,0.0,0.0,0.0,-1.8496333512925396,-1.8532692271427715,-1.8496333512925396,-6.146732839942781,0.0,0.0,0.0,0.0,0.0,0.0,0.0,0.0,0.0,0.0,-28.02260773214209,0.0,0.0,28.0226068852566,0.0,0.0,0.0,0.0,0.0,0.0,0.0,-32.022607662251566,0.0,32.022606795483675,0.0,0.0,0.0,0.0,0.0,0.0,0.0,0.0,-30.02260775545059,30.022606897938797,0.0,0.0,0.0,-44.45393282551966,0.0,0.0,0.0,0.0,0.0,-16.022607769742454,0.0,0.0,0.0,0.0,0.0,-16.709424599462,0.0,0.0,0.0,0.0,-6.022606690591929,0.0,0.0,0.0,0.0,0.0,0.0,0.0,0.0,0.08072159325689388,0.0,-0.26456385211932887
9.191919191919192,-4.309803669319545,-1.84962444535388,-3.706109746910366,-1.84962444535388,0.0,0.0,0.0,0.0,0.0,0.0,-1.8496332399052398,-4.300737544698296,-1.8496332389502845,-3.6992640208006224,0.0,0.0,0.0,0.0,0.0,0.0,-3.692418291377682,-1.849624446325325,-4.291659981518238,-1.8496244472785557,0.0,0.0,0.0,0.0,0.0,0.0,-1.8496332389502839,-1.8530548742922401,-1.8496332389502839,-6.146947119529183,0.0,0.0,0.0,0.0,0.0,0.0,0.0,0.0,0.0,0.0,-28.02260815776359,0.0,0.0,28.02260729335968,0.0,0.0,0.0,0.0,0.0,0.0,0.0,-32.02260808329908,0.0,32.02260742883408,0.0,0.0,0.0,0.0,0.0,0.0,0.0,0.0,-30.022608178639288,30.022607304825492,0.0,0.0,0.0,-44.453931176838225,0.0,0.0,0.0,0.0,0.0,-16.022608189650647,0.0,0.0,0.0,0.0,0.0,-16.70942484092927,0.0,0.0,0.0,0.0,-6.022607232180862,0.0,0.0,0.0,0.0,0.0,0.0,0.0,0.0,0.07899828017958466,0.0,-0.2624121219034492
9.292929292929292,-4.309269431830229,-1.8496253514728098,-3.7057063057028414,-1.8496253524295099,0.0,0.0,0.0,0.0,0.0,0.0,-1.8496331406548612,-4.300737397133324,-1.8496331406548612,-3.699264103056777,0.0,0.0,0.0,0.0,0.0,0.0,-3.692821900353784,-1.8496253524173667,-4.292195232629901,-1.8496253533705973,0.0,0.0,0.0,0.0,0.0,0.0,-1.8496331406548612,-1.852853152381501,-1.8496331406548612,-6.14714877617804,0.0,0.0,0.0,0.0,0.0,0.0,0.0,0.0,0.0,0.0,-28.02260853468807,0.0,0.0,28.022607654770056,0.0,0.0,0.0,0.0,0.0,0.0,0.0,-32.02260845619172,0.0,32.02260756069422,0.0,0.0,0.0,0.0,0.0,0.0,0.0,0.0,-30.022608553409942,30.022607665158947,0.0,0.0,0.0,-44.45392974571331,0.0,0.0,0.0,0.0,0.0,-16.02260856151547,0.0,0.0,0.0,0.0,0.0,-16.709425046081495,0.0,0.0,0.0,0.0,-6.022607711805028,0.0,0.0,0.0,0.0,0.0,0.0,0.0,0.0,0.07732005140835552,0.0,-0.2603167397578765
9.393939393939394,-4.308766656777735,-1.8496261555084674,-3.705326639923991,-1.8496261555084674,0.0,0.0,0.0,0.0,0.0,0.0,-1.849633054718254,-4.300737266451866,-1.8496330528083438,-3.6992641775620663,0.0,0.0,0.0,0.0,0.0,0.0,-3.6932017151141556,-1.8496261557547982,-4.2926989053315365,-1.8496261576612592,0.0,0.0,0.0,0.0,0.0,0.0,-1.8496330528083431,-1.8526633196279192,-1.8496330528083431,-6.147338551844664,0.0,0.0,0.0,0.0,0.0,0.0,0.0,0.0,0.0,0.0,-28.022608868487062,0.0,0.0,28.022607974829924,0.0,0.0,0.0,0.0,0.0,0.0,0.0,-32.02260878644035,0.0,32.02260787897891,0.0,0.0,0.0,0.0,0.0,0.0,0.0,0.0,-30.02260888530285,30.022607984265775,0.0,0.0,0.0,-44.45392848940669,0.0,0.0,0.0,0.0,0.0,-16.022608890833666,0.0,0.0,0.0,0.0,0.0,-16.70942523666262,0.0,0.0,0.0,0.0,-6.0226081365537505,0.0,0.0,0.0,0.0,0.0,0.0,0.0,0.0,0.07568538107002865,0.0,-0.25827579235547515
9.494949494949495,-4.308293492885987,-1.849626866158756,-3.70496934707764,-1.849626866158756,0.0,0.0,0.0,0.0,0.0,0.0,-1.84963297571649,-4.300737150722262,-1.8496329738065793,-3.6992642401532327,0.0,0.0,0.0,0.0,0.0,0.0,-3.693559135290077,-1.849626867086833,-4.293172864168124,-1.849626867086833,0.0,0.0,0.0,0.0,0.0,0.0,-1.84963297571649,-1.852484674441576,-1.8496329738065793,-6.147517145844045,0.0,0.0,0.0,0.0,0.0,0.0,0.0,0.0,0.0,0.0,-28.02260916409462,0.0,0.0,28.022608258270306,0.0,0.0,0.0,0.0,0.0,0.0,0.0,-32.02260907889097,0.0,32.02260838837513,0.0,0.0,0.0,0.0,0.0,0.0,0.0,0.0,-30.022609179221963,30.02260826686193,0.0,0.0,0.0,-44.45392736355724,0.0,0.0,0.0,0.0,0.0,-16.0226091824731,0.0,0.0,0.0,0.0,0.0,-16.70942540579528,0.0,0.0,0.0,0.0,-6.0226085127053555,0.0,0.0,0.0,0.0,0.0,0.0,0.0,0.0,0.07409280991695077,0.0,-0.25628745118667917
9.595959595959595,-4.307848197623952,-1.8496274968942372,-3.704633115636947,-1.8496274978505034,0.0,0.0,0.0,0.0,0.0,0.0,-1.8496329059395178,-4.300737048233769,-1.8496329059395178,-3.699264299230002,0.0,0.0,0.0,0.0,0.0,0.0,-3.6938954823722074,-1.8496274975924634,-4.293618863421278,-1.849627496638799,0.0,0.0,0.0,0.0,0.0,0.0,-1.8496329059395178,-1.852316558280428,-1.8496329059395178,-6.147685219587538,0.0,0.0,0.0,0.0,0.0,0.0,0.0,0.0,0.0,0.0,-28.022609425880344,0.0,0.0,28.022608509280918,0.0,0.0,0.0,0.0,0.0,0.0,0.0,-32.022609337870335,0.0,32.02260863798258,0.0,0.0,0.0,0.0,0.0,0.0,0.0,0.0,-30.02260943951165,30.02260851712453,0.0,0.0,0.0,-44.45392643621397,0.0,0.0,0.0,0.0,0.0,-16.022609440744706,0.0,0.0,0.0,0.0,0.0,-16.709425550290135,0.0,0.0,0.0,0.0,-6.022608845819923,0.0,0.0,0.0,0.0,0.0,0.0,0.0,0.0,0.07254094158345992,0.0,-0.25434996666490184
9.696969696969697,-4.307429130833568,-1.8496280550471533,-3.704316700116426,-1.8496280560034197,0.0,0.0,0.0,0.0,0.0,0.0,-1.8496328448782031,-4.300736957471452,-1.8496328467881138,-3.6992643518641963,0.0,0.0,0.0,0.0,0.0,0.0,-3.6942120017549596,-1.8496280557358387,-4.2940385536543655,-1.8496280557358387,0.0,0.0,0.0,0.0,0.0,0.0,-1.8496328448782036,-1.8521583499119754,-1.8496328467881138,-6.147843388909719,0.0,0.0,0.0,0.0,0.0,0.0,0.0,0.0,0.0,0.0,-28.022609657713854,0.0,0.0,28.022608731572145,0.0,0.0,0.0,0.0,0.0,0.0,0.0,-32.02260956722699,0.0,32.022608859035365,0.0,0.0,0.0,0.0,0.0,0.0,0.0,0.0,-30.02260967002063,30.022608738753487,0.0,0.0,0.0,-44.453925546457974,0.0,0.0,0.0,0.0,0.0,-16.022609669466178,0.0,0.0,0.0,0.0,0.0,-16.709425681534178,0.0,0.0,0.0,0.0,-6.0226091408214195,0.0,0.0,0.0,0.0,0.0,0.0,0.0,0.0,0.07102843936970804,0.0,-0.2524616647490291
9.797979797979798,-4.307034748741914,-1.8496285492078555,-3.7040189299151347,-1.8496285492078555,0.0,0.0,0.0,0.0,0.0,0.0,-1.8496327901717493,-4.300736877093747,-1.8496327920816595,-3.6992643952441346,0.0,0.0,0.0,0.0,0.0,0.0,-3.6945098616228065,-1.849628550627293,-4.294433487857328,-1.8496285487195308,0.0,0.0,0.0,0.0,0.0,0.0,-1.84963279208166,-1.8520094663606,-1.84963279208166,-6.1479922374078715,0.0,0.0,0.0,0.0,0.0,0.0,0.0,0.0,0.0,0.0,-28.022609863022083,0.0,0.0,28.022608928429833,0.0,0.0,0.0,0.0,0.0,0.0,0.0,-32.022609770347145,0.0,32.022608827264705,0.0,0.0,0.0,0.0,0.0,0.0,0.0,0.0,-30.022609874156284,30.022608935024888,0.0,0.0,0.0,-44.4539247599381,0.0,0.0,0.0,0.0,0.0,-16.022609872018396,0.0,0.0,0.0,0.0,0.0,-16.70942579891326,0.0,0.0,0.0,0.0,-6.0226094020704215,0.0,0.0,0.0,0.0,0.0,0.0,0.0,0.0,0.06955402323365056,0.0,-0.25062094249732325
9.8989898989899,-4.30666359830861,-1.8496289871730576,-3.7037387117149283,-1.849628986217225,0.0,0.0,0.0,0.0,0.0,0.0,-1.8496327433307604,-4.300736805912526,-1.8496327433307604,-3.699264435255894,0.0,0.0,0.0,0.0,0.0,0.0,-3.694790162056278,-1.8496289876102079,-4.294805127231551,-1.84962898665611,0.0,0.0,0.0,0.0,0.0,0.0,-1.8496327442857154,-1.8518693562161357,-1.8496327433307604,-6.148132315460511,0.0,0.0,0.0,0.0,0.0,0.0,0.0,0.0,0.0,0.0,-28.022610044839855,0.0,0.0,28.022609102763916,0.0,0.0,0.0,0.0,0.0,0.0,0.0,-32.0226099502218,0.0,32.02260922816154,0.0,0.0,0.0,0.0,0.0,0.0,0.0,0.0,-30.02261005493541,30.02260910883965,0.0,0.0,0.0,-44.4539240843813,0.0,0.0,0.0,0.0,0.0,-16.022610051395464,0.0,0.0,0.0,0.0,0.0,-16.709425906008697,0.0,0.0,0.0,0.0,-6.022609633428598,0.0,0.0,0.0,0.0,0.0,0.0,0.0,0.0,0.06811646682293448,0.0,-0.24882626436552313
10.0,-4.306314311882873,-1.849629374957914,-3.7034750082127514,-1.8496293740020813,0.0,0.0,0.0,0.0,0.0,0.0,-1.849632701136676,-4.30073674287535,-1.8496327020916312,-3.6992644721470405,0.0,0.0,0.0,0.0,0.0,0.0,-3.6950539362709884,-1.849629376121046,-4.295154846656411,-1.8496293751669481,0.0,0.0,0.0,0.0,0.0,0.0,-1.8496327011366767,-1.8517375053575764,-1.8496327020916317,-6.148264140203713,0.0,0.0,0.0,0.0,0.0,0.0,0.0,0.0,0.0,0.0,-28.02261020585527,0.0,0.0,28.02260925715189,0.0,0.0,0.0,0.0,0.0,0.0,0.0,-32.0226101095147,0.0,32.02260915415395,0.0,0.0,0.0,0.0,0.0,0.0,0.0,0.0,-30.022610215030785,30.022609262767602,0.0,0.0,0.0,-44.453923412784356,0.0,0.0,0.0,0.0,0.0,-16.02261021024945,0.0,0.0,0.0,0.0,0.0,-16.709425994683322,0.0,0.0,0.0,0.0,-6.022609838316469,0.0,0.0,0.0,0.0,0.0,0.0,0.0,0.0,0.06671459421188353,0.0,-0.24707615866800814
