time,->1,1->1,"2,3->1","3,4->1",->2,2->2,"3,4->2","1,4->2",->3,3->3,"1,4->3","1,2->3",->4,4->4,"1,2->4","3,4->4",->5,8->5,5->5,->6,8->6,6->6,->7,8->7,7->7,->8,2->8,8->8,->9,4->9,9->9,8->10,10->10,->10
0.0,8.0,-5.0,-0.09999999999999999,-0.09999999999999999,8.0,-0.9999999999999999,-0.09999999999999999,-0.49999999999999994,8.0,-1.0,-0.49999999999999994,-0.49999999999999994,8.0,-0.9999999999999999,-0.49999999999999994,-0.09999999999999999,12.0,13.0,-14.0,16.0,13.0,-12.0,14.0,13.0,-13.0,20.0,-0.04999999999999999,-13.0,10.0,-0.04999999999999999,-13.000000000000002,8.450000000000001,-2.0,-13.0
0.10101010101010101,8.0,-6.1264590552320355,-0.297381577798105,-0.297381577798105,8.0,-1.7731814716072376,-0.297381577798105,-1.0863323683297827,8.0,-1.677107405868357,-1.0863323683297827,-1.0863323683297827,8.0,-1.7731814716072376,-1.0863323683297827,-0.297381577798105,12.0,18.517458356060512,-27.71605732511391,16.0,18.517458356060512,-31.417339247558303,14.0,18.517458356060512,-29.554527607863285,20.0,-0.2787594237975536,-18.517458356060512,10.0,-0.2787594237975536,-10.812730863327024,17.144813198421765,-1.765692919984468,-13.0
0.20202020202020202,8.0,-6.574242738895771,-0.6079136328057974,-0.6079136328057975,8.0,-2.635531046977043,-0.6079136328057975,-1.73266208487232,8.0,-2.3066077461051915,-1.73266208487232,-1.7326620848723195,8.0,-2.635531046977044,-1.7326620848723195,-0.6079136328057975,12.0,19.219602432633714,-31.022975597515583,16.0,19.219602432633714,-35.077439118316335,14.0,19.219602432633714,-33.05157960613068,20.0,-0.9153230820193701,-19.219602432633714,10.0,-0.915323082019371,-9.891083482307343,18.469655883424988,-2.4201364239147565,-13.0
0.30303030303030304,8.0,-6.51531973690733,-0.8934727196923039,-0.8934727196923042,8.0,-3.3160921628983955,-0.8934727196923042,-2.1605400718335646,8.0,-2.694354305615479,-2.1605400718335646,-2.1605400718335632,8.0,-3.3160921628983973,-2.1605400718335632,-0.8934727196923042,12.0,18.605990673477695,-30.818598248715496,16.0,18.605990673477695,-34.80320604595792,14.0,18.605990673477695,-32.81086218572698,20.0,-1.8232649405188497,-18.605990673477695,10.0,-1.8232649405188526,-9.076753878799922,17.30914444707695,-3.0271964607745825,-13.0
0.40404040404040403,8.0,-6.2672932608815834,-1.077589521151685,-1.0775895211516855,8.0,-3.7399784133359804,-1.0775895211516855,-2.3439541505743198,8.0,-2.8812720343765257,-2.3439541505743198,-2.343954150574319,8.0,-3.7399784133359817,-2.343954150574319,-1.0775895211516855,12.0,17.801163910378445,-30.056514873845696,16.0,17.801163910378445,-34.027313478466375,14.0,17.801163910378445,-32.04110438908622,20.0,-2.6156359084181706,-17.801163910378445,10.0,-2.6156359084181733,-8.27889459469632,15.844071828208001,-3.160322212083312,-13.0
0.5050505050505051,8.0,-6.013879368321569,-1.1840709003924237,-1.1840709003924241,8.0,-3.9804429099305554,-1.1840709003924241,-2.393790349281325,8.0,-2.9747214749352637,-2.393790349281325,-2.393790349281324,8.0,-3.980442909930557,-2.393790349281324,-1.1840709003924241,12.0,17.156116741539698,-29.35912587648201,16.0,17.156116741539698,-33.33303926381156,14.0,17.156116741539698,-31.345224480800994,20.0,-3.1532920976869563,-17.156116741539698,10.0,-3.1532920976869603,-7.609146614888059,14.716617082466938,-2.9116608015342025,-13.0
0.6060606060606061,8.0,-5.80789011900207,-1.2498749885501106,-1.249874988550111,8.0,-4.1160222567748805,-1.249874988550111,-2.390540499471544,8.0,-3.0366089165160473,-2.390540499471544,-2.390540499471543,8.0,-4.116022256774881,-2.390540499471543,-1.249874988550111,12.0,16.719067000554265,-28.8581879197147,16.0,16.719067000554265,-32.839182842830304,14.0,16.719067000554265,-30.848006980028973,20.0,-3.4866082044316897,-16.719067000554265,10.0,-3.486608204431692,-7.1057348153202105,13.976360068451129,-2.526572103186173,-13.0
0.7070707070707071,8.0,-5.6496020080715645,-1.296289132549986,-1.2962891325499868,8.0,-4.194259152825152,-1.2962891325499868,-2.3695894932173536,8.0,-3.0906271770947593,-2.3695894932173536,-2.3695894932173522,8.0,-4.194259152825155,-2.3695894932173522,-1.2962891325499868,12.0,16.4414891544434,-28.531025009454627,16.0,16.4414891544434,-32.518378065917055,14.0,16.4414891544434,-30.524228628863703,20.0,-3.6892304720307636,-16.4414891544434,10.0,-3.6892304720307707,-6.747418070776767,13.516128280783997,-2.1481825056363992,-13.0
0.8080808080808081,8.0,-5.5273702277462,-1.3331436285978786,-1.3331436285978802,8.0,-4.240477385933279,-1.3331436285978802,-2.3438688454438665,8.0,-3.143852701632718,-2.3438688454438665,-2.3438688454438643,8.0,-4.240477385933284,-2.3438688454438643,-1.3331436285978802,12.0,16.269095631809414,-28.32526765580722,16.0,16.269095631809414,-32.31719092747517,14.0,16.269095631809414,-30.320919349770772,20.0,-3.81253868295126,-16.269095631809414,10.0,-3.8125386829512715,-6.498977679642304,13.234173633848009,-1.824372731436622,-13.0
0.9090909090909091,8.0,-5.430161921950256,-1.3647951609487103,-1.364795160948712,8.0,-4.268180609555238,-1.364795160948712,-2.3176911822013313,8.0,-3.1976040514624042,-2.3176911822013313,-2.317691182201329,8.0,-4.268180609555243,-2.317691182201329,-1.364795160948712,12.0,16.162800637592195,-28.197660721433145,16.0,16.162800637592195,-32.19259896869468,14.0,16.162800637592195,-30.194932577662424,20.0,-3.8877503552641386,-16.162800637592195,10.0,-3.8877503552641515,-6.329301580842263,13.061806222527535,-1.5604892687317005,-13.0
1.0101010101010102,8.0,-5.349936024553271,-1.3932314341011054,-1.3932314341011067,8.0,-4.284857771711933,-1.3932314341011067,-2.2923714952968752,8.0,-3.2515231737656163,-2.2923714952968752,-2.2923714952968726,8.0,-4.284857771711938,-2.2923714952968726,-1.3932314341011067,12.0,16.097554401919812,-28.119027511455368,16.0,16.097554401919812,-32.11588785447749,14.0,16.097554401919812,-30.117334470401776,20.0,-3.933500746412189,-16.097554401919812,10.0,-3.933500746412201,-6.214780291187444,12.956562886138395,-1.348463743601326,-13.0
1.1111111111111112,8.0,-5.281317782643634,-1.419414937331258,-1.419414937331259,8.0,-4.294838067333622,-1.419414937331259,-2.2682404658583892,8.0,-3.304932374813558,-2.2682404658583892,-2.2682404658583875,8.0,-4.294838067333625,-2.2682404658583875,-1.419414937331259,12.0,16.057801304648187,-28.070899562880538,16.0,16.057801304648187,-32.068972625385896,14.0,16.057801304648187,-30.069859830231035,20.0,-3.9610505592516834,-16.057801304648187,10.0,-3.961050559251693,-6.138397288016638,12.89264913697805,-1.177968377937146,-13.0
1.2121212121212122,8.0,-5.220834899954511,-1.4438464292655184,-1.4438464292655193,8.0,-4.3007055926811,-1.4438464292655193,-2.2453273852699054,8.0,-3.357231501088199,-2.2453273852699054,-2.245327385269904,8.0,-4.300705592681103,-2.245327385269904,-1.4438464292655193,12.0,16.033913493400608,-28.041776696189537,16.0,16.033913493400608,-32.04061081625795,14.0,16.033913493400608,-30.041147265635466,20.0,-3.9773072824389617,-16.033913493400608,10.0,-3.9773072824389697,-6.088135126402787,12.854319095692706,-1.039845949537493,-13.0
1.3131313131313131,8.0,-5.166271375329695,-1.4668070435063365,-1.4668070435063372,8.0,-4.304036362564346,-1.4668070435063372,-2.223581985829433,8.0,-3.407980137585112,-2.223581985829433,-2.223581985829432,8.0,-4.304036362564347,-2.223581985829432,-1.4668070435063372,12.0,16.019904862282576,-28.024500404524343,16.0,16.019904862282576,-32.0238110829544,14.0,16.019904862282576,-30.024127965021403,20.0,-3.9865553633439528,-16.019904862282576,10.0,-3.9865553633439577,-6.055598592000498,12.831867589829248,-0.9267968886272644,-13.0
1.4141414141414141,8.0,-5.116213989940992,-1.4884676364650224,-1.4884676364650231,8.0,-4.305804499919421,-1.4884676364650231,-2.202941722043863,8.0,-3.456886248534688,-2.202941722043863,-2.202941722043862,8.0,-4.3058044999194225,-2.202941722043862,-1.4884676364650231,12.0,16.012034886772152,-28.014598824554064,16.0,16.012034886772152,-32.01420793203251,14.0,16.012034886772152,-30.01438707102347,20.0,-3.9914705217862956,-16.012034886772152,10.0,-3.9914705217863005,-6.034974368720716,12.819263060760427,-0.8332259006766924,-13.0
1.5151515151515151,8.0,-5.069754039480474,-1.5089412267699327,-1.5089412267699331,8.0,-4.306617120064551,-1.5089412267699331,-2.1833489540943027,8.0,-3.503773808309468,-2.1833489540943027,-2.1833489540943023,8.0,-4.306617120064552,-2.1833489540943023,-1.5089412267699331,12.0,16.00795628221723,-28.009264315802778,16.0,16.00795628221723,-32.00905401607647,14.0,16.00795628221723,-30.00915094828286,20.0,-3.9937308391352633,-16.00795628221723,10.0,-3.9937308391352655,-6.022270419505508,12.812733216668903,-0.7548993826805167,-13.0
1.6161616161616161,8.0,-5.026298540434476,-1.528309299705166,-1.5283092997051664,8.0,-4.306853653289226,-1.5283092997051664,-2.1647532231392534,8.0,-3.548551733439949,-2.1647532231392534,-2.164753223139253,8.0,-4.3068536532892265,-2.164753223139253,-1.5283092997051664,12.0,16.00619541522647,-28.00673762227951,16.0,16.00619541522647,-32.00664273092328,14.0,16.00619541522647,-30.006685932762288,20.0,-3.9943889207977494,-16.00619541522647,10.0,-3.994388920797752,-6.014771195852617,12.809914583520843,-0.688618601999228,-13.0
1.7171717171717171,8.0,-4.985450710884304,-1.5466358867915604,-1.5466358867915606,8.0,-4.306751620600579,-1.5466358867915606,-2.147109792852529,8.0,-3.5911889587351706,-2.147109792852529,-2.1471097928525285,8.0,-4.30675162060058,-2.1471097928525285,-1.5466358867915606,12.0,16.00582609534077,-28.00590951446191,16.0,16.00582609534077,-32.005883013655854,14.0,16.00582609534077,-30.005894692873536,20.0,-3.9941050370497018,-16.00582609534077,10.0,-3.994105037049705,-6.010646473689751,12.809323449714578,-0.631955993457582,-13.0
1.8181818181818181,8.0,-4.946935635306086,-1.5639750814350482,-1.5639750814350482,8.0,-4.306459323468623,-1.5639750814350482,-2.1303777089263067,8.0,-3.6316959338544264,-2.1303777089263067,-2.1303777089263067,8.0,-4.306459323468623,-2.1303777089263067,-1.5639750814350482,12.0,16.006267505862386,-28.006085051853884,16.0,16.006267505862386,-32.006098641392114,14.0,16.006267505862386,-30.006091893776603,20.0,-3.993291858359786,-16.006267505862386,10.0,-3.993291858359786,-6.00867377845873,12.810029973461305,-0.5830550461647159,-13.0
1.9191919191919191,8.0,-4.910554200104883,-1.5803751968220532,-1.5803751968220532,8.0,-4.306068787251448,-1.5803751968220532,-2.114518416917814,8.0,-3.6701113588824072,-2.114518416917814,-2.114518416917814,8.0,-4.306068787251448,-2.114518416917814,-1.5803751968220532,12.0,16.00715719463838,-28.0068291648396,16.0,16.00715719463838,-32.00686520861428,14.0,16.00715719463838,-30.006848161009934,20.0,-3.9922055480828806,-16.00715719463838,10.0,-3.9922055480828806,-6.008044689931027,12.811454072693165,-0.5404835031671575,-13.0
2.0202020202020203,8.0,-4.876154412537149,-1.5958810414648799,-1.5958810414648796,8.0,-4.305636541378797,-1.5958810414648796,-2.0994948620025404,8.0,-3.706492701201922,-2.0994948620025404,-2.099494862002541,8.0,-4.305636541378796,-2.099494862002541,-1.5958810414648796,12.0,16.008270560280724,-28.0078713316872,16.0,16.008270560280724,-32.007918452214206,14.0,16.008270560280724,-30.007896382235483,20.0,-3.9910034485040784,-16.008270560280724,10.0,-3.991003448504076,-6.00822961578095,12.813236316557528,-0.5031254636108916,-13.0
2.121212121212121,8.0,-4.8436137387658,-1.610535135783566,-1.610535135783566,8.0,-4.305196707590673,-1.610535135783566,-2.0852709920975476,8.0,-3.7409095220758757,-2.0852709920975476,-2.085270992097547,8.0,-4.305196707590674,-2.085270992097547,-1.610535135783566,12.0,16.009470130047504,-28.009045312029553,16.0,16.009470130047504,-32.00909837427838,14.0,16.009470130047504,-30.00907347823906,20.0,-3.9897804942412955,-16.009470130047504,10.0,-3.9897804942412978,-6.00888522858559,12.815156692244162,-0.4701028185391366,-13.0
2.2222222222222223,8.0,-4.812828318220216,-1.6243783284162003,-1.6243783284162003,8.0,-4.304769239827202,-1.6243783284162003,-2.0718115300843674,8.0,-3.7734388022188257,-2.0718115300843674,-2.0718115300843674,8.0,-4.304769239827202,-2.0718115300843674,-1.6243783284162003,12.0,16.010673617539208,-28.01025003708139,16.0,16.010673617539208,-32.010302452745535,14.0,16.010673617539208,-30.01027792721291,20.0,-3.9885921630280188,-16.010673617539208,10.0,-3.9885921630280188,-6.0097919293226365,12.817083484368304,-0.44071794152916544,-13.0
2.323232323232323,8.0,-4.783706291384594,-1.6374500966059635,-1.6374500966059635,8.0,-4.304365224953322,-1.6374500966059635,-2.0590819007026275,8.0,-3.8041616150816298,-2.0590819007026275,-2.0590819007026275,8.0,-4.304365224953322,-2.0590819007026275,-1.6374500966059635,12.0,16.0118333727782,-28.01142690761594,16.0,16.0118333727782,-32.011478362295406,14.0,16.0118333727782,-30.01145437520104,20.0,-3.987469246163885,-16.0118333727782,10.0,-3.987469246163885,-6.01081133520202,12.818940397880684,-0.4144112307433706,-13.0
2.4242424242424243,8.0,-4.756163804937787,-1.6497886603826541,-1.6497886603826541,8.0,-4.303990213766794,-1.6497886603826541,-2.047048247152407,8.0,-3.83316080762828,-2.047048247152407,-2.047048247152407,8.0,-4.303990213766794,-2.047048247152407,-1.6497886603826541,12.0,16.0129234941654,-28.012542423765257,16.0,16.0129234941654,-32.01259105424685,14.0,16.0129234941654,-30.01256839319647,20.0,-3.986427130623583,-16.0129234941654,10.0,-3.986427130623583,-6.011858113600149,12.820685941499711,-0.39072966668240516,-13.0
2.525252525252525,8.0,-4.730122609237272,-1.6614310078212924,-1.6614310078212924,8.0,-4.303646350127869,-1.6614310078212924,-2.0356774902901296,8.0,-3.86051936579763,-2.0356774902901296,-2.0356774902901296,8.0,-4.303646350127869,-2.0356774902901296,-1.6614310078212924,12.0,16.013931575036185,-28.01357979612343,16.0,16.013931575036185,-32.013624972312776,14.0,16.013931575036185,-30.013603909561834,20.0,-3.9854717303393827,-16.013931575036185,10.0,-3.9854717303393827,-6.012881262016674,12.822300224497045,-0.36930324682823495,-13.0
2.6262626262626263,8.0,-4.705508657348044,-1.672412876057173,-1.672412876057173,8.0,-4.303333716741999,-1.672412876057173,-2.0249374059587213,8.0,-3.886319272778445,-2.0249374059587213,-2.0249374059587213,8.0,-4.303333716741999,-2.0249374059587213,-1.672412876057173,12.0,16.01485349791873,-28.01453217555605,16.0,16.01485349791873,-32.014573381973804,14.0,16.01485349791873,-30.014554228848638,20.0,-3.9846032335518453,-16.01485349791873,10.0,-3.9846032335518453,-6.013851861141018,12.82377662798999,-0.3498274014160844,-13.0
2.727272727272727,8.0,-4.6822512800375655,-1.6827687218968592,-1.6827687218968597,8.0,-4.303051198907106,-1.6827687218968597,-2.0147966984149983,8.0,-3.910640715416658,-2.0147966984149983,-2.014796698414998,8.0,-4.303051198907107,-2.014796698414998,-1.6827687218968597,12.0,16.015690082759743,-28.01539877543735,16.0,16.015690082759743,-32.01543705862027,14.0,16.015690082759743,-30.01541907016122,20.0,-3.98381850641969,-16.015690082759743,10.0,-3.983818506419693,-6.014754942256097,12.82511644135044,-0.3320493067971425,-13.0
2.8282828282828283,8.0,-4.660282736562356,-1.692531690021059,-1.6925316900210587,8.0,-4.302797021874411,-1.6925316900210587,-2.0052250679973227,8.0,-3.9335615447733763,-2.0052250679973227,-2.0052250679973236,8.0,-4.30279702187441,-2.0052250679973236,-1.6925316900210587,12.0,16.016445008276914,-28.016182282178317,16.0,16.016445008276914,-32.01621450203523,14.0,16.016445008276914,-30.016200123946852,20.0,-3.9831125873115107,-16.016445008276914,10.0,-3.9831125873115085,-6.015584285994523,12.826325535157924,-0.3157576277393062,-13.0
2.929292929292929,8.0,-4.639537960617409,-1.7017335881269877,-1.7017335881269873,8.0,-4.302569093833408,-1.7017335881269873,-1.9961932639019342,8.0,-3.955156909777397,-1.9961932639019342,-1.9961932639019346,8.0,-4.302569093833407,-1.9961932639019346,-1.7017335881269873,12.0,16.0171234519863,-28.01688748680003,16.0,16.0171234519863,-32.01692032555526,14.0,16.0171234519863,-30.016904235879423,20.0,-3.9824796397516047,-16.0171234519863,10.0,-3.982479639751602,-6.016338966742831,12.827412183808477,-0.3007743375144859,-13.0
3.0303030303030303,8.0,-4.619954443668361,-1.7104048757147223,-1.7104048757147226,8.0,-4.302365203000277,-1.7104048757147226,-1.9876731237885263,8.0,-3.975499045320379,-1.9876731237885263,-1.9876731237885261,8.0,-4.302365203000278,-1.9876731237885261,-1.7104048757147226,12.0,16.017731338811487,-28.017519961631375,16.0,16.017731338811487,-32.01754664695276,14.0,16.017731338811487,-30.017534404755907,20.0,-3.9819134994323124,-16.017731338811487,10.0,-3.981913499432315,-6.017021302938945,12.828385862117182,-0.28694870176810683,-13.0
3.131313131313131,8.0,-4.601472152884736,-1.7185746616311275,-1.718574661631128,8.0,-4.302183157387945,-1.718574661631128,-1.9796375995330362,8.0,-3.9946571281603775,-1.9796375995330362,-1.979637599533036,8.0,-4.302183157387946,-1.979637599533036,-1.718574661631128,12.0,16.018274756155744,-28.018085864404487,16.0,16.018274756155744,-32.0181101954073,14.0,16.018274756155744,-30.01809901245516,20.0,-3.981408061719367,-16.018274756155744,10.0,-3.9814080617193697,-6.017635325259649,12.829256308184819,-0.2741521499460881,-13.0
3.2323232323232323,8.0,-4.584033500968282,-1.7262707133586233,-1.7262707133586237,8.0,-4.302020851463505,-1.7262707133586237,-1.9720607704972803,8.0,-4.012697225238607,-1.9720607704972803,-1.9720607704972801,8.0,-4.302020851463506,-1.9720607704972801,-1.7262707133586237,12.0,16.018759702383452,-28.018591142375836,16.0,16.018759702383452,-32.01861124456441,14.0,16.018759702383452,-30.018602387500916,20.0,-3.980957466023884,-16.018759702383452,10.0,-3.9809574660238862,-6.018185971582325,12.830033120135198,-0.2622744467134967,-13.0
3.3333333333333335,8.0,-4.567583314948684,-1.733519475184388,-1.7335194751843883,8.0,-4.301876309143696,-1.7335194751843883,-1.9649178452617777,8.0,-4.029682284215771,-1.9649178452617777,-1.9649178452617773,8.0,-4.3018763091436965,-1.9649178452617773,-1.7335194751843883,12.0,16.019191881371714,-28.019041713900428,16.0,16.019191881371714,-32.01906171297204,14.0,16.019191881371714,-30.01905219780441,20.0,-3.9805562144860427,-16.019191881371714,10.0,-3.980556214486045,-6.018678509015943,12.830725426610272,-0.25122055023001943,-13.0
3.4343434343434343,8.0,-4.552068809834284,-1.740346094245097,-1.7403460942450977,8.0,-4.301747702446685,-1.7403460942450977,-1.9581851544083855,8.0,-4.045672165420693,-1.9581851544083855,-1.9581851544083848,8.0,-4.301747702446686,-1.9581851544083848,-1.7403460942450977,12.0,16.01957662705202,-28.019442956972863,16.0,16.01957662705202,-32.0194600744858,14.0,16.01957662705202,-30.019452212162875,20.0,-3.9801992231319723,-16.01957662705202,10.0,-3.9801992231319776,-6.019118207490915,12.831341765499571,-0.24090808990679988,-13.0
3.5353535353535355,8.0,-4.537439556426357,-1.7467744534040497,-1.74677445340405,8.0,-4.301633357002625,-1.74677445340405,-1.9518401351306818,8.0,-4.060723702917351,-1.9518401351306818,-1.951840135130681,8.0,-4.3016333570026255,-1.951840135130681,-1.74677445340405,12.0,16.01991886004066,-28.019799970178276,16.0,16.01991886004066,-32.01981540583488,14.0,16.01991886004066,-30.019808179718524,20.0,-3.9798818366311957,-16.01991886004066,10.0,-3.979881836631198,-6.019510152558514,12.831890014114325,-0.23126535373982463,-13.0
3.6363636363636362,8.0,-4.523647439713911,-1.7528272086280692,-1.7528272086280694,8.0,-4.30153175099669,-1.7528272086280694,-1.945861309224428,8.0,-4.0748907833167305,-1.945861309224428,-1.9458613092244275,8.0,-4.301531750996691,-1.9458613092244275,-1.7528272086280694,12.0,16.02022307081141,-28.02011741229765,16.0,16.02022307081141,-32.020132176859846,14.0,16.02022307081141,-30.02012494105762,20.0,-3.979599824907435,-16.02022307081141,10.0,-3.9795998249074374,-6.019859126907607,12.832377361927911,-0.22222962010441064,-13.0
3.7373737373737375,8.0,-4.510646611409323,-1.7585258301553581,-1.7585258301553581,8.0,-4.3014415087468825,-1.7585258301553581,-1.9402282565604532,8.0,-4.088224439596438,-1.9402282565604532,-1.9402282565604532,8.0,-4.3014415087468825,-1.9402282565604532,-1.7585258301553581,12.0,16.020493334471293,-28.02039947440586,16.0,16.020493334471293,-32.0204120517879,14.0,16.020493334471293,-30.020406129088247,20.0,-3.9793493649353646,-16.020493334471293,10.0,-3.9793493649353646,-6.02016955826099,12.832810333991958,-0.21374578835882618,-13.0
3.8383838383838382,8.0,-4.498393434695847,-1.7638906464494875,-1.7638906464494875,8.0,-4.301361391449931,-1.7638906464494875,-1.9349215843552565,8.0,-4.100772955175718,-1.9349215843552565,-1.9349215843552565,8.0,-4.301361391449931,-1.9349215843552565,-1.7638906464494875,12.0,16.020733331267085,-28.020649977047526,16.0,16.020733331267085,-32.02066036127879,14.0,16.020733331267085,-30.020655698589174,20.0,-3.979127014746952,-16.020733331267085,10.0,-3.979127014746952,-6.020445503910914,12.833194823578607,-0.2057652607178827,-13.0
3.9393939393939394,8.0,-4.486846421560221,-1.7689408899467143,-1.7689408899467147,8.0,-4.301290286875846,-1.7689408899467147,-1.9299228931760632,8.0,-4.11258197416745,-1.9299228931760632,-1.9299228931760628,8.0,-4.3012902868758465,-1.9299228931760628,-1.7689408899467147,12.0,16.020946370798413,-28.020872380249074,16.0,16.020946370798413,-32.020882060406876,14.0,16.020946370798413,-30.02087745432711,20.0,-3.9789296845795072,-16.020946370798413,10.0,-3.9789296845795095,-6.020690653698802,12.833536130799942,-0.19824502198908336,-13.0
4.040404040404041,8.0,-4.475966165695031,-1.773694743486458,-1.7736947434864583,8.0,-4.301227198967327,-1.7736947434864583,-1.9252147413544969,8.0,-4.123694614207547,-1.9252147413544969,-1.9252147413544964,8.0,-4.301227198967328,-1.9252147413544964,-1.7736947434864583,12.0,16.02113542107866,-28.021069769882025,16.0,16.02113542107866,-32.02107857139431,14.0,16.02113542107866,-30.021074346896334,20.0,-3.9787546078094524,-16.02113542107866,10.0,-3.978754607809455,-6.020908342258852,12.833839009027066,-0.19114685307926568,-13.0
4.141414141414141,8.0,-4.465715271326862,-1.7781693871720625,-1.7781693871720625,8.0,-4.301171237363808,-1.7781693871720625,-1.9207806079287413,8.0,-4.134151581144452,-1.9207806079287413,-1.9207806079287413,8.0,-4.301171237363808,-1.9207806079287413,-1.7781693871720625,12.0,16.02130313897378,-28.021244898937024,16.0,16.02130313897378,-32.02125237065087,14.0,16.02130313897378,-30.02124894640203,20.0,-3.978599311717897,-16.02130313897378,10.0,-3.978599311717897,-6.021101571012782,12.834107713544558,-0.18443667939493036,-13.0
4.242424242424242,8.0,-4.45605827912518,-1.7823810450645479,-1.7823810450645476,8.0,-4.30112160732468,-1.7823810450645476,-1.916604854784334,8.0,-4.143991283643799,-1.916604854784334,-1.9166048547843344,8.0,-4.301121607324679,-1.9166048547843344,-1.7823810450645476,12.0,16.02145189809405,-28.02140024129355,16.0,16.02145189809405,-32.021406656864194,14.0,16.02145189809405,-30.021403792618166,20.0,-3.9784615893974777,-16.02145189809405,10.0,-3.9784615893974746,-6.021273033337768,12.834346046147074,-0.17808402362725456,-13.0
4.343434343434343,8.0,-4.446961590108443,-1.7863450312695546,-1.786345031269554,8.0,-4.30107760028615,-1.786345031269554,-1.9126726884548295,8.0,-4.153249946363928,-1.9126726884548295,-1.9126726884548306,8.0,-4.301077600286148,-1.9126726884548306,-1.786345031269554,12.0,16.021583815874063,-28.021538008781476,16.0,16.021583815874063,-32.02154404430555,14.0,16.021583815874063,-30.021541183511754,20.0,-3.978339473444637,-16.021583815874063,10.0,-3.978339473444632,-6.0214251403693675,12.834557398453885,-0.17206154378585198,-13.0
4.444444444444445,8.0,-4.438393388644472,-1.790075795054686,-1.7900757950546855,8.0,-4.301038585143584,-1.7900757950546855,-1.9089701220606052,8.0,-4.1619617206826955,-1.9089701220606052,-1.9089701220606061,8.0,-4.3010385851435835,-1.9089701220606061,-1.7900757950546855,12.0,16.02170077931401,-28.02166016680278,16.0,16.02170077931401,-32.02166545808979,14.0,16.02170077931401,-30.02166298895184,20.0,-3.9782312116868654,-16.02170077931401,10.0,-3.978231211686863,-6.021560046577879,12.834744793093558,-0.166344640157931,-13.0
4.545454545454545,8.0,-4.4303235655226585,-1.793586964762576,-1.793586964762575,8.0,-4.301004000269803,-1.793586964762575,-1.9054839377802524,8.0,-4.170158792342588,-1.9054839377802524,-1.905483937780253,8.0,-4.301004000269801,-1.905483937780253,-1.793586964762575,12.0,16.021804468640862,-28.02176846637363,16.0,16.021804468640862,-32.02177300297834,14.0,16.021804468640862,-30.021770962294234,20.0,-3.97813524496957,-16.021804468640862,10.0,-3.9781352449695646,-6.021679674090882,12.834910921568017,-0.16091111828380852,-13.0
4.646464646464646,8.0,-4.422723641487496,-1.7968913904742374,-1.7968913904742374,8.0,-4.300973346173081,-1.7968913904742374,-1.9022016499527272,8.0,-4.177871485934864,-1.9022016499527272,-1.9022016499527272,8.0,-4.300973346173081,-1.9022016499527272,-1.7968913904742374,12.0,16.021896378819374,-28.021864465834877,16.0,16.021896378819374,-32.02186817811053,14.0,16.021896378819374,-30.021866642931116,20.0,-3.9780501867319367,-16.021896378819374,10.0,-3.9780501867319367,-6.021785735798548,12.835058178681269,-0.1557408984529277,-13.0
4.747474747474747,8.0,-4.415566691771007,-1.8000011851904878,-1.8000011851904878,8.0,-4.300946178840531,-1.8000011851904878,-1.8991114690388038,8.0,-4.185128365581501,-1.8991114690388038,-1.8991114690388038,8.0,-4.300946178840531,-1.8991114690388038,-1.8000011851904878,12.0,16.02197783908441,-28.021949556426804,16.0,16.02197783908441,-32.02195386843562,14.0,16.02197783908441,-30.021951565292625,20.0,-3.977974804495654,-16.02197783908441,10.0,-3.977974804495654,-6.021879756744728,12.835188693805598,-0.1508157683196237,-13.0
4.848484848484849,8.0,-4.408827271978626,-1.8029277642922257,-1.8029277642922255,8.0,-4.300922103779442,-1.8029277642922255,-1.8962022665798486,8.0,-4.191956331196745,-1.8962022665798486,-1.896202266579849,8.0,-4.300922103779441,-1.896202266579849,-1.8029277642922255,12.0,16.02205003064886,-28.022024966380883,16.0,16.02205003064886,-32.02202844565195,14.0,16.02205003064886,-30.022026728902247,20.0,-3.9779080032991043,-16.02205003064886,10.0,-3.977908003299102,-6.021963093713465,12.835304359230756,-0.14611917172826477,-13.0
4.94949494949495,8.0,-4.402481345873038,-1.8056818833923391,-1.8056818833923396,8.0,-4.300900770689486,-1.8056818833923396,-1.893463541341144,8.0,-4.198380710613016,-1.893463541341144,-1.8934635413411431,8.0,-4.300900770689487,-1.8934635413411431,-1.8056818833923396,12.0,16.022114002751504,-28.022091792346668,16.0,16.022114002751504,-32.02209454256654,14.0,16.022114002751504,-30.02209333321125,20.0,-3.977848810888987,-16.022114002751504,10.0,-3.977848810888989,-6.022036952966603,12.835406855858293,-0.14163602396925914,-13.0
5.05050505050505,8.0,-4.396506215529863,-1.8082736747523023,-1.8082736747523027,8.0,-4.300881868599215,-1.8082736747523027,-1.8908853867556144,8.0,-4.204425348100183,-1.8908853867556144,-1.8908853867556141,8.0,-4.300881868599216,-1.8908853867556141,-1.8082736747523027,12.0,16.02217068703142,-28.0221510073939,16.0,16.02217068703142,-32.02215383402385,14.0,16.02217068703142,-30.022152397663984,20.0,-3.9777963642057004,-16.02217068703142,10.0,-3.9777963642057035,-6.022102406312355,12.835497676218445,-0.13735254989337436,-13.0
5.151515151515151,8.0,-4.390880453375615,-1.8107126818675754,-1.8107126818675756,8.0,-4.300865121500957,-1.8107126818675756,-1.8884584594603497,8.0,-4.210112688294804,-1.8884584594603497,-1.8884584594603493,8.0,-4.300865121500958,-1.8884584594603493,-1.8107126818675756,12.0,16.022220910452575,-28.022203474502412,16.0,16.022220910452575,-32.0222063915701,14.0,16.022220910452575,-30.022204735550634,20.0,-3.9777498972559897,-16.022220910452575,10.0,-3.977749897255992,-6.022160405710013,12.835578145167188,-0.13325614300389335,-13.0
5.252525252525253,8.0,-4.38558383683047,-1.8130078924397535,-1.8130078924397535,8.0,-4.3008502845126255,-1.8130078924397535,-1.88617394923863,8.0,-4.215463855992384,-1.88617394923863,-1.88617394923863,8.0,-4.3008502845126255,-1.88617394923863,-1.8130078924397535,12.0,16.02226540685493,-28.022249958533674,16.0,16.02226540685493,-32.022252331633325,14.0,16.02226540685493,-30.02225105356688,20.0,-3.977708730451025,-16.02226540685493,10.0,-3.977708730451025,-6.0222117963577,12.835649438385012,-0.12933524391641274,-13.0
5.353535353535354,8.0,-4.380597285273963,-1.8151677696431034,-1.8151677696431034,8.0,-4.3008371403718355,-1.8151677696431034,-1.8840235501518299,8.0,-4.220498731756605,-1.8840235501518299,-1.8840235501518299,8.0,-4.3008371403718355,-1.8840235501518299,-1.8151677696431034,12.0,16.02230482727694,-28.02229114150375,16.0,16.02230482727694,-32.022292805629284,14.0,16.02230482727694,-30.02229209092826,20.0,-3.9776722608692006,-16.02230482727694,10.0,-3.9776722608692006,-6.022257328434082,12.835712598909097,-0.12557923337063145,-13.0
5.454545454545454,8.0,-4.3759027997889675,-1.8172002819704713,-1.8172002819704713,8.0,-4.3008254964161186,-1.8172002819704713,-1.881999433117107,8.0,-4.225236023839483,-1.881999433117107,-1.881999433117107,8.0,-4.3008254964161186,-1.881999433117107,-1.8172002819704713,12.0,16.022339749286793,-28.022327625349988,16.0,16.022339749286793,-32.022329143790444,14.0,16.022339749286793,-30.022328468043355,20.0,-3.9776399538698266,-16.022339749286793,10.0,-3.9776399538698266,-6.022297667638067,12.835768552078779,-0.12197833782615314,-13.0
5.555555555555555,8.0,-4.371483405219785,-1.8191129314664776,-1.8191129314664776,8.0,-4.300815181802485,-1.8191129314664776,-1.880094219616688,8.0,-4.22969333619233,-1.880094219616688,-1.880094219616688,8.0,-4.300815181802485,-1.880094219616688,-1.8191129314664776,12.0,16.02237068502271,-28.022359944844823,16.0,16.02237068502271,-32.02236144479894,14.0,16.02237068502271,-30.0223606961228,20.0,-3.977611335372562,-16.02237068502271,10.0,-3.977611335372562,-6.022333404516161,12.835818118413759,-0.11852354556602726,-13.0
5.656565656565657,8.0,-4.367323095026602,-1.820912780478302,-1.8209127804783014,8.0,-4.3008060450640855,-1.8209127804783014,-1.8783009567838396,8.0,-4.23388723276213,-1.8783009567838396,-1.8783009567838402,8.0,-4.300806045064084,-1.8783009567838402,-1.8209127804783014,12.0,16.022398088527503,-28.022388574579267,16.0,16.022398088527503,-32.022389830866594,14.0,16.022398088527503,-30.022389234780835,20.0,-3.977585985073502,-16.022398088527503,10.0,-3.977585985073498,-6.02236506280878,12.835862025362488,-0.11520653354123545,-13.0
5.757575757575758,8.0,-4.363406778614205,-1.8226064769572066,-1.8226064769572063,8.0,-4.300797951928272,-1.8226064769572063,-1.876613093689391,8.0,-4.2378332982139675,-1.876613093689391,-1.8766130936893912,8.0,-4.3007979519282715,-1.8766130936893912,-1.8226064769572063,12.0,16.022422362339842,-28.022413935088597,16.0,16.022422362339842,-32.02241495996642,14.0,16.022422362339842,-30.02241451631743,20.0,-3.977563530387563,-16.022422362339842,10.0,-3.9775635303875605,-6.022393106929275,12.835900917860393,-0.11201960260396289,-13.0
5.858585858585858,8.0,-4.3597202310890335,-1.8242002784085665,-1.824200278408566,8.0,-4.30079078337745,-1.824200278408566,-1.8750244587971918,8.0,-4.241546195316214,-1.8750244587971918,-1.8750244587971925,8.0,-4.300790783377449,-1.8750244587971925,-1.824200278408566,12.0,16.022443863321108,-28.022436398813248,16.0,16.022443863321108,-32.022437359989176,14.0,16.022443863321108,-30.022436916923162,20.0,-3.9775436410653193,-16.022443863321108,10.0,-3.9775436410653167,-6.022417948646214,12.835935367663811,-0.10895561965266978,-13.0
5.959595959595959,8.0,-4.3562500454330655,-1.8257000745351295,-1.8257000745351295,8.0,-4.300784433926759,-1.8257000745351295,-1.8735292385691265,8.0,-4.245039719110508,-1.8735292385691265,-1.8735292385691265,8.0,-4.300784433926759,-1.8735292385691265,-1.8257000745351295,12.0,16.022462907770624,-28.022456296063456,16.0,16.022462907770624,-32.022457194918694,14.0,16.022462907770624,-30.02245675689005,20.0,-3.9775260244120973,-16.022462907770624,10.0,-3.9775260244120973,-6.022439953006937,12.835965881544276,-0.1060079659567054,-13.0
6.0606060606060606,8.0,-4.352983587072692,-1.8271114086207696,-1.82711140862077,8.0,-4.300778810095133,-1.82711140862077,-1.8721219571974144,8.0,-4.248326847993268,-1.8721219571974144,-1.872121957197414,8.0,-4.300778810095134,-1.872121957197414,-1.82711140862077,12.0,16.022479775987115,-28.022473919801723,16.0,16.022479775987115,-32.02247468012925,14.0,16.022479775987115,-30.022474325929025,20.0,-3.9775104210441032,-16.022479775987115,10.0,-3.977510421044105,-6.022459443587228,12.835992908595808,-0.10317049115234385,-13.0
6.161616161616162,8.0,-4.349908950756901,-1.8284394977122131,-1.8284394977122134,8.0,-4.300773829046647,-1.8284394977122134,-1.8707974574151043,8.0,-4.25141979185993,-1.8707974574151043,-1.8707974574151038,8.0,-4.300773829046648,-1.8707974574151038,-1.8284394977122134,12.0,16.02249471636079,-28.022489529525384,16.0,16.02249471636079,-32.022490178864004,14.0,16.02249471636079,-30.02248988829603,20.0,-3.977496601117393,-16.02249471636079,10.0,-3.9774966011173953,-6.022476707164473,12.836016846790471,-0.10043747224226893,-13.0
6.262626262626262,8.0,-4.3470149196374015,-1.829689251662294,-1.8296892516622945,8.0,-4.300769417382835,-1.8296892516622945,-1.869550882328344,8.0,-4.25433003747437,-1.869550882328344,-1.8695508823283438,8.0,-4.300769417382836,-1.8695508823283438,-1.8296892516622945,12.0,16.022507949003156,-28.022503355064224,16.0,16.022507949003156,-32.02250395369715,14.0,16.022507949003156,-30.022503674115452,20.0,-3.9774843609760726,-16.022507949003156,10.0,-3.9774843609760753,-6.0224919978829865,12.836038048793467,-0.09780357686174695,-13.0
6.363636363636363,8.0,-4.344290926463871,-1.8308652910955132,-1.8308652910955137,8.0,-4.300765510071004,-1.8308652910955137,-1.8683776582250229,8.0,-4.257068391215977,-1.8683776582250229,-1.8683776582250227,8.0,-4.300765510071005,-1.8683776582250227,-1.8308652910955137,12.0,16.022519668945687,-28.022515600150403,16.0,16.022519668945687,-32.022516142007156,14.0,16.022519668945687,-30.022515883177366,20.0,-3.977473520178017,-16.022519668945687,10.0,-3.977473520178019,-6.022505540954747,12.836056827087573,-0.09526383023335624,-13.0
6.4646464646464645,8.0,-4.341727016822072,-1.8319719643501617,-1.8319719643501622,8.0,-4.3007620494943675,-1.8319719643501622,-1.8672734783212765,8.0,-4.259645019341498,-1.8672734783212765,-1.867273478321276,8.0,-4.300762049494368,-1.867273478321276,-1.8319719643501622,12.0,16.022530048978012,-28.02252644535883,16.0,16.022530048978012,-32.02252691019488,14.0,16.022530048978012,-30.022526695224823,20.0,-3.9774639188587884,-16.022530048978012,10.0,-3.9774639188587915,-6.022517535938195,12.836073458520168,-0.0928135854143557,-13.0
6.565656565656566,8.0,-4.3393138143352115,-1.8330133634477908,-1.8330133634477914,8.0,-4.300758984609494,-1.8330133634477914,-1.8662342874042261,8.0,-4.262069485891517,-1.8662342874042261,-1.8662342874042253,8.0,-4.300758984609495,-1.8662342874042253,-1.8330133634477914,12.0,16.022539242179374,-28.022536050612405,16.0,16.022539242179374,-32.02253645699785,14.0,16.022539242179374,-30.022536271708905,20.0,-3.9774554153934676,-16.022539242179374,10.0,-3.9774554153934725,-6.022528159645231,12.836088188358898,-0.09044849650472342,-13.0
6.666666666666667,8.0,-4.337042487738353,-1.8339933391411494,-1.8339933391411496,8.0,-4.300756270198217,-1.8339933391411496,-1.8652562673256803,8.0,-4.264350788371047,-1.8652562673256803,-1.8652562673256796,8.0,-4.300756270198218,-1.8652562673256796,-1.8339933391411496,12.0,16.02254738416602,-28.02254455755224,16.0,16.02254738416602,-32.02254492688735,14.0,16.02254738416602,-30.022544753860213,20.0,-3.977447884320658,-16.02254738416602,10.0,-3.977447884320661,-6.02253756872369,12.836101233892272,-0.08816449447883183,-13.0
6.767676767676767,8.0,-4.334904719736456,-1.8349155150918752,-1.8349155150918752,8.0,-4.300753866203926,-1.8349155150918752,-1.864335823303221,8.0,-4.266497391331695,-1.864335823303221,-1.864335823303221,8.0,-4.300753866203926,-1.864335823303221,-1.8349155150918752,12.0,16.022554595077274,-28.022552091693893,16.0,16.022554595077274,-32.02255242094884,14.0,16.022554595077274,-30.022552265632388,20.0,-3.9774412145007036,-16.022554595077274,10.0,-3.9774412145007036,-6.022545901951605,12.836112787611595,-0.08595776532221738,-13.0
6.8686868686868685,8.0,-4.332892677563179,-1.8357833012267202,-1.8357833012267202,8.0,-4.300751737143543,-1.8357833012267202,-1.863469570988638,8.0,-4.268517257975937,-1.863469570988638,-1.863469570988638,8.0,-4.300751737143543,-1.863469570988638,-1.8357833012267202,12.0,16.022560981334962,-28.022558764245158,16.0,16.022560981334962,-32.022559050082506,14.0,16.022560981334962,-30.022558917993106,20.0,-3.9774353074839888,-16.022560981334962,10.0,-3.9774353074839888,-6.022553282271745,12.83612302002988,-0.08382473020994881,-13.0
6.96969696969697,8.0,-4.330998985161029,-1.8365999063173637,-1.836599906317364,8.0,-4.3007498515865885,-1.836599906317364,-1.8626543242652969,8.0,-4.270417879895581,-1.8626543242652969,-1.8626543242652962,8.0,-4.300749851586589,-1.8626543242652962,-1.836599906317364,12.0,16.02256663720707,-28.02256467369058,16.0,16.02256663720707,-32.02256492615612,14.0,16.02256663720707,-30.022564809831906,20.0,-3.9774300760654087,-16.02256663720707,10.0,-3.9774300760654118,-6.022559818593808,12.836132082187056,-0.08176202751422013,-13.0
7.070707070707071,8.0,-4.32921669690348,-1.837368349826377,-1.8373683498263773,8.0,-4.3007481816931925,-1.8373683498263773,-1.8618870837363457,8.0,-4.272206305050416,-1.8618870837363457,-1.8618870837363453,8.0,-4.300748181693193,-1.8618870837363453,-1.8373683498263773,12.0,16.022571646194944,-28.02256990725548,16.0,16.022571646194944,-32.022570134307706,14.0,16.022571646194944,-30.022570028005006,20.0,-3.977425443002431,-16.022571646194944,10.0,-3.9774254430024336,-6.022565607391735,12.836140107872508,-0.07976649645436605,-13.0
7.171717171717171,8.0,-4.327539272780824,-1.8380914730606486,-1.8380914730606486,8.0,-4.30074670280431,-1.8380914730606486,-1.8611650258668293,8.0,-4.273889164088918,-1.8611650258668293,-1.8611650258668293,8.0,-4.30074670280431,-1.8611650258668293,-1.8380914730606486,12.0,16.022576082260898,-28.02257454221674,16.0,16.022576082260898,-32.02257474335088,14.0,16.022576082260898,-30.022574649154503,20.0,-3.9774213398780462,-16.022576082260898,10.0,-3.9774213398780462,-6.022570734120865,12.83614721559195,-0.07783516221536413,-13.0
7.2727272727272725,8.0,-4.3259605549747215,-1.8387719496720996,-1.8387719496720998,8.0,-4.300745393078636,-1.8387719496720998,-1.8604854927447438,8.0,-4.27547269510841,-1.8604854927447438,-1.8604854927447434,8.0,-4.300745393078637,-1.8604854927447434,-1.8387719496720998,12.0,16.022580010915643,-28.022578647027746,16.0,16.022580010915643,-32.02257882311257,14.0,16.022580010915643,-30.022578741627473,20.0,-3.9774177060932985,-16.022580010915643,10.0,-3.9774177060933007,-6.022575274474971,12.836153510309678,-0.07596522237794186,-13.0
7.373737373737374,8.0,-4.324474745750015,-1.839412295543233,-1.839412295543233,8.0,-4.300744233171055,-1.839412295543233,-1.8598459824278242,8.0,-4.276962766946466,-1.8598459824278242,-1.8598459824278242,8.0,-4.300744233171055,-1.8598459824278242,-1.839412295543233,12.0,16.022583490183052,-28.022582282309475,16.0,16.022583490183052,-32.022582438426255,14.0,16.022583490183052,-30.022582366097005,20.0,-3.977414487975075,-16.022583490183052,10.0,-3.977414487975075,-6.02257929550009,12.836159084994328,-0.07415403452655726,-13.0
7.474747474747475,8.0,-4.323076386595044,-1.8400148780926664,-1.8400148780926664,8.0,-4.3007432059476445,-1.8400148780926664,-1.859244139844133,8.0,-4.278364901089763,-1.859244139844133,-1.859244139844133,8.0,-4.3007432059476445,-1.859244139844133,-1.8400148780926664,12.0,16.022586571455484,-28.02258550175157,16.0,16.022586571455484,-32.02258564119533,14.0,16.022586571455484,-30.022585576016983,20.0,-3.9774116379853446,-16.022586571455484,10.0,-3.9774116379853446,-6.0225828565810415,12.83616402198928,-0.07239910492050942,-13.0
7.575757575757575,8.0,-4.321760338542723,-1.8405819250321018,-1.8405819250321018,8.0,-4.300742296233289,-1.8405819250321018,-1.8586777482154186,8.0,-4.279684292277022,-1.8586777482154186,-1.8586777482154186,8.0,-4.300742296233289,-1.8586777482154186,-1.8405819250321018,12.0,16.02258930025082,-28.02258835291302,16.0,16.02258930025082,-32.02258847618581,14.0,16.02258930025082,-30.02258841867296,20.0,-3.9774091140208627,-16.02258930025082,10.0,-3.9774091140208627,-6.022586010315539,12.836168394225608,-0.07069807810215743,-13.0
7.6767676767676765,8.0,-4.320521763613082,-1.841115532610873,-1.841115532610873,8.0,-4.300741490587996,-1.841115532610873,-1.858144720975921,8.0,-4.280925827883592,-1.858144720975921,-1.858144720975921,8.0,-4.300741490587996,-1.858144720975921,-1.841115532610873,12.0,16.022591716882715,-28.02259087791724,16.0,16.022591716882715,-32.022590986412496,14.0,16.022591716882715,-30.022590936118338,20.0,-3.9774068787925403,-16.022591716882715,10.0,-3.9774068787925403,-6.022588803288965,12.83617226629593,-0.06904872739583745,-13.0
7.777777777777778,8.0,-4.319356107312673,-1.8416176733740615,-1.841617673374061,8.0,-4.300740777108477,-1.841617673374061,-1.8576430941572153,8.0,-4.282094106151263,-1.8576430941572153,-1.8576430941572157,8.0,-4.3007407771084765,-1.8576430941572157,-1.841617673374061,12.0,16.022593857055146,-28.022593114067423,16.0,16.022593857055146,-32.02259321034637,14.0,16.022593857055146,-30.022593165619135,20.0,-3.9774048992749047,-16.022593857055146,10.0,-3.9774048992749016,-6.022591276761096,12.836175695407064,-0.06744894617707968,-13.0
7.878787878787879,8.0,-4.3182590821340066,-1.8420902034632054,-1.8420902034632052,8.0,-4.300740145252377,-1.8420902034632052,-1.8571710192134399,8.0,-4.283193453333153,-1.8571710192134399,-1.85717101921344,8.0,-4.300740145252376,-1.85717101921344,-1.8420902034632052,12.0,16.022595752389865,-28.022595094400728,16.0,16.022595752389865,-32.02259518004357,14.0,16.022595752389865,-30.022595140075676,20.0,-3.9774031462184114,-16.022595752389865,10.0,-3.9774031462184087,-6.022593467274651,12.836178732225088,-0.06589673984327431,-13.0
7.979797979797979,8.0,-4.317226652001043,-1.8425348694868369,-1.8425348694868366,8.0,-4.300739585682822,-1.8425348694868366,-1.8567267562625802,8.0,-4.2842279398191,-1.8567267562625802,-1.8567267562625807,8.0,-4.300739585682821,-1.8567267562625807,-1.8425348694868366,12.0,16.02259743089319,-28.0225968481794,16.0,16.02259743089319,-32.02259692387293,14.0,16.02259743089319,-30.02259688862228,20.0,-3.977401593718138,-16.02259743089319,10.0,-3.9774015937181364,-6.022595407194353,12.836181421623252,-0.06439021842197043,-13.0
8.080808080808081,8.0,-4.316255017608814,-1.8429533149862665,-1.842953314986266,8.0,-4.300739090130814,-1.842953314986266,-1.8563086677203486,8.0,-4.2852013953029875,-1.8563086677203486,-1.856308667720349,8.0,-4.300739090130813,-1.856308667720349,-1.842953314986266,12.0,16.02259891736876,-28.02259840132009,16.0,16.02259891736876,-32.02259846814633,14.0,16.02259891736876,-30.02259843712434,20.0,-3.9774002188319724,-16.02259891736876,10.0,-3.97740021883197,-6.022597125184255,12.83618380334333,-0.06292758976207684,-13.0
8.181818181818182,8.0,-4.3153406026069865,-1.843347086520019,-1.8433470865200186,8.0,-4.300738651273166,-1.8433470865200186,-1.85591521230403,8.0,-4.286117423048538,-1.85591521230403,-1.8559152123040303,8.0,-4.300738651273165,-1.8559152123040303,-1.8433470865200186,12.0,16.022600233783116,-28.02259977677382,16.0,16.022600233783116,-32.02259983606374,14.0,16.022600233783116,-30.02259980848675,20.0,-3.9773990012419556,-16.022600233783116,10.0,-3.9773990012419524,-6.022598646630466,12.83618591258134,-0.06150715325481703,-13.0
8.282828282828282,8.0,-4.314480040579885,-1.8437176393890444,-1.843717639389044,8.0,-4.300738262624245,-1.843717639389044,-1.8555449393850514,8.0,-4.286979413306672,-1.8555449393850514,-1.8555449393850516,8.0,-4.300738262624244,-1.8555449393850516,-1.843717639389044,12.0,16.022601399590275,-28.022600994866163,16.0,16.022601399590275,-32.02260104748443,14.0,16.022601399590275,-30.02260102295754,20.0,-3.9773979229539105,-16.022601399590275,10.0,-3.9773979229539083,-6.0225999940157635,12.836187780507613,-0.0601272940347343,-13.0
8.383838383838384,8.0,-4.313670162778555,-1.8440663430239714,-1.8440663430239714,8.0,-4.300737918440169,-1.8440663430239714,-1.8551964836705708,8.0,-4.287790555935095,-1.8551964836705708,-1.8551964836705708,8.0,-4.300737918440169,-1.8551964836705708,-1.8440663430239714,12.0,16.0226024320194,-28.022602073598943,16.0,16.0226024320194,-32.02260212012269,14.0,16.0226024320194,-30.02260209847306,20.0,-3.9773969680316372,-16.0226024320194,10.0,-3.9773969680316372,-6.022601187251617,12.8361894347277,-0.058786477617411265,-13.0
8.484848484848484,8.0,-4.31290798656278,-1.8443944860544208,-1.8443944860544208,8.0,-4.300737613634061,-1.8443944860544208,-1.8548685601953292,8.0,-4.288553852267993,-1.8548685601953292,-1.8548685601953292,8.0,-4.300737613634061,-1.8548685601953292,-1.8443944860544208,12.0,16.02260334632918,-28.02260302891537,16.0,16.02260334632918,-32.02260307005799,14.0,16.02260334632918,-30.022603050939995,20.0,-3.9773961223617813,-16.02260334632918,10.0,-3.9773961223617813,-6.022602243972259,12.836190899689953,-0.05748324493647576,-13.0
8.585858585858587,8.0,-4.312190704512841,-1.8447032810790753,-1.8447032810790749,8.0,-4.300737343700966,-1.8447032810790749,-1.8545599596058553,8.0,-4.28927212628063,-1.8545599596058553,-1.8545599596058555,8.0,-4.300737343700965,-1.8545599596058555,-1.8447032810790749,12.0,16.02260415603282,-28.022603874934475,16.0,16.02260415603282,-32.022603911419196,14.0,16.02260415603282,-30.022603894441534,20.0,-3.977395373445521,-16.02260415603282,10.0,-3.9773953734455194,-6.022603179794988,12.83619219704601,-0.05621620774612145,-13.0
8.686868686868687,8.0,-4.311515674172872,-1.8449938691540106,-1.8449938691540102,8.0,-4.300737104651274,-1.8449938691540102,-1.854269543720082,8.0,-4.289948035090632,-1.854269543720082,-1.8542695437200825,8.0,-4.300737104651273,-1.8542695437200825,-1.8449938691540102,12.0,16.022604873097546,-28.02260462415996,16.0,16.022604873097546,-32.02260465650005,14.0,16.022604873097546,-30.022604641437205,20.0,-3.97739471021384,-16.022604873097546,10.0,-3.9773947102138383,-6.022604008550671,12.836193345970461,-0.05498404435787578,-13.0
8.787878787878787,8.0,-4.310880408389837,-1.8452673240159283,-1.8452673240159283,8.0,-4.300736892951734,-1.8452673240159283,-1.8539962413465005,8.0,-4.290584078835527,-1.8539962413465005,-1.8539962413465005,8.0,-4.300736892951734,-1.8539962413465005,-1.8452673240159283,12.0,16.022605508121675,-28.022605287665424,16.0,16.022605508121675,-32.02260531627384,14.0,16.022605508121675,-30.022605302964468,20.0,-3.9773941228638785,-16.022605508121675,10.0,-3.9773941228638785,-6.022604742488044,12.836194363444552,-0.05378549568308903,-13.0
8.88888888888889,8.0,-4.3102825662142825,-1.845524656055992,-1.8455246560559915,8.0,-4.300736705473269,-1.8455246560559915,-1.8537390443479276,8.0,-4.291182609963805,-1.8537390443479276,-1.853739044347928,8.0,-4.300736705473268,-1.853739044347928,-1.8455246560559915,12.0,16.02260607049125,-28.022605875257906,16.0,16.02260607049125,-32.02260590057876,14.0,16.02260607049125,-30.022605888805472,20.0,-3.977393602714148,-16.02260607049125,10.0,-3.9773936027141463,-6.022605392454728,12.836195264507152,-0.05261936155564379,-13.0
8.98989898989899,8.0,-4.309719944330718,-1.8457668160589753,-1.8457668160589749,8.0,-4.300736539444777,-1.8457668160589749,-1.8534970039357028,8.0,-4.29174584197446,-1.8534970039357028,-1.8534970039357033,8.0,-4.3007365394447765,-1.8534970039357033,-1.8457668160589749,12.0,16.022606568518615,-28.02260639562249,16.0,16.022606568518615,-32.02260641806613,14.0,16.022606568518615,-30.022606407621,20.0,-3.977393142076347,-16.022606568518615,10.0,-3.977393142076344,-6.022605968057506,12.836196062476795,-0.05148449731204279,-13.0
9.09090909090909,8.0,-4.309190468987222,-1.8459946987215579,-1.8459946987215572,8.0,-4.300736392412185,-1.8459946987215572,-1.8532692271809073,8.0,-4.292275857637908,-1.8532692271809073,-1.8532692271809077,8.0,-4.300736392412184,-1.8532692271809077,-1.8459946987215572,12.0,16.02260700956508,-28.022606856450576,16.0,16.02260700956508,-32.02260687633298,14.0,16.02260700956508,-30.022606867076867,20.0,-3.9773927341417528,-16.02260700956508,10.0,-3.9773927341417505,-6.0226064778041755,12.8361967691482,-0.05037981060810838,-13.0
9.191919191919192,8.0,-4.308692188395558,-1.846209145962802,-1.8462091459628018,8.0,-4.3007362622021725,-1.8462091459628018,-1.8530548737300006,8.0,-4.292774616729134,-1.8530548737300006,-1.853054873730001,8.0,-4.300736262202172,-1.853054873730001,-1.8462091459628018,12.0,16.022607400149756,-28.02260726455366,16.0,16.022607400149756,-32.022607282149075,14.0,16.022607400149756,-30.022607273963555,20.0,-3.9773923728805913,-16.022607400149756,10.0,-3.9773923728805887,-6.022606929229222,12.836197394966687,-0.049304258453291096,-13.0
9.292929292929292,8.0,-4.308223265574725,-1.8464109500390984,-1.846410950039098,8.0,-4.300736146890045,-1.846410950039098,-1.8528531527129883,8.0,-4.293243963302138,-1.8528531527129883,-1.852853152712989,8.0,-4.300736146890044,-1.852853152712989,-1.846410950039098,12.0,16.02260774604602,-28.022607625964035,16.0,16.02260774604602,-32.02260764154353,14.0,16.02260774604602,-30.022607634297014,20.0,-3.9773920529528826,-16.02260774604602,10.0,-3.9773920529528803,-6.02260732900516,12.836197949182697,-0.04825684444528581,-13.0
9.393939393939394,8.0,-4.3077819716124255,-1.8466008564751597,-1.8466008564751595,8.0,-4.300736044771302,-1.8466008564751595,-1.8526633198329538,8.0,-4.29368563253306,-1.8526633198329538,-1.8526633198329545,8.0,-4.300736044771301,-1.8526633198329545,-1.8466008564751595,12.0,16.022608052366774,-28.022607946023907,16.0,16.022608052366774,-32.02260795982822,14.0,16.022608052366774,-30.022607953403845,20.0,-3.977391769629573,-16.022608052366774,10.0,-3.9773917696295706,-6.022607683041175,12.836198439988431,-0.047236616189461886,-13.0
9.494949494949495,8.0,-4.3073666793202285,-1.8467795668218974,-1.8467795668218974,8.0,-4.300735954336444,-1.8467795668218974,-1.8524846746263284,8.0,-4.29410125715759,-1.8524846746263284,-1.8524846746263284,8.0,-4.300735954336444,-1.8524846746263284,-1.8467795668218974,12.0,16.022608323639965,-28.022608229464282,16.0,16.022608323639965,-32.02260824169013,14.0,16.022608323639965,-30.022608235999996,20.0,-3.977391518722625,-16.022608323639965,10.0,-3.977391518722625,-6.022607996570451,12.836198874638834,-0.04624266288852283,-13.0
9.595959595959595,8.0,-4.306975857259528,-1.846947741251341,-1.8469477412513413,8.0,-4.300735874248687,-1.8469477412513413,-1.852316557883905,8.0,-4.294492373526639,-1.852316557883905,-1.8523165578839045,8.0,-4.300735874248688,-1.8523165578839045,-1.8469477412513413,12.0,16.022608563875483,-28.0226084804749,16.0,16.022608563875483,-32.02260849129757,14.0,16.022608563875483,-30.022608486262598,20.0,-3.9773912965231952,-16.022608563875483,10.0,-3.9773912965231975,-6.022608274227449,12.8361992595588,-0.045274113088329536,-13.0
9.696969696969697,8.0,-4.306608064117319,-1.8471060009984965,-1.8471060009984968,8.0,-4.3007358033242,-1.8471060009984968,-1.852158349223408,8.0,-4.2948604273036235,-1.852158349223408,-1.8521583492234077,8.0,-4.3007358033242005,-1.8521583492234077,-1.8471060009984968,12.0,16.022608776624416,-28.022608702766124,16.0,16.022608776624416,-32.02260871235036,14.0,16.022608776624416,-30.022608707891553,20.0,-3.9773910997467996,-16.022608776624416,10.0,-3.977391099746802,-6.022608520116394,12.836199600438091,-0.04433013257137342,-13.0
9.797979797979798,8.0,-4.306261943410936,-1.8472549306588946,-1.847254930658895,8.0,-4.30073574051459,-1.847254930658895,-1.8520094648045236,8.0,-4.295206778824006,-1.8520094648045236,-1.8520094648045227,8.0,-4.3007357405145905,-1.8520094648045227,-1.847254930658895,12.0,16.022608965031562,-28.022608899623812,16.0,16.022608965031562,-32.022608908114016,14.0,16.022608965031562,-30.022608904162954,20.0,-3.9773909254847255,-16.022608965031562,10.0,-3.9773909254847277,-6.022608737871932,12.836199902315492,-0.04340992238386954,-13.0
9.8989898989899,8.0,-4.305936218502809,-1.8473950803504486,-1.847395080350449,8.0,-4.3007356848913965,-1.847395080350449,-1.8518693551781351,8.0,-4.295532708137351,-1.8518693551781351,-1.8518693551781347,8.0,-4.300735684891397,-1.8518693551781347,-1.847395080350449,12.0,16.022609131881957,-28.022609073957895,16.0,16.022609131881957,-32.02260908147654,14.0,16.022609131881957,-30.022609077977716,20.0,-3.9773907711610046,-16.022609131881957,10.0,-3.977390771161007,-6.022608930712881,12.836200169653356,-0.042512716987176125,-13.0
10.0,8.0,-4.305629687881385,-1.8475269677590156,-1.847526967759016,8.0,-4.3007356356322175,-1.847526967759016,-1.85173750325075,8.0,-4.295839419777368,-1.85173750325075,-1.8517375032507495,8.0,-4.300735635632218,-1.8517375032507495,-1.847526967759016,12.0,16.02260927964249,-28.022609228345868,16.0,16.02260927964249,-32.02260923500326,14.0,16.02260927964249,-30.02260923190567,20.0,-3.9773906344939207,-16.02260927964249,10.0,-3.977390634493923,-6.022609101490358,12.836200406404286,-0.0416377825145455,-13.0
