time,x1,x2,x3,x4,x5,x6,x7
0.000000000000000000e+00,1.000000000000000000e+00,2.000000000000000000e+00,3.000000000000000000e+00,3.499999999999999556e+00,2.000000000000000111e-01,2.999999999999999889e-01,4.000000000000000222e-01
1.004016064257028107e-01,1.072366580409890302e+00,1.558086196249961697e+00,3.209056813771904881e+00,2.849907480893988154e+00,2.040791923152827647e-01,2.968150880401617120e-01,4.077859689062273141e-01
2.008032128514056214e-01,1.276145585297738583e+00,1.245642350338566295e+00,3.423593587242628189e+00,2.553840151840904849e+00,2.082947752312865330e-01,2.933185636405585828e-01,4.150634497427962977e-01
3.012048192771084043e-01,1.599895199074503394e+00,1.006374936038816337e+00,3.492380944553761690e+00,2.430373338194192101e+00,2.126609024409742421e-01,2.895608281153058128e-01,4.218099105931829018e-01
4.016064257028112428e-01,2.037315391578143231e+00,8.384589893881277956e-01,3.333430774300702559e+00,2.412509153016499486e+00,2.171902580012603223e-01,2.855908416172204811e-01,4.280052071830398042e-01
5.020080321285140812e-01,2.554643174613724366e+00,7.444402757002491766e-01,2.945870917357155783e+00,2.469132849441230793e+00,2.218939793348143896e-01,2.814556839411289091e-01,4.336316832478767647e-01
6.024096385542168086e-01,3.078710120815352447e+00,7.236502301328817666e-01,2.409002697880243460e+00,2.578065866930138839e+00,2.267815918360946981e-01,2.772002066331116232e-01,4.386742559001209352e-01
7.028112449799196471e-01,3.513731991100087271e+00,7.765791054230340995e-01,1.843199140792800783e+00,2.714363185354470076e+00,2.318609518729552454e-01,2.728667704381180226e-01,4.431204851809921186e-01
8.032128514056224855e-01,3.778148717690552161e+00,9.086085113856749995e-01,1.350584030230823629e+00,2.848528346449287874e+00,2.371381956478970932e-01,2.684950610415762218e-01,4.469606275841683796e-01
9.036144578313253239e-01,3.831220006838777614e+00,1.129724046481426658e+00,9.792547407713979579e-01,2.952887849591421698e+00,2.426176921330047420e-01,2.641219752372850338e-01,4.501876736137260804e-01
1.004016064257028162e+00,3.672979671070875973e+00,1.450336039853956649e+00,7.291559213367523329e-01,3.009785864396290034e+00,2.483019990185987291e-01,2.597815692217099737e-01,4.527973696454312136e-01
1.104417670682730890e+00,3.331074154188411462e+00,1.873598308183480166e+00,5.781240603827086932e-01,3.014773684750208460e+00,2.541918212917162467e-01,2.555050606019407256e-01,4.547882244902777260e-01
1.204819277108433617e+00,2.852564702381402917e+00,2.385383200578385932e+00,5.031341273143947745e-01,2.974261632164603597e+00,2.602859726697936416e-01,2.513208758474667071e-01,4.561615011128387076e-01
1.305220883534136567e+00,2.301610194402121667e+00,2.945921922265617443e+00,4.901825439222585179e-01,2.901302413832032912e+00,2.665813406447896106e-01,2.472547352551108246e-01,4.569211939421348179e-01
1.405622489959839294e+00,1.752080424622237231e+00,3.489412448239650022e+00,5.372480523842363409e-01,2.811542895845369205e+00,2.730728563352189386e-01,2.433297679798357704e-01,4.570739921427475760e-01
1.506024096385542244e+00,1.269809560383615255e+00,3.934639532813641871e+00,6.550710406372720618e-01,2.719077085102751923e+00,2.797534706924345027e-01,2.395666502667155862e-01,4.566292291062605813e-01
1.606425702811244971e+00,8.939548268459585056e-01,4.201590657091114345e+00,8.672757099561210214e-01,2.632462995248917359e+00,2.866141388595968009e-01,2.359837606622595396e-01,4.555988182976817291e-01
1.706827309236947698e+00,6.315634879279029557e-01,4.226040498576670856e+00,1.208100359270381396e+00,2.552633874908642131e+00,2.936438146347978284e-01,2.325973466558164393e-01,4.539971754688129080e-01
1.807228915662650648e+00,4.676919225015772619e-01,3.971751792627885358e+00,1.713223114627558274e+00,2.474233976324149875e+00,3.008294570432619164e-01,2.294216978778077509e-01,4.518411271504345628e-01
1.907630522088353375e+00,3.812236223038918959e-01,3.447621279896574187e+00,2.398791312207629645e+00,2.390306546223069706e+00,3.081560509792867775e-01,2.264693216395126663e-01,4.491498052750961256e-01
2.008032128514056325e+00,3.570291064079352816e-01,2.728061077953514157e+00,3.231334084639212012e+00,2.298533132574931859e+00,3.156066437383671097e-01,2.237511172269847359e-01,4.459445277765246574e-01
2.108433734939759052e+00,3.926682901189813557e-01,1.950808306962021677e+00,4.108166888158164554e+00,2.205644891865740309e+00,3.231623990303984506e-01,2.212765459449365646e-01,4.422486650700075406e-01
2.208835341365461780e+00,5.023307280489855975e-01,1.265994861877104638e+00,4.873587598064691662e+00,2.126603874093887736e+00,3.308026697529979909e-01,2.190537944402338733e-01,4.380874924456468755e-01
2.309236947791164507e+00,7.195844491939177301e-01,7.642263098956080247e-01,5.365923727789124520e+00,2.079172266076549924e+00,3.385050904209293554e-01,2.170899293136583086e-01,4.334880286027902319e-01
2.409638554216867234e+00,1.095451395772562009e+00,4.503646990404495676e-01,5.458920897445552534e+00,2.079287984052895499e+00,3.462456897064526973e-01,2.153910414519735472e-01,4.284788608139819543e-01
2.510040160642570406e+00,1.681253378209386140e+00,2.775020556596879961e-01,5.085440644474116922e+00,2.140836558098910825e+00,3.539990230626270384e-01,2.139623788801440774e-01,4.230899575199211782e-01
2.610441767068273133e+00,2.484590702206128210e+00,1.930014454588738493e-01,4.272934686846864949e+00,2.276311217792365227e+00,3.617383248952324437e-01,2.128084672484948647e-01,4.173524695087215131e-01
2.710843373493975861e+00,3.414719380617534661e+00,1.609461566168135238e-01,3.188243879446348572e+00,2.490834472621204387e+00,3.694356792391504385e-01,2.119332173350059190e-01,4.112985212052530648e-01
2.811244979919678588e+00,4.286610824150837828e+00,1.637572632028635178e-01,2.104380146059125156e+00,2.767357313510051764e+00,3.770622074025071213e-01,2.113400191633482972e-01,4.049609939692392913e-01
2.911646586345381316e+00,4.924316217324139267e+00,1.969781740790673419e-01,1.250137838693178072e+00,3.057564693207507123e+00,3.845882705871199181e-01,2.110318225178241525e-01,3.983733036529729099e-01
3.012048192771084487e+00,5.263668235243233795e+00,2.647498953345241435e-01,6.929080258653103064e-01,3.300485132659050969e+00,3.919836850959927399e-01,2.110112037825748743e-01,3.915691749801734622e-01
3.112449799196787215e+00,5.343577344273836793e+00,3.776720133714789873e-01,3.738906395455174891e-01,3.457966657303197522e+00,3.992179474144879614e-01,2.112804191499904061e-01,3.845824155576029746e-01
3.212851405622489942e+00,5.229846124975891186e+00,5.523681282993173625e-01,2.041738025272565038e-01,3.527660461420272231e+00,4.062604662147908940e-01,2.118414443379091350e-01,3.774466925043241106e-01
3.313253012048192669e+00,4.963781509556097760e+00,8.109491197141575070e-01,1.165990231979838754e-01,3.526999167849194095e+00,4.130807981919514260e-01,2.126960010325887052e-01,3.701953147681608658e-01
3.413654618473895397e+00,4.556722193894573003e+00,1.178066210137009184e+00,7.175430615303622639e-02,3.474384427110640772e+00,4.196488845985953953e-01,2.138455703398748353e-01,3.628610241872770592e-01
3.514056224899598568e+00,4.009399551237627257e+00,1.673365794610453872e+00,4.903032213568225828e-02,3.382479311640981923e+00,4.259352854030821756e-01,2.152913935861805461e-01,3.554757982442547370e-01
3.614457831325301296e+00,3.337839524905023225e+00,2.298922473756043861e+00,3.828782489697999530e-02,3.260882635601241919e+00,4.319114081452651299e-01,2.170344608666140429e-01,3.480706672559621961e-01
3.714859437751004023e+00,2.592786430308384737e+00,3.026257555722468240e+00,3.492663906223573284e-02,3.121342175227398652e+00,4.375497287956702230e-01,2.190754877976398840e-01,3.406755484485791685e-01
3.815261044176706751e+00,1.858146929232531219e+00,3.793417154745451381e+00,3.748404594278026414e-02,2.980225794303914100e+00,4.428240022216949900e-01,2.214148809966448583e-01,3.333190989989818775e-01
3.915662650602409478e+00,1.222354349124585848e+00,4.520202512061967326e+00,4.674767414974449059e-02,2.855761001799638432e+00,4.477094602089926045e-01,2.240526928836286957e-01,3.260285896986108156e-01
4.016064257028112650e+00,7.406135675755406433e-01,5.134912757178200060e+00,6.581575686586271789e-02,2.761799582108495521e+00,4.521829953611836705e-01,2.269885664874043973e-01,3.188298004253168338e-01
4.116465863453814933e+00,4.182703487426850941e-01,5.593974327385121903e+00,1.008839550837238308e-01,2.702864035863128844e+00,4.562233295820004031e-01,2.302216710369342501e-01,3.117469381195216438e-01
4.216867469879518104e+00,2.243738338512478170e-01,5.882734628314844727e+00,1.627488223340844975e-01,2.673696710916144692e+00,4.598111662137825406e-01,2.337506292317526602e-01,3.048025774676395017e-01
4.317269076305221276e+00,1.170653098655517477e-01,6.001775470430137815e+00,2.690896216439623290e-01,2.662547095307449041e+00,4.629293252459698027e-01,2.375734372125489768e-01,2.980176240183035619e-01
4.417670682730923559e+00,6.107491673903205076e-02,5.950013760050242517e+00,4.473187365212048516e-01,2.655307429640797690e+00,4.655628613023427009e-01,2.416873783929416597e-01,2.914112990113242319e-01
4.518072289156626731e+00,3.292048839382274300e-02,5.713215985689387821e+00,7.366910713578785908e-01,2.638303479328210965e+00,4.676991643550580946e-01,2.460889324639757569e-01,2.850011447991273594e-01
4.618473895582329014e+00,1.907266403906437285e-02,5.264079153221846497e+00,1.185866081829515473e+00,2.599517869275806969e+00,4.693280432902446897e-01,2.507736810404636585e-01,2.788030493960288458e-01
4.718875502008032186e+00,1.244466799315423547e-02,4.580768717660551381e+00,1.838992333389316114e+00,2.529755944337633622e+00,4.704417925617970231e-01,2.557362115783273215e-01,2.728312884090964840e-01
4.819277108433734469e+00,9.598350882191941311e-03,3.685893750631174637e+00,2.705427122743811807e+00,2.425578696565715120e+00,4.710352422193097022e-01,2.609700213487906595e-01,2.670985823891192101e-01
4.919678714859437640e+00,9.073016665955632373e-03,2.683132149990992588e+00,3.725736118085188675e+00,2.293490994593859078e+00,4.711057915893211989e-01,2.664674234017897492e-01,2.616161674917086288e-01
5.020080321285140812e+00,1.058483063230976004e-02,1.740300728035953481e+00,4.771288083694140703e+00,2.150792700625923093e+00,4.706534268363727902e-01,2.722194565795681420e-01,2.563938772543946087e-01
5.120481927710843095e+00,1.481947687905223535e-02,1.003661112108025000e+00,5.698912372113933422e+00,2.018981871457092403e+00,4.696807225449741163e-01,2.782158017437802444e-01,2.514402332709292920e-01
5.220883534136546267e+00,2.368656132334931094e-02,5.210812702726695944e-01,6.417857477410515266e+00,1.913793599080964469e+00,4.681928273606493218e-01,2.844447064468238473e-01,2.467625425723402877e-01
5.321285140562248550e+00,4.107997497459780351e-02,2.490836111814463405e-01,6.909469109140365717e+00,1.840453432711318671e+00,4.661974336241161976e-01,2.908929203020949594e-01,2.423669995977516256e-01
5.421686746987951722e+00,7.439323245552607877e-02,1.125539984969471247e-01,7.199431468114426913e+00,1.796185712315651717e+00,4.637047308437557969e-01,2.975456432803965101e-01,2.382587907481545642e-01
5.522088353413654893e+00,1.372541008796658302e-01,4.935526616434442182e-02,7.320262428356085316e+00,1.775491154253179715e+00,4.607273427932668253e-01,3.043864890740925477e-01,2.344421996545004716e-01
5.622489959839357176e+00,2.540100558723083490e-01,2.155046271911962089e-02,7.285769861101772271e+00,1.774398741392993362e+00,4.572802480072544196e-01,3.113974655216780740e-01,2.309207114492823065e-01
5.722891566265060348e+00,4.658130618212918961e-01,9.641011088445434682e-03,7.077542069080942078e+00,1.793050835906046636e+00,4.533806834881045633e-01,3.185589738704038831e-01,2.276971145003588715e-01
5.823293172690762631e+00,8.349842297341565356e-01,4.584188149388771644e-03,6.641171845311123256e+00,1.837431744751396145e+00,4.490480315398774347e-01,3.258498283733658463e-01,2.247735982401678212e-01
5.923694779116465803e+00,1.436003152484919276e+00,2.434774205512433252e-03,5.902562733529486572e+00,1.920603454328277504e+00,4.443036898120263922e-01,3.332472973730867816e-01,2.221518458967058907e-01
6.024096385542168974e+00,2.311939906380488630e+00,1.534737504398260566e-03,4.827877691665261040e+00,2.061832988861648897e+00,4.391709248659401710e-01,3.407271666224691020e-01,2.198331210998790697e-01
6.124497991967871258e+00,3.395627474165221038e+00,1.211124930498742999e-03,3.520476846089004130e+00,2.278872750678256232e+00,4.336747098645233334e-01,3.482638251458737289e-01,2.178183474943150288e-01
6.224899598393574429e+00,4.477412607218306029e+00,1.214408615241708211e-03,2.243017516035298087e+00,2.569220853313932906e+00,4.278415473188742491e-01,3.558303734609637448e-01,2.161081806348872092e-01
6.325301204819276712e+00,5.321446386093724890e+00,1.487647535096078052e-03,1.256081243705424511e+00,2.891607051891183833e+00,4.216992781923860623e-01,3.633987534815698583e-01,2.147030715724653205e-01
6.425702811244979884e+00,5.831583652691389119e+00,2.077220822010198038e-03,6.379759589513839257e-01,3.178378244945533115e+00,4.152768790440162783e-01,3.709398989210628828e-01,2.136033216541728952e-01
6.526104417670683056e+00,6.068736503641079416e+00,3.109980234434184775e-03,3.060316478507491555e-01,3.380414558545812742e+00,4.086042492697591344e-01,3.784239045335505702e-01,2.128091281649453770e-01
6.626506024096385339e+00,6.147245316255721015e+00,4.812201217053025185e-03,1.432544025851455738e-01,3.493331568987035229e+00,4.017119908542957085e-01,3.858202120859106632e-01,2.123206205263942770e-01
6.726907630522088510e+00,6.155488318203596876e+00,7.561600744807109135e-03,6.669868362502046066e-02,3.541898830143869414e+00,3.946311833536012004e-01,3.930978105654357457e-01,2.121378868464654788e-01
6.827309236947790794e+00,6.140081752842559304e+00,1.197433365180192166e-02,3.114649088706264446e-02,3.554341881826940330e+00,3.873931570757369047e-01,4.002254478118472680e-01,2.122609906811684100e-01
6.927710843373493965e+00,6.118818540890736735e+00,1.904305295799797390e-02,1.462542596245852006e-02,3.550249690306340966e+00,3.800292675957925304e-01,4.071718505315677361e-01,2.126899779301683058e-01
7.028112449799197137e+00,6.094909620507191761e+00,3.035576256880835599e-02,6.909851049744933707e-03,3.539980079455097517e+00,3.725706748203965746e-01,4.139059495153196155e-01,2.134248738439322446e-01
7.128514056224899420e+00,6.065287136989274686e+00,4.843983908058203253e-02,3.286607772547487337e-03,3.527749380436387749e+00,3.650481298005252562e-01,4.203971068413544510e-01,2.144656701742456428e-01
7.228915662650602592e+00,6.023962774223296179e+00,7.729334504530115113e-02,1.576273789366625447e-03,3.514467809061818215e+00,3.574917723761042443e-01,4.266153419054275475e-01,2.158123025551267060e-01
7.329317269076304875e+00,5.962521724812908097e+00,1.231818564105715968e-01,7.646841492034699584e-04,3.499437094437625184e+00,3.499309425258484429e-01,4.325315532684262387e-01,2.174646182603274525e-01
7.429718875502008046e+00,5.869152870820514956e+00,1.957743527559970553e-01,3.772260608229415012e-04,3.481106340494982465e+00,3.423940079981661055e-01,4.381177335433925069e-01,2.194223345493997723e-01
7.530120481927711218e+00,5.727034312399768901e+00,3.096153532102977057e-01,1.908146694237400798e-04,3.457258638861099520e+00,3.349082104263246262e-01,4.433471748405248825e-01,2.216849878891918313e-01
7.630522088353413501e+00,5.512842911670416512e+00,4.856702894449048680e-01,1.002255264209895869e-04,3.424952957727247060e+00,3.274995316988114080e-01,4.481946626340971851e-01,2.242518744237312067e-01
7.730923694779116673e+00,5.196796980192284643e+00,7.520489665782649213e-01,5.566999287584971834e-05,3.380531066743716284e+00,3.201925818818398550e-01,4.526366562895267620e-01,2.271219821643952197e-01
7.831325301204818956e+00,4.746956779950077809e+00,1.141869157785765809e+00,3.352368472421618040e-05,3.320088296495650848e+00,3.130105094944081179e-01,4.566514548718458855e-01,2.302939154851277037e-01
7.931726907630522128e+00,4.141507055214918687e+00,1.685047566559016108e+00,2.257265293458367563e-05,3.240911510420753316e+00,3.059749344363330570e-01,4.602193472290320719e-01,2.337658126346249809e-01
8.032128514056225299e+00,3.390029929168616007e+00,2.391811860653564548e+00,1.755813182639711923e-05,3.144129769095403759e+00,2.991059033845198667e-01,4.633227456872537342e-01,2.375352571184356776e-01
8.132530120481927582e+00,2.553857373055963720e+00,3.232575419961615903e+00,1.618260880270593275e-05,3.037623246133001054e+00,2.924218670187925251e-01,4.659463029950619006e-01,2.415991839573701783e-01
8.232931726907629866e+00,1.741820963624278074e+00,4.130038846524533014e+00,1.779403136262058574e-05,2.936409364778275854e+00,2.859396780292243201e-01,4.680770123988914344e-01,2.459537819922254509e-01
8.333333333333333925e+00,1.066428484700518098e+00,4.979719712618861038e+00,2.293081835156248502e-05,2.857877134081505677e+00,2.796746085030499263e-01,4.697042909155497159e-01,2.505943935749590512e-01
8.433734939759036209e+00,5.878108680106109984e-01,5.691690523285162229e+00,3.336691043117441177e-05,2.813545952013549289e+00,2.736403849977867564e-01,4.708200459863519094e-01,2.555154131585538058e-01
8.534136546184738492e+00,2.957507304850556795e-01,6.222769002913241643e+00,5.253559996810348929e-05,2.803475135085310210e+00,2.678492393819765782e-01,4.714187257540377041e-01,2.607101864662126345e-01
8.634538152610442552e+00,1.386400142223601639e-01,6.578802817685561521e+00,8.640198891056167629e-05,2.817637791942237069e+00,2.623119733667946818e-01,4.714973532036900172e-01,2.661709120783052329e-01
8.734939759036144835e+00,6.186806150367753915e-02,6.795314498753677768e+00,1.450623706823000417e-04,2.842359126409551351e+00,2.570380345581858572e-01,4.710555443624991345e-01,2.718885474151750969e-01
8.835341365461847118e+00,2.676736484029339919e-02,6.915580863864751571e+00,2.455830115257427184e-04,2.866557327812242040e+00,2.520356018257658426e-01,4.700955106731768418e-01,2.778527212071242314e-01
8.935742971887549402e+00,1.137851435973750124e-02,6.976906642904231681e+00,4.169186641299384437e-04,2.884388682585218522e+00,2.473116778050065689e-01,4.686220455571558641e-01,2.840516546210613003e-01
9.036144578313253461e+00,4.792994406765322887e-03,7.005809058088804164e+00,7.083238049172288584e-04,2.894540961346256491e+00,2.428721864155246046e-01,4.666424950825800999e-01,2.904720932479225026e-01
9.136546184738955745e+00,2.010435638754137343e-03,7.018642803892500837e+00,1.203681187624562002e-03,2.898207960527377391e+00,2.387220733822482399e-01,4.641667125648473169e-01,2.970992521380752538e-01
9.236947791164658028e+00,8.418515559132646545e-04,7.024262241646408889e+00,2.045904353853197476e-03,2.897341323551635206e+00,2.348654078791955202e-01,4.612069968695593492e-01,3.039167759967032478e-01
9.337349397590362088e+00,3.523507215260296508e-04,7.026730308687925586e+00,3.478504395967556805e-03,2.893687551790605106e+00,2.313054835691811528e-01,4.577780141727695873e-01,3.109067165123943211e-01
9.437751004016064371e+00,1.474969524246159795e-04,7.027308348256809722e+00,5.916364415140194268e-03,2.888459007561312575e+00,2.280449174790970257e-01,4.538967029722196789e-01,3.180495285868911171e-01
9.538152610441766655e+00,6.178319139207538008e-05,7.025626956744908114e+00,1.006607377099920896e-02,2.882336070917328907e+00,2.250857453224448246e-01,4.495821622431502851e-01,3.253240869619131170e-01
9.638554216867468938e+00,2.591296256381881124e-05,7.020172376806010028e+00,1.712991572870338486e-02,2.875574697180207195e+00,2.224295120525213443e-01,4.448555227964621772e-01,3.327077244029324476e-01
9.738955823293172998e+00,1.089386508545402859e-05,7.008229525301464591e+00,2.914974154635952691e-02,2.868100324797798528e+00,2.200773565960233435e-01,4.397398021243275612e-01,3.401762922059946570e-01
9.839357429718875281e+00,4.598731324786982789e-06,6.985337485678998704e+00,4.958085330576548350e-02,2.859538373538522471e+00,2.180300898741674431e-01,4.342597433030281895e-01,3.477042433515830644e-01
9.939759036144577564e+00,1.955197664598272004e-06,6.944204437740953750e+00,8.423263122696685035e-02,2.849161798627182218e+00,2.162882653638581454e-01,4.284416388547865884e-01,3.552647381520072090e-01
1.004016064257028162e+01,8.413129843875215761e-07,6.872940401362024332e+00,1.427607990457046283e-01,2.835743229128655063e+00,2.148522415833257759e-01,4.223131408359689920e-01,3.628297717412292678e-01
1.014056224899598391e+01,3.694112190301490247e-07,6.752481054910445479e+00,2.408941983233514328e-01,2.817301981490324625e+00,2.137222360045273051e-01,4.159030588005315776e-01,3.703703222566013809e-01
1.024096385542168619e+01,1.677035505377669638e-07,6.553420626204558452e+00,4.033677698836525827e-01,2.790761658847709548e+00,2.128983699980486199e-01,4.092411476671920512e-01,3.778565180788786004e-01
1.034136546184739025e+01,8.035399666216488784e-08,6.233661771412719155e+00,6.667325421439848077e-01,2.751632277916363556e+00,2.123807045068402954e-01,4.023578878747198218e-01,3.852578220503024564e-01
1.044176706827309253e+01,4.190334728373941713e-08,5.741065582637171261e+00,1.079209623656251171e+00,2.694077952180843116e+00,2.121692662237752436e-01,3.952842605234362927e-01,3.925432301981546801e-01
1.054216867469879482e+01,2.478709372891999508e-08,5.029240423284948136e+00,1.691512266392145802e+00,2.612131448540174095e+00,2.122640641169895592e-01,3.880515204534577545e-01,3.996814821697147746e-01
1.064257028112449710e+01,1.744792695698154748e-08,4.093754295258920095e+00,2.531603199456412323e+00,2.502937720576374314e+00,2.126650962085439300e-01,3.806909703860210659e-01,4.066412803471323723e-01
1.074297188755020116e+01,1.521945011615081234e-08,3.016188223784313394e+00,3.567541153278817045e+00,2.371518731690497539e+00,2.133723465687583642e-01,3.732337393414729143e-01,4.133915144666335251e-01
1.084337349397590344e+01,1.668148460757670102e-08,1.966361767522379234e+00,4.688828933595491577e+00,2.233194361912872683e+00,2.143857725433932493e-01,3.657105685388249983e-01,4.199014885203027347e-01
1.094377510040160573e+01,2.242069960658207756e-08,1.121754282478177656e+00,5.742598533099686264e+00,2.108782489003038219e+00,2.157052822865831720e-01,3.581516078747774001e-01,4.261411467699206534e-01
1.104417670682730979e+01,3.503567721174331097e-08,5.628190874822394107e-01,6.607473219397670405e+00,2.014406214657276983e+00,2.173307027318532592e-01,3.505862258774582463e-01,4.320812958455380604e-01
1.114457831325301207e+01,6.006238987902933263e-08,2.531869862294517382e-01,7.239103001563165662e+00,1.954753233979772631e+00,2.192617381994012293e-01,3.430428357393674466e-01,4.376938201263527728e-01
1.124497991967871435e+01,1.080691921115515737e-07,1.048369291138850495e-01,7.659139642082061883e+00,1.924471005525168366e+00,2.214979199125639564e-01,3.355487396669601941e-01,4.429518878937448445e-01
1.134538152610441841e+01,1.987702295246714868e-07,4.099665380614432586e-02,7.918682531799935198e+00,1.913905286083745771e+00,2.240385467821369991e-01,3.281299933562518145e-01,4.478301460886174867e-01
1.144578313253012070e+01,3.688305079717843707e-07,1.545756011673922459e-02,8.069874080441723052e+00,1.913939579133458579e+00,2.268826179156943068e-01,3.208112919325759593e-01,4.523049018779313757e-01
1.154618473895582298e+01,6.864696308286503866e-07,5.702366908647552544e-03,8.153708864535094136e+00,1.918117343597881330e+00,2.300287574212947495e-01,3.136158781970491694e-01,4.563542896186566500e-01
1.164658634538152526e+01,1.278677435616713173e-06,2.077729922162402810e-03,8.198324245278648448e+00,1.922745435983950646e+00,2.334751322015423680e-01,3.065654735219862648e-01,4.599584221810723572e-01
1.174698795180722932e+01,2.381922654244926594e-06,7.519651936006871863e-04,8.221431953210494470e+00,1.926153188355139267e+00,2.372193635743534146e-01,2.996802312503633048e-01,4.630995259400879083e-01
1.184738955823293161e+01,4.436677494411744525e-06,2.711831030891954193e-04,8.233476777521669732e+00,1.927865237071288762e+00,2.412584337097937737e-01,2.929787119972578346e-01,4.657620590474173539e-01
1.194779116465863389e+01,8.263694230271573799e-06,9.761449213192363670e-05,8.240268868070566910e+00,1.927985656150658311e+00,2.455885880356321604e-01,2.864778798377288216e-01,4.679328128475964133e-01
1.204819277108433795e+01,1.539286473491330122e-05,3.510050354217532901e-05,8.244846132690053508e+00,1.926827864109312616e+00,2.502052349344071613e-01,2.801931180067289140e-01,4.696009964895528355e-01
1.214859437751004023e+01,2.867696486499261553e-05,1.261315015022653770e-05,8.248676801467279773e+00,1.924728405786588326e+00,2.551028442273306496e-01,2.741382624397589729e-01,4.707583049097801009e-01
1.224899598393574252e+01,5.343753372997546203e-05,4.530201648641367733e-06,8.252386523828564080e+00,1.921972099660040900e+00,2.602748461096547894e-01,2.683256512523686244e-01,4.713989704244639922e-01
1.234939759036144658e+01,9.960489367856833966e-05,1.626324235090281778e-06,8.256172689100008455e+00,1.918774607843148239e+00,2.657135323610396171e-01,2.627661880921242643e-01,4.715197981734723376e-01
1.244979919678714886e+01,1.857166300914045031e-04,5.835642830693665368e-07,8.260024724275082164e+00,1.915289776217134587e+00,2.714099617971419964e-01,2.574694171993247571e-01,4.711201856137720023e-01
1.255020080321285114e+01,3.463888971700598601e-04,2.092979302351692316e-07,8.263828220185173379e+00,1.911624812543234242e+00,2.773538720419329029e-01,2.524436079718758719e-01,4.702021261874112512e-01
1.265060240963855342e+01,6.462835794905117748e-04,7.503674806473438505e-08,8.267398719465406387e+00,1.907856021819042347e+00,2.835335997875848002e-01,2.476958468508173028e-01,4.687701971807864409e-01
1.275100401606425748e+01,1.206215183129401031e-03,2.689235275276551888e-08,8.270466944958032585e+00,1.904043170447098143e+00,2.899360117394642611e-01,2.432321343982643269e-01,4.668315317059406611e-01
1.285140562248995977e+01,2.251946167472988064e-03,9.637548987346107147e-09,8.272617352865644591e+00,1.900243488378889012e+00,2.965464484395414213e-01,2.390574855473688587e-01,4.643957746310226065e-01
1.295180722891566205e+01,4.205315094066824043e-03,3.454021285078048902e-09,8.273161412364407497e+00,1.896528362412961188e+00,3.033486830852837879e-01,2.351760311312079132e-01,4.614750222359674803e-01
1.305220883534136611e+01,7.854132240711120955e-03,1.238497869568055215e-09,8.270899162947605632e+00,1.893008142048538955e+00,3.103248973302241143e-01,2.315911189507762757e-01,4.580837453470680276e-01
1.315261044176706839e+01,1.466784073286295231e-02,4.446236091943470876e-10,8.263677787490543380e+00,1.889874440969058877e+00,3.174556758559457514e-01,2.283054128073398470e-01,4.542386957354704879e-01
1.325301204819277068e+01,2.737990324178081816e-02,1.600205939160246766e-10,8.247580203470416649e+00,1.887476571167197914e+00,3.247200212316756485e-01,2.253209880966308976e-01,4.499587956659478749e-01
1.335341365461847296e+01,5.104790803819928002e-02,5.786950562233784618e-11,8.215452875850763448e+00,1.886461915301032910e+00,3.320953902539951486e-01,2.226394227336167819e-01,4.452650106347380565e-01
1.345381526104417702e+01,9.493294432917145920e-02,2.111655191754054302e-11,8.154306748804726723e+00,1.888032778466514516e+00,3.395577525651479744e-01,2.202618823441534757e-01,4.401802055616791387e-01
1.355421686746987930e+01,1.756598867794705310e-01,7.833964250291835927e-12,8.040978015057435258e+00,1.894407797668646865e+00,3.470816719133978379e-01,2.181891988172253716e-01,4.347289849795081262e-01
1.365461847389558159e+01,3.219614279811802149e-01,2.994717599329546904e-12,7.835712414274973447e+00,1.909618411117592229e+00,3.546404099386579745e-01,2.164219414594846513e-01,4.289375180954062561e-01
1.375502008032128565e+01,5.799849692725190797e-01,1.207170238790072914e-12,7.475311427025824962e+00,1.940774459595886459e+00,3.622060518772193816e-01,2.149604801247284591e-01,4.228333499583454280e-01
1.385542168674698793e+01,1.013675866851083240e+00,3.717176536640036540e-13,6.873882201379804435e+00,1.999723539566474084e+00,3.697496530734170617e-01,2.138050398116279616e-01,4.164452003510959455e-01
1.395582329317269021e+01,1.685986253672316248e+00,-3.067552969544119730e-13,5.951134690336339794e+00,2.104150620772212044e+00,3.772414047040273943e-01,2.129557463270268236e-01,4.098027524037991531e-01
1.405622489959839427e+01,2.604612383755500193e+00,-7.769045477948267102e-13,4.708313856163254485e+00,2.275004018868332256e+00,3.846508166698059394e-01,2.124126627037349890e-01,4.029364332857838238e-01
1.415662650602409656e+01,3.655671594083510278e+00,-9.991560231455843391e-13,3.311326280919726361e+00,2.524884020939421436e+00,3.919469152115817034e-01,2.121758161414297461e-01,3.958771896496089959e-01
1.425702811244979884e+01,4.620820566426576015e+00,-9.777490669323221175e-13,2.047454113740633463e+00,2.837365664587752079e+00,3.990984524800683664e-01,2.122452153089178228e-01,3.886562607599294283e-01
1.435742971887550112e+01,5.317989976369998040e+00,-7.669062313909903264e-13,1.129448674330854718e+00,3.157548859419879950e+00,4.060741250440725314e-01,2.126208579081541594e-01,3.813049524221174269e-01
1.445783132530120518e+01,5.714974811074484684e+00,-4.380327064976912673e-13,5.749087696719729079e-01,3.420015502980831457e+00,4.128427981696191629e-01,2.133027284575114979e-01,3.738544149206368683e-01
1.455823293172690747e+01,5.894407742483187107e+00,-4.690749278258699597e-14,2.799173325222450437e-01,3.592314846259112571e+00,4.193737326482260275e-01,2.142907863067015639e-01,3.663354281765417442e-01
1.465863453815260975e+01,5.957524086011879660e+00,3.744708552751293872e-13,1.337799043279761235e-01,3.683937898865235816e+00,4.256368109959048907e-01,2.155849439513063404e-01,3.587781972345717163e-01
1.475903614457831381e+01,5.973046590019277957e+00,8.106293461785648928e-13,6.362197449431765406e-02,3.722911473409055372e+00,4.316027599803923809e-01,2.171850357739151527e-01,3.512121609953532397e-01
1.485943775100401609e+01,5.974949199079811812e+00,1.290547240049272713e-12,3.026353919848138313e-02,3.734520175232440842e+00,4.372433666527424934e-01,2.190907774041020439e-01,3.436658168243435507e-01
1.495983935742971838e+01,5.976026633161258594e+00,2.019680003249325928e-12,1.441257326745971554e-02,3.734535796513616113e+00,4.425316853467693989e-01,2.213017159634102504e-01,3.361665633078678717e-01
1.506024096385542244e+01,5.979399114637920398e+00,3.168887805420860070e-12,6.868236271227014592e-03,3.730738784469129765e+00,4.474422334486832797e-01,2.238171715462980438e-01,3.287405630029588965e-01
1.516064257028112472e+01,5.984830732280948418e+00,4.979309841417506804e-12,3.272764447021737390e-03,3.726185875605419806e+00,4.519511741103238167e-01,2.266361703853744802e-01,3.214126265592672782e-01
1.526104417670682700e+01,5.991432809070509791e+00,7.831172287314873657e-12,1.558563130124423178e-03,3.721702021199607024e+00,4.560364844624858471e-01,2.297573702603774581e-01,3.142061190971026097e-01
1.536144578313252929e+01,5.998529814371381441e+00,1.232428478121094864e-11,7.415743909119833915e-04,3.717286122382383873e+00,4.596781082601908985e-01,2.331789788357183646e-01,3.071428892249279397e-01
1.546184738955823335e+01,6.005776996974706350e+00,1.940530173110823638e-11,3.524998905624180138e-04,3.712753281969357833e+00,4.628580922412710019e-01,2.368986657507324012e-01,3.002432205908068807e-01
1.556224899598393563e+01,6.013057028443793861e+00,3.056928723995883972e-11,1.673894908821663694e-04,3.707960955316511598e+00,4.655607057878267674e-01,2.409134694388201936e-01,2.935258054020595253e-01
1.566265060240963791e+01,6.020362275025840759e+00,4.817891492898334151e-11,7.940852257837337886e-05,3.702850138076897668e+00,4.677725437350883086e-01,2.452196998142343598e-01,2.870077389298439918e-01
1.576305220883534197e+01,6.027718313705499042e+00,7.597029128710494627e-11,3.763435790048198228e-05,3.697424560472332811e+00,4.694826123661792194e-01,2.498128381349472849e-01,2.807045336517335343e-01
1.586345381526104426e+01,6.035147158251114696e+00,1.198550386168451832e-10,1.781912630761682128e-05,3.691721156574780949e+00,4.706823987609686788e-01,2.546874355227426445e-01,2.746301513829608187e-01
1.596385542168674654e+01,6.042654962728503776e+00,1.891929520445770664e-10,8.429025485194134988e-06,3.685788669024764541e+00,4.713659237337169960e-01,2.598370117911440458e-01,2.687970515110151837e-01
1.606425702811245060e+01,6.050231104746557342e+00,2.988128139941783117e-10,3.983476929057769040e-06,3.679675918552558045e+00,4.715297786022460413e-01,2.652539563930220723e-01,2.632162532790177090e-01
1.616465863453815288e+01,6.057850942481006307e+00,4.722226148003577000e-10,1.880826034627782970e-06,3.673426735041418922e+00,4.711731459952591683e-01,2.709294334408000604e-01,2.578974099583359325e-01
1.626506024096385516e+01,6.065478805934307438e+00,7.467130101772001478e-10,8.872171119512644561e-07,3.667078424367910650e+00,4.702978048273068201e-01,2.768532928735412679e-01,2.528488927066568914e-01
1.636546184738955745e+01,6.073070198666858488e+00,1.181476085720102052e-09,4.181143534820945105e-07,3.660661724014259377e+00,4.689081194641900874e-01,2.830139899304183193e-01,2.480778819292282777e-01
1.646586345381525973e+01,6.080573236061361797e+00,1.870525411389266152e-09,1.968643768221555061e-07,3.654201208230315245e+00,4.670110130273724680e-01,2.893985151239080178e-01,2.435904640013545064e-01
1.656626506024096201e+01,6.087929635747263646e+00,2.963313208904171190e-09,9.262104648525162373e-08,3.647715741034185388e+00,4.646159246101665974e-01,2.959923369182474451e-01,2.393917313738474772e-01
1.666666666666666785e+01,6.095075556863310595e+00,4.697588863070402200e-09,4.348894682769123033e-08,3.641218887284242367e+00,4.617347502503566514e-01,3.027793591778720206e-01,2.354858841520508506e-01
1.676706827309237013e+01,6.101942474895965418e+00,7.451539067254917064e-09,2.045935679145095537e-08,3.634719296721381721e+00,4.583817677407289182e-01,3.097418956638710030e-01,2.318763307889293579e-01
1.686746987951807242e+01,6.108458197358064723e+00,1.182750804968330690e-08,9.609001127412076197e-09,3.628221112316357022e+00,4.545735441175925984e-01,3.168606628444852746e-01,2.285657877861199117e-01
1.696787148594377470e+01,6.114548027967793509e+00,1.878493509907453043e-08,4.518089798862629135e-09,3.621724431243919629e+00,4.503288268027044183e-01,3.241147929735740396e-01,2.255563754736026050e-01
1.706827309236947698e+01,6.120136090640572846e+00,2.985395651961273510e-08,2.120068936853167480e-09,3.615225819759150472e+00,4.456684173742745392e-01,3.314818687572852474e-01,2.228497095720808341e-01
1.716867469879517927e+01,6.125146771565519010e+00,4.747572800838868384e-08,9.953859961305117322e-10,3.608718887338028480e+00,4.406150294272790924e-01,3.389379800541384991e-01,2.204469866326368432e-01
1.726907630522088510e+01,6.129506252720894999e+00,7.555159259897642652e-08,4.665868135675874806e-10,3.602194914924746527e+00,4.351931291567466276e-01,3.464578037220024109e-01,2.183490636065141266e-01
1.736947791164658739e+01,6.133144066176013709e+00,1.203056697488285123e-07,2.230013186734030616e-10,3.595643497029822555e+00,4.294287639801345757e-01,3.540147042259336185e-01,2.165565286149436774e-01
1.746987951807228967e+01,6.135994710234787597e+00,1.916941309803751147e-07,1.054865419632733453e-10,3.589053196875126694e+00,4.233493725037797417e-01,3.615808588683347424e-01,2.150697657525733053e-01
1.757028112449799195e+01,6.137999134800025125e+00,3.056319954498663469e-07,5.013502981404019634e-11,3.582412264393459722e+00,4.169835857039075888e-01,3.691274017347758174e-01,2.138890099606714224e-01
1.767068273092369424e+01,6.139106164676910282e+00,4.876041709739614543e-07,2.442424429181162824e-11,3.575709258412959723e+00,4.103610149330940149e-01,3.766245889396999114e-01,2.130143937749901517e-01
1.777108433734939652e+01,6.139273757529303488e+00,7.784332981552960946e-07,1.122912448317600734e-11,3.568933662392933304e+00,4.035120340964158392e-01,3.840419795325886732e-01,2.124459842434773538e-01
1.787148594377509880e+01,6.138470106714031260e+00,1.243544902302565540e-06,5.611994342843763139e-12,3.562076456838939809e+00,3.964675555130977580e-01,3.913486318904624284e-01,2.121838106721549988e-01
1.797188755020080464e+01,6.136674444260515671e+00,1.987828638930820774e-06,2.670461091771351601e-12,3.555130647656555620e+00,3.892588031972885054e-01,3.985133122826175489e-01,2.122278827796284517e-01
1.807228915662650692e+01,6.133877626206628797e+00,3.179915324368128077e-06,1.095326539819262531e-12,3.548091690095704465e+00,3.819170843254912628e-01,4.055047149861111810e-01,2.125781991141918736e-01
1.817269076305220921e+01,6.130082371907196404e+00,5.089929652871819413e-06,4.953071947886609002e-13,3.540957836381426027e+00,3.744735722504439757e-01,4.122916807129320960e-01,2.132347456127959839e-01
1.827309236947791149e+01,6.125303305473192239e+00,8.151533271179542924e-06,-2.989103751471640845e-13,3.533730429348110214e+00,3.669590877628906012e-01,4.188434264110341143e-01,2.141974845382598192e-01
1.837349397590361377e+01,6.119566425739789040e+00,1.306474686643404171e-05,-1.046742786878327154e-12,3.526414062512365000e+00,3.594038874559699059e-01,4.251297783579396361e-01,2.154663330212947814e-01
1.847389558232931606e+01,6.112908451340513416e+00,2.095162704395584811e-05,-1.795597863643289744e-12,3.519016632614055951e+00,3.518374822602161611e-01,4.311213830875338937e-01,2.170411335987224577e-01
1.857429718875501834e+01,6.105375714080315319e+00,3.362337682810847785e-05,-2.542422059881157050e-12,3.511549313483160351e+00,3.442884523805623265e-01,4.367899334372429831e-01,2.189216132293062833e-01
1.867469879518072418e+01,6.097022645940207042e+00,5.399524520189881134e-05,-3.287044752978771102e-12,3.504026435618911250e+00,3.367842929737921431e-01,4.421083710265293898e-01,2.211073351378156915e-01
1.877510040160642646e+01,6.087909768091236629e+00,8.676942994287922708e-05,-4.029307441978173334e-12,3.496465234990616455e+00,3.293512734120119800e-01,4.470510852281586733e-01,2.235976405802967137e-01
1.887550200803212874e+01,6.078101074481794264e+00,1.395317301134887673e-04,-4.769064905203668710e-12,3.488885475995501473e+00,3.220143199440931858e-01,4.515940965380149108e-01,2.263915828128248431e-01
1.897590361445783103e+01,6.067660534389499816e+00,2.245315555523448863e-04,-5.506185739044857083e-12,3.481308940440461797e+00,3.147969201676252271e-01,4.557152261438481844e-01,2.294878530508117631e-01
1.907630522088353331e+01,6.056647296834698047e+00,3.615567307479191175e-04,-6.240552043426846898e-12,3.473758718933177558e+00,3.077210502220866228e-01,4.593942497588303642e-01,2.328846994422864858e-01
1.917670682730923559e+01,6.045108846774187583e+00,5.825973299477602138e-04,-6.972057903586403185e-12,3.466258235444596103e+00,3.008071244399305177e-01,4.626130354728819616e-01,2.365798395654898911e-01
1.927710843373493788e+01,6.033070918861075604e+00,9.393925630978811970e-04,-7.700606120426865770e-12,3.458829869969624049e+00,2.940739671040898950e-01,4.653556647221283593e-01,2.405703677019197240e-01
1.937751004016064371e+01,6.020522145832584826e+00,1.515675953261536512e-03,-8.426102298643519850e-12,3.451492948120851167e+00,2.875388052465683297e-01,4.676085365842800323e-01,2.448526577423646988e-01
1.947791164658634600e+01,6.007390229748355459e+00,2.446995867450421809e-03,-9.148444881330437592e-12,3.444260728645150316e+00,2.812172812356857343e-01,4.693604550656357843e-01,2.494222633126606803e-01
1.957831325301204828e+01,5.993504327255691599e+00,3.952848435579069467e-03,-9.867508805966906467e-12,3.437135766256215419e+00,2.751234834885930014e-01,4.706026998628341507e-01,2.542738162994298001e-01
1.967871485943775056e+01,5.978535217438676774e+00,6.388663643600293006e-03,-1.058311906798998087e-11,3.430102657893648210e+00,2.692699934408441798e-01,4.713290806495716856e-01,2.594009255937932412e-01
1.977911646586345285e+01,5.961899695636932783e+00,1.032980465140785446e-02,-1.129500816764180245e-11,3.423116563440161464e+00,2.636679467536836574e-01,4.715359751704749636e-01,2.647960777902166329e-01
1.987951807228915513e+01,5.942607844413552165e+00,1.670684017146432249e-02,-1.200274780690847380e-11,3.416084950173632340e+00,2.583271065857776772e-01,4.712223513625307114e-01,2.704505417933513733e-01
1.997991967871486096e+01,5.919020110979452909e+00,2.702219335917208087e-02,-1.270563952826308827e-11,3.408838575470610976e+00,2.532559467360570582e-01,4.703897736341638436e-01,2.763542793961169530e-01
2.008032128514056325e+01,5.888464672179666515e+00,4.369391902499723118e-02,-1.340254034044203279e-11,3.401085669969962755e+00,2.484617424635126859e-01,4.690423933432886772e-01,2.824958639818572204e-01
2.018072289156626553e+01,5.846645469906392556e+00,7.059269901100485856e-02,-1.409158681034094825e-11,3.392340671647458450e+00,2.439506668467864847e-01,4.671869234130387460e-01,2.888624095490219812e-01
2.028112449799196781e+01,5.786755132820779579e+00,1.138584130022442520e-01,-1.476976443269218839e-11,3.381816447114063262e+00,2.397278906416070443e-01,4.648325969318050643e-01,2.954395122536950802e-01
2.038152610441767010e+01,5.698220449464901805e+00,1.830844550294171980e-01,-1.543225132076338947e-11,3.368269497908232601e+00,2.357976837201412879e-01,4.619911095176877924e-01,3.022112066057938140e-01
2.048192771084337238e+01,5.565119592145509664e+00,2.928894050725695530e-01,-1.607145881320100566e-11,3.349798850649893023e+00,2.321635163267456448e-01,4.586765452009991528e-01,3.091599383308161753e-01
2.058232931726907466e+01,5.364670924528962992e+00,4.646368831383215769e-01,-1.667573101957650737e-11,3.323639013364307004e+00,2.288281585460293921e-01,4.549052856027333558e-01,3.162665557233092506e-01
2.068273092369478050e+01,5.067049543659838839e+00,7.274032244821425630e-01,-1.722782830386879960e-11,3.286086043607723273e+00,2.257937765537546826e-01,4.506959022719085883e-01,3.235103210586292577e-01
2.078313253012048278e+01,4.639282788667681068e+00,1.116039920377153161e+00,-1.770373252863138708e-11,3.232880766617569623e+00,2.230620243899415489e-01,4.460690321923228008e-01,3.308689433130811985e-01
2.088353413654618507e+01,4.057260830848056443e+00,1.662784238252415170e+00,-1.807305302337263458e-11,3.160571296474937508e+00,2.206341301638293229e-01,4.410472366816838852e-01,3.383186330598295655e-01
2.098393574297188735e+01,3.327487671763892596e+00,2.379734826161270078e+00,-1.830303349305430396e-11,3.069217651420080628e+00,2.185109757592913204e-01,4.356548441771995184e-01,3.458341799778941184e-01
2.108433734939758963e+01,2.508941941099108952e+00,3.236904802419457106e+00,-1.836751613606166687e-11,2.965613969477013612e+00,2.166931692579980029e-01,4.299177777233537112e-01,3.533890529412116455e-01
2.118473895582329192e+01,1.710198266946151735e+00,4.153260405067856986e+00,-1.825849758423399450e-11,2.864165195471023662e+00,2.151811094331637919e-01,4.238633683360389925e-01,3.609555221607577136e-01
2.128514056224899420e+01,1.045015991743590167e+00,5.018891535483462008e+00,-1.799278025727066691e-11,2.782421959603965433e+00,2.139750417877979427e-01,4.175201557969004940e-01,3.685048023519525984e-01
2.138554216867470004e+01,5.744369315354698191e-01,5.740130289288802423e+00,-1.760688486897026711e-11,2.732727490407204751e+00,2.130751057185287234e-01,4.109176788134739633e-01,3.760072154106997577e-01
2.148594377510040232e+01,2.882732288104742358e-01,6.273372132154585223e+00,-1.714290524115559444e-11,2.716304880698460433e+00,2.124813724796984771e-01,4.040862568443892022e-01,3.834323706240881924e-01
2.158634538152610460e+01,1.349191340115372395e-01,6.626133079105139601e+00,-1.663565432281511043e-11,2.724313266313122206e+00,2.121938737038582545e-01,3.970567662150172872e-01,3.907493600342508144e-01
2.168674698795180689e+01,6.020831758029616260e-02,6.835773981255500509e+00,-1.610778744757962158e-11,2.743972139736238880e+00,2.122126203060016314e-01,3.898604134180307379e-01,3.979269662335717106e-01
2.178714859437750917e+01,2.610154109004100484e-02,6.946724462848314907e+00,-1.557148048478521068e-11,2.764576313898153614e+00,2.125376116620565636e-01,3.825285086895492959e-01,4.049338796100481752e-01
2.188755020080321145e+01,1.114283853473221897e-02,6.996865126239524280e+00,-1.503224789366363241e-11,2.780161254171621632e+00,2.131688350099086027e-01,3.750922430615216685e-01,4.117389218938869444e-01
2.198795180722891729e+01,4.725421394154716292e-03,7.013065493611952306e+00,-1.449215025424415259e-11,2.789023870220556311e+00,2.141062550763026817e-01,3.675824721066263678e-01,4.183112727857012936e-01
2.208835341365461957e+01,2.000803059495574916e-03,7.012035360617941748e+00,-1.395174110981364929e-11,2.791942495567894422e+00,2.153497939882199341e-01,3.600295095092530540e-01,4.246206964741539580e-01
2.218875502008032186e+01,8.481094459388060581e-04,7.003073617017942176e+00,-1.341103650404053109e-11,2.790568315906949870e+00,2.168993015856005013e-01,3.524629334167265760e-01,4.306377649720102840e-01
2.228915662650602414e+01,3.603674563199518233e-04,6.990817941770196775e+00,-1.286992310761953294e-11,2.786496004831803042e+00,2.187545163163129858e-01,3.449114082550366334e-01,4.363340754054391146e-01
2.238955823293172642e+01,1.535802407147020536e-04,6.977302941494381905e+00,-1.232829735522815181e-11,2.780915723658901939e+00,2.209150169666118657e-01,3.374025243439408572e-01,4.416824586684533482e-01
2.248995983935742871e+01,6.566420343458066408e-05,6.963270745243264059e+00,-1.178609500125657134e-11,2.774590001347413626e+00,2.233801655631756089e-01,3.299626572317848616e-01,4.466571771860508022e-01
2.259036144578313099e+01,2.816930557449323058e-05,6.948909333471748440e+00,-1.124328497480055756e-11,2.767954540778993611e+00,2.261490418780301159e-01,3.226168482081085975e-01,4.512341098966864972e-01
2.269076305220883683e+01,1.212582450409599082e-05,6.934222126101461825e+00,-1.069985681048362466e-11,2.761235235448307623e+00,2.292203700764344210e-01,3.153887069607747007e-01,4.553909229472565268e-01
2.279116465863453911e+01,5.238006716529422574e-06,6.919187844155264777e+00,-1.015581080594408815e-11,2.754540127434466523e+00,2.325924381707367705e-01,3.083003368439441449e-01,4.591072249712687126e-01
2.289156626506024139e+01,2.270762831517156269e-06,6.903814315131731050e+00,-9.611152252176327523e-12,2.747919320692012501e+00,2.362630110805687411e-01,3.013722827295010065e-01,4.623647061772220290e-01
2.299196787148594368e+01,9.879889119022607809e-07,6.888145764678644589e+00,-9.065888732547725748e-12,2.741399025361537234e+00,2.402292382499468526e-01,2.946235009498422985e-01,4.651472607887165434e-01
2.309236947791164596e+01,4.314079812273709116e-07,6.872253992207456363e+00,-8.520029217320796036e-12,2.734998491561957401e+00,2.444875569316451447e-01,2.880713504140607339e-01,4.674410926438978819e-01
2.319277108433734824e+01,1.890690161138199090e-07,6.856226918293434558e+00,-7.973584017882766292e-12,2.728737096216413249e+00,2.490335924150461899e-01,2.817316036139734803e-01,4.692348039615771293e-01
2.329317269076305053e+01,8.309563784281014242e-08,6.840159274102552089e+00,-7.426565053691290151e-12,2.722636455024322277e+00,2.538620565228408288e-01,2.756184759792033034e-01,4.705194674894509488e-01
2.339357429718875636e+01,3.673195696987222638e-08,6.824146313884567938e+00,-6.878986165004295525e-12,2.716720387469433007e+00,2.589666466080979279e-01,2.697446714054834715e-01,4.712886819787260317e-01
2.349397590361445864e+01,1.630865386881549722e-08,6.808279959918560387e+00,-6.330863378205863546e-12,2.711014188428276128e+00,2.643399416067711560e-01,2.641214379720898120e-01,4.715386204141813198e-01
2.359437751004016093e+01,7.283956151996621425e-09,6.792646708467858119e+00,-5.782215074092989953e-12,2.705543795916632632e+00,2.699733121906686684e-01,2.587586462350643379e-01,4.712680415679739165e-01
2.369477911646586321e+01,3.218009446337838542e-09,6.777326578386828615e+00,-5.233062079449096246e-12,2.700335213090002462e+00,2.758568344856991983e-01,2.536648775339327977e-01,4.704782879746760571e-01
2.379518072289156549e+01,1.401253538817085967e-09,6.762392643385014779e+00,-4.683427697822122155e-12,2.695414044574275358e+00,2.819792237367360621e-01,2.488475252224866541e-01,4.691732510356290131e-01
2.389558232931726778e+01,6.458823776754312973e-10,6.747910494756434119e+00,-4.133337838463719737e-12,2.690805210261166369e+00,2.883276981917766713e-01,2.443128327481791651e-01,4.673594690553877218e-01
2.399598393574297006e+01,3.792117026661372733e-10,6.733938585265164534e+00,-3.582820909214697097e-12,2.686532640975832109e+00,2.948879728374696474e-01,2.400660420405166806e-01,4.650459851178021520e-01
2.409638554216867590e+01,1.671605876212087923e-10,6.720528251058344615e+00,-3.031907790902207680e-12,2.682619064541446274e+00,3.016442196364741424e-01,2.361114991674563846e-01,4.622442811922601869e-01
2.419678714859437818e+01,6.904322572959033056e-11,6.707724254304258338e+00,-2.480631760262114057e-12,2.679086324032644573e+00,3.085790163957832233e-01,2.324527369536536214e-01,4.589682466471178279e-01
2.429718875502008046e+01,6.554131375721758836e-11,6.695564726800783184e+00,-1.929028468133626079e-12,2.675954917451865089e+00,3.156733434328955479e-01,2.290925797453505497e-01,4.552340768186375897e-01
2.439759036144578275e+01,1.895620111918874781e-11,6.684081595566809142e+00,-1.377135829268410227e-12,2.673244151399914337e+00,3.229065933139737554e-01,2.260332397823825445e-01,4.510601669008250103e-01
2.449799196787148503e+01,9.697451395644571001e-12,6.673301403157450018e+00,-8.249939213171841540e-13,2.670971952670722960e+00,3.302566017043500057e-01,2.232764101365880827e-01,4.464669881565124232e-01
2.459839357429718731e+01,9.597285038115546530e-12,6.663245348863368278e+00,-2.726448772038441435e-13,2.669154915121911831e+00,3.376997004580983286e-01,2.208233510082751039e-01,4.414769485313206343e-01
2.469879518072289315e+01,2.299239248501191318e-12,6.653930161384152164e+00,2.798672685244353458e-13,2.667808334052317765e+00,3.452107926157884643e-01,2.186749696020334754e-01,4.361142377800924508e-01
2.479919678714859543e+01,2.133595416546472130e-12,6.645368423319498064e+00,8.324984933645180581e-13,2.666945966897928955e+00,3.527634522572500875e-01,2.168318944498486833e-01,4.304046532910149603e-01
2.489959839357429772e+01,1.086557295333040343e-12,6.637569139025586651e+00,1.482329119684540519e-12,2.666580233266678590e+00,3.603300435926027334e-01,2.152945394885319441e-01,4.243754169171591317e-01
2.500000000000000000e+01,1.726422807813494882e-13,6.630538317659256720e+00,2.569258632026223093e-12,2.666722005087289737e+00,3.678818623624021678e-01,2.140631609327708074e-01,4.180549767032838426e-01
