time,->1,1->1,2->1,3->1,->2,2->2,3->2,4->2,->3,3->3,4->3,1->3,->4,4->4,1->4,2->4,->5,8->5,5->5,->6,8->6,6->6,->7,8->7,7->7,2->8,4->9
0.0,8.0,-7.0,-0.9999999999999999,-1.0,8.0,-0.9999999999999999,-1.0,-1.0,8.0,-1.0,-1.0,-7.0,8.0,-1.0,-7.0,-0.9999999999999999,12.0,0.3,-14.0,16.0,0.3,-12.0,14.0,0.3,-13.0,0.009999999999999997,0.01
0.10050251256281408,8.0,-6.37371560444845,-1.6186160969268133,-0.9417442333535995,8.0,-1.6186160969268133,-0.9417442333535995,-0.9114516464513933,8.0,-0.9417442333535995,-0.9114516464513933,-6.37371560444845,8.0,-0.9114516464513933,-6.37371560444845,-1.6186160969268133,12.0,0.30068504540694724,-12.749975135903334,16.0,0.30068504540694724,-15.239112898642366,14.0,0.30068504540694724,-13.968381230721162,0.042406415594860525,0.007571830812055745
0.20100502512562815,8.0,-5.746220569939137,-2.4600166931658416,-0.9533605828256819,8.0,-2.4600166931658416,-0.9533605828256819,-0.827698750926495,8.0,-0.9533605828256819,-0.827698750926495,-5.746220569939137,8.0,-0.827698750926495,-5.746220569939137,-2.4600166931658416,12.0,0.303307713277885,-12.42882800152487,16.0,0.303307713277885,-16.08409223719057,14.0,0.303307713277885,-14.221338630558344,0.1488723906314375,0.005670441827637265
0.30150753768844224,8.0,-5.030830042641136,-3.4236254332169054,-1.0365096055710599,8.0,-3.4236254332169054,-1.0365096055710599,-0.7396946765609977,8.0,-1.0365096055710599,-0.7396946765609977,-5.030830042641136,8.0,-0.7396946765609977,-5.030830042641136,-3.4236254332169054,12.0,0.3113600126325272,-12.34246497200619,16.0,0.3113600126325272,-16.263819379156967,14.0,0.3113600126325272,-14.287032677428154,0.4012903645392575,0.004047226215796775
0.4020100502512563,8.0,-4.263246093016555,-4.316023212977608,-1.2101476143506342,8.0,-4.316023212977608,-1.2101476143506342,-0.653770422682994,8.0,-1.2101476143506342,-0.653770422682994,-4.263246093016555,8.0,-0.653770422682994,-4.263246093016555,-4.316023212977608,12.0,0.3305104794892956,-12.327712836910749,16.0,0.3305104794892956,-16.31092331686577,14.0,0.3305104794892956,-14.31369461236971,0.8039912372698961,0.0027943178572140902
0.5025125628140704,8.0,-3.52378283050066,-4.9564352005492935,-1.5021707320180957,8.0,-4.9564352005492935,-1.5021707320180957,-0.5814515648818369,8.0,-1.5021707320180957,-0.5814515648818369,-3.52378283050066,8.0,-0.5814515648818369,-3.52378283050066,-4.9564352005492935,12.0,0.3661261711271096,-12.343852824490849,16.0,0.3661261711271096,-16.343662845067744,14.0,0.3661261711271096,-14.342151286908702,1.217610257361912,0.001965805885879107
0.6030150753768845,8.0,-2.871757138084245,-5.263813482451357,-1.9405860614837966,8.0,-5.263813482451357,-1.9405860614837966,-0.5321182843972362,8.0,-1.9405860614837966,-0.5321182843972362,-2.871757138084245,8.0,-0.5321182843972362,-2.871757138084245,-5.263813482451357,12.0,0.41966544207455997,-12.381624229151985,16.0,0.41966544207455997,-16.387995183619495,14.0,0.41966544207455997,-14.384652378216328,1.458483352596635,0.0015066922230133808
0.7035175879396985,8.0,-2.3259434230136495,-5.249724586278315,-2.536563511880127,8.0,-5.249724586278315,-2.536563511880127,-0.5116217657717547,8.0,-2.536563511880127,-0.5116217657717547,-2.3259434230136495,8.0,-0.5116217657717547,-2.3259434230136495,-5.249724586278315,12.0,0.486640629267593,-12.436925478188332,16.0,0.486640629267593,-16.44719432048789,14.0,0.486640629267593,-14.442497459641572,1.4468035292254764,0.001339204921871998
0.8040201005025126,8.0,-1.8802756413921744,-4.974191384935709,-3.2607263880952257,8.0,-4.974191384935709,-3.2607263880952257,-0.5251095822569444,8.0,-3.2607263880952257,-0.5251095822569444,-1.8802756413921744,8.0,-0.5251095822569444,-1.8802756413921744,-4.974191384935709,12.0,0.5574389755096149,-12.503023415397163,16.0,0.5574389755096149,-16.51548265523759,14.0,0.5574389755096149,-14.509981350754908,1.2307432794862991,0.0014479375474305365
0.9045226130653267,8.0,-1.5226311529836192,-4.519638920222197,-4.03097025600686,8.0,-4.519638920222197,-4.03097025600686,-0.5805387145731118,8.0,-4.03097025600686,-0.5805387145731118,-1.5226311529836192,8.0,-0.5805387145731118,-1.5226311529836192,-4.519638920222197,12.0,0.6213297780411737,-12.570262261281233,16.0,0.6213297780411737,-16.5830115067016,14.0,0.6213297780411737,-14.577485214454091,0.9232327875500953,0.0019565617587482746
1.0050251256281408,8.0,-1.2427410363863984,-3.9760100041010236,-4.7341689592003835,8.0,-3.9760100041010236,-4.7341689592003835,-0.6915555629232842,8.0,-4.7341689592003835,-0.6915555629232842,-1.2427410363863984,8.0,-0.6915555629232842,-1.2427410363863984,-3.9760100041010236,12.0,0.6714371786130938,-12.629537492012279,16.0,0.6714371786130938,-16.640865943220383,14.0,0.6714371786130938,-14.636031835230428,0.6285537262896781,0.0033073582322377787
1.105527638190955,8.0,-1.0320147149730028,-3.4213769575272472,-5.27177180477332,8.0,-3.4213769575272472,-5.27177180477332,-0.8795784119080765,8.0,-5.27177180477332,-0.8795784119080765,-1.0320147149730028,8.0,-0.8795784119080765,-1.0320147149730028,-3.4213769575272472,12.0,0.7066195467541744,-12.67578606777235,16.0,0.7066195467541744,-16.684728023971353,14.0,0.7066195467541744,-14.680969726235169,0.4005002379375926,0.006804930356943226
1.206030150753769,8.0,-0.8821480106179004,-2.905731996544392,-5.588936351433935,8.0,-2.905731996544392,-5.588936351433935,-1.1739081033137861,8.0,-5.588936351433935,-1.1739081033137861,-0.8821480106179004,8.0,-1.1739081033137861,-0.8821480106179004,-2.905731996544392,12.0,0.7295213570902612,-12.708582166894418,16.0,0.7295213570902612,-16.71501061913469,14.0,0.7295213570902612,-14.71234727634927,0.24533904306468407,0.016177160767512532
1.306532663316583,8.0,-0.7857548628853822,-2.4495977481200897,-5.670200968284181,8.0,-2.4495977481200897,-5.670200968284181,-1.606311863088415,8.0,-5.670200968284181,-1.606311863088415,-0.7857548628853822,8.0,-1.606311863088415,-0.7857548628853822,-2.4495977481200897,12.0,0.743754599930561,-12.730296990066389,16.0,0.743754599930561,-16.734610398099438,14.0,0.743754599930561,-14.732846004917102,0.14698882638485752,0.04144666590136332
1.407035175879397,8.0,-0.7382697692961062,-2.054534839846303,-5.5235077805283765,8.0,-2.054534839846303,-5.5235077805283765,-2.195065145725632,8.0,-5.5235077805283765,-2.195065145725632,-0.7382697692961062,8.0,-2.195065145725632,-0.7382697692961062,-2.054534839846303,12.0,0.7523517155140264,-12.744018500973207,16.0,0.7523517155140264,-16.746774990313334,14.0,0.7523517155140264,-14.745659447781888,0.0867242455997067,0.10576506524151005
1.5075376884422111,8.0,-0.7397577886195141,-1.715682213770547,-5.175488839485537,8.0,-1.715682213770547,-5.175488839485537,-2.9191092204007307,8.0,-5.175488839485537,-2.9191092204007307,-0.7397577886195141,8.0,-2.9191092204007307,-0.7397577886195141,-1.715682213770547,12.0,0.75743889207936,-12.75241388771844,16.0,0.75743889207936,-16.754115589536376,14.0,0.75743889207936,-14.753432865476782,0.05050222902472754,0.24874309520725008
1.6080402010050252,8.0,-0.7962925997081418,-1.4297831405032349,-4.676667269134814,8.0,-1.4297831405032349,-4.676667269134814,-3.7001556942789473,8.0,-4.676667269134814,-3.7001556942789473,-0.7962925997081418,8.0,-3.7001556942789473,-0.7962925997081418,-1.4297831405032349,12.0,0.7604058268407323,-12.757432222967529,16.0,0.7604058268407323,-16.7584567557403,14.0,0.7604058268407323,-14.758048555436593,0.02922876833785294,0.50659394633112
1.7085427135678393,8.0,-0.9210308841400047,-1.1967750696832538,-4.098345693584041,8.0,-1.1967750696832538,-4.098345693584041,-4.419966773748446,8.0,-4.098345693584041,-4.419966773748446,-0.9210308841400047,8.0,-4.419966773748446,-0.9210308841400047,-1.1967750696832538,12.0,0.7621348676374704,-12.760388753450847,16.0,0.7621348676374704,-16.760995691786004,14.0,0.7621348676374704,-14.760755093987154,0.017141057081237872,0.8634894065061623
1.8090452261306533,8.0,-1.1345595416423084,-1.0171316302667415,-3.512393504465058,8.0,-1.0171316302667415,-3.512393504465058,-4.969394537195349,8.0,-3.512393504465058,-4.969394537195349,-1.1345595416423084,8.0,-4.969394537195349,-1.1345595416423084,-1.0171316302667415,12.0,0.7631689460923017,-12.762131143691342,16.0,0.7631689460923017,-16.762489725106175,14.0,0.7631689460923017,-14.762347879214957,0.010522803970763883,1.2271861203698928
1.9095477386934674,8.0,-1.4626099988708834,-0.8895735882503507,-2.9690547868305295,8.0,-0.8895735882503507,-2.9690547868305295,-5.286029494092789,8.0,-2.9690547868305295,-5.286029494092789,-1.4626099988708834,8.0,-5.286029494092789,-1.4626099988708834,-0.8895735882503507,12.0,0.7638279700509119,-12.763184205455149,16.0,0.7638279700509119,-16.763400244682813,14.0,0.7638279700509119,-14.763314537120925,0.007039562031598124,1.4770280602356667
2.0100502512562817,8.0,-1.927496337757511,-0.811693237434439,-2.490668353390098,8.0,-0.811693237434439,-2.490668353390098,-5.355226163413248,8.0,-2.490668353390098,-5.355226163413248,-1.927496337757511,8.0,-5.355226163413248,-1.927496337757511,-0.811693237434439,12.0,0.7642948804706469,-12.763860746596965,16.0,0.7642948804706469,-16.763997988048516,14.0,0.7642948804706469,-14.763942985869635,0.005347807710356207,1.5357957109981173
2.1105527638190957,8.0,-2.5305699187181783,-0.7824192417839628,-2.0803913258219575,8.0,-0.7824192417839628,-2.0803913258219575,-5.194119682685341,8.0,-2.0803913258219575,-5.194119682685341,-2.5305699187181783,8.0,-5.194119682685341,-2.5305699187181783,-0.7824192417839628,12.0,0.7646781161460933,-12.764344235098656,16.0,0.7646781161460933,-16.764440399360186,14.0,0.7646781161460933,-14.764401142127921,0.004789813096533536,1.4013152787495933
2.21105527638191,8.0,-3.2315590449509366,-0.8044929202692885,-1.7343463186913433,8.0,-0.8044929202692885,-1.7343463186913433,-4.842774805820259,8.0,-1.7343463186913433,-4.842774805820259,-3.2315590449509366,8.0,-4.842774805820259,-3.2315590449509366,-0.8044929202692885,12.0,0.7650556567057024,-12.764748423330554,16.0,0.7650556567057024,-16.764826839872846,14.0,0.7650556567057024,-14.764794015996763,0.005206749448107275,1.1357502029246132
2.311557788944724,8.0,-3.943914809155241,-0.8862731238611069,-1.4490747568078974,8.0,-0.8862731238611069,-1.4490747568078974,-4.361615515166633,8.0,-1.4490747568078974,-4.361615515166633,-3.943914809155241,8.0,-4.361615515166633,-3.943914809155241,-0.8862731238611069,12.0,0.7655124282795851,-12.765161908764904,16.0,0.7655124282795851,-16.76524025186323,14.0,0.7655124282795851,-14.76520656336672,0.00696149857713673,0.8297402103290266
2.412060301507538,8.0,-4.5611787207891625,-1.042758448833791,-1.2228079575485142,8.0,-1.042758448833791,-1.2228079575485142,-3.8213917277201768,8.0,-1.2228079575485142,-3.8213917277201768,-4.5611787207891625,8.0,-3.8213917277201768,-4.5611787207891625,-1.042758448833791,12.0,0.7661926073363492,-12.765692328338782,16.0,0.7661926073363492,-16.76579115475504,14.0,0.7661926073363492,-14.765747650543286,0.01133838375969735,0.5580391614239067
2.512562814070352,8.0,-4.9977432972796185,-1.2950507025870337,-1.0536887878146723,8.0,-1.2950507025870337,-1.0536887878146723,-3.2841718429148705,8.0,-1.0536887878146723,-3.2841718429148705,-4.9977432972796185,8.0,-3.2841718429148705,-4.9977432972796185,-1.2950507025870337,12.0,0.7674095875199763,-12.766538014596883,16.0,0.7674095875199763,-16.766694214970382,14.0,0.7674095875199763,-14.76662427780873,0.021720024735055635,0.3542237039510326
2.613065326633166,8.0,-5.210508841223499,-1.6659902987708946,-0.9389107140538289,8.0,-1.6659902987708946,-0.9389107140538289,-2.78918898267032,8.0,-0.9389107140538289,-2.78918898267032,-5.210508841223499,8.0,-2.78918898267032,-5.210508841223499,-1.6659902987708946,12.0,0.7699017560287646,-12.768143992965276,16.0,0.7699017560287646,-16.768439540885893,14.0,0.7699017560287646,-14.76830581380201,0.04623995517556427,0.21698705384838712
2.71356783919598,8.0,-5.194491198554477,-2.1688362616801067,-0.8760038793293403,8.0,-2.1688362616801067,-0.8760038793293403,-2.352716509021011,8.0,-0.8760038793293403,-2.352716509021011,-5.194491198554477,8.0,-2.352716509021011,-5.194491198554477,-2.1688362616801067,12.0,0.7753762776224973,-12.771547216356907,16.0,0.7753762776224973,-16.772171968003935,14.0,0.7753762776224973,-14.77188776340129,0.10201882032707899,0.13022932808171758
2.814070351758794,8.0,-4.971860467948543,-2.7891925114770753,-0.8650730554674132,8.0,-2.7891925114770753,-0.8650730554674132,-1.9772909592575492,8.0,-0.8650730554674132,-1.9772909592575492,-4.971860467948543,8.0,-1.9772909592575492,-4.971860467948543,-2.7891925114770753,12.0,0.7874106155636516,-12.779027451953201,16.0,0.7874106155636516,-16.780395571649066,14.0,0.7874106155636516,-14.779772280458218,0.21698787742795264,0.07730574003214864
2.9145728643216082,8.0,-4.586990885853781,-3.4704964669258778,-0.9107707432803318,8.0,-3.4704964669258778,-0.9107707432803318,-1.6611976757266746,8.0,-0.9107707432803318,-1.6611976757266746,-4.586990885853781,8.0,-1.6611976757266746,-4.586990885853781,-3.4704964669258778,12.0,0.8123106917924061,-12.79497264942191,16.0,0.8123106917924061,-16.79787294681705,14.0,0.8123106917924061,-14.796553606764206,0.41799859291796415,0.04584204090862441
3.0150753768844223,8.0,-4.101434987870798,-4.120901044004693,-1.0235779465261305,8.0,-4.120901044004693,-1.0235779465261305,-1.4031615544939533,8.0,-1.0235779465261305,-1.4031615544939533,-4.101434987870798,8.0,-1.4031615544939533,-4.101434987870798,-4.120901044004693,12.0,0.8588080105261668,-12.826323384610857,16.0,0.8588080105261668,-16.831987224780143,14.0,0.8588080105261668,-14.82942043354888,0.6998042207963182,0.027626319528181686
3.1155778894472363,8.0,-3.58027231258287,-4.644955680318529,-1.2199870566473994,8.0,-4.644955680318529,-1.2199870566473994,-1.2024135165462302,8.0,-1.2199870566473994,-1.2024135165462302,-3.58027231258287,8.0,-1.2024135165462302,-3.58027231258287,-4.644955680318529,12.0,0.9356836193950208,-12.881611876692348,16.0,0.9356836193950208,-16.891524666737592,14.0,0.9356836193950208,-14.887056286836208,1.002177674247053,0.017384473757622265
3.2160804020100504,8.0,-3.0749962123134345,-4.976315221875553,-1.5202393394777112,8.0,-4.976315221875553,-1.5202393394777112,-1.0574282194308677,8.0,-1.5202393394777112,-1.0574282194308677,-3.0749962123134345,8.0,-1.0574282194308677,-3.0749962123134345,-4.976315221875553,12.0,1.0478992841519001,-12.968261277685489,16.0,1.0478992841519001,-16.983660055838683,14.0,1.0478992841519001,-14.976762920404921,1.23232042884969,0.011823680577435105
3.3165829145728645,8.0,-2.6151678913150427,-5.088383853620612,-1.9411231773792754,8.0,-5.088383853620612,-1.9411231773792754,-0.9660993019518057,8.0,-1.9411231773792754,-0.9660993019518057,-2.6151678913150427,8.0,-0.9660993019518057,-2.6151678913150427,-5.088383853620612,12.0,1.1927957869499215,-13.08891941922497,16.0,1.1927957869499215,-17.11012689012763,14.0,1.1927957869499215,-15.100695200205084,1.317466550339009,0.009017067172142203
3.4170854271356785,8.0,-2.212021360118542,-4.9873790882110764,-2.4821956321059258,8.0,-4.9873790882110764,-2.4821956321059258,-0.927493063160051,8.0,-2.4821956321059258,-0.927493063160051,-2.212021360118542,8.0,-0.927493063160051,-2.212021360118542,-4.9873790882110764,12.0,1.3581307318774956,-13.238222039585096,16.0,1.3581307318774956,-17.264112478651764,14.0,1.3581307318774956,-15.25268745500295,1.2405581891669408,0.007978697696291287
3.5175879396984926,8.0,-1.8673736149419284,-4.704332697865113,-3.1098311642964127,8.0,-4.704332697865113,-3.1098311642964127,-0.9439571350011783,8.0,-3.1098311642964127,-0.9439571350011783,-1.8673736149419284,8.0,-0.9439571350011783,-1.8673736149419284,-4.704332697865113,12.0,1.5242715465702052,-13.402004850193913,16.0,1.5242715465702052,-17.4299909493627,14.0,1.5242715465702052,-15.41774709664646,1.0411039265787378,0.008411177935726911
3.6180904522613067,8.0,-1.5806633397515588,-4.290139741882811,-3.7525972879953318,8.0,-4.290139741882811,-3.7525972879953318,-1.0227239098024974,8.0,-3.7525972879953318,-1.0227239098024974,-1.5806633397515588,8.0,-1.0227239098024974,-1.5806633397515588,-4.290139741882811,12.0,1.671364579701794,-13.561017390602359,16.0,1.671364579701794,-17.587825620739956,14.0,1.671364579701794,-15.576207772582444,0.7896130472208176,0.010697325917210197
3.7185929648241207,8.0,-1.3514456906535632,-3.8064258202302765,-4.3195156110455315,8.0,-3.8064258202302765,-4.3195156110455315,-1.1765880509567213,8.0,-4.3195156110455315,-1.1765880509567213,-1.3514456906535632,8.0,-1.1765880509567213,-1.3514456906535632,-3.8064258202302765,12.0,1.7873211732862317,-13.69825573577995,16.0,1.7873211732862317,-17.72117083068511,14.0,1.7873211732862317,-15.71134042543292,0.5515083751699339,0.016288207772793748
3.819095477386935,8.0,-1.1789182543473513,-3.310254970154402,-4.731870842717794,8.0,-3.310254970154402,-4.731870842717794,-1.4228378868407392,8.0,-4.731870842717794,-1.4228378868407392,-1.1789182543473513,8.0,-1.4228378868407392,-1.1789182543473513,-3.310254970154402,12.0,1.87045952875063,-13.804959641102274,16.0,1.87045952875063,-17.822692812570093,14.0,1.87045952875063,-15.815162431607899,0.36273072081089625,0.028804892762755406
3.919597989949749,8.0,-1.0614974152493837,-2.8415011225329256,-4.944569796541226,8.0,-2.8415011225329256,-4.944569796541226,-1.7786363088375252,8.0,-4.944569796541226,-1.7786363088375252,-1.0614974152493837,8.0,-1.7786363088375252,-1.0614974152493837,-2.8415011225329256,12.0,1.926113722060316,-13.881224725536883,16.0,1.926113722060316,-17.893893258267628,14.0,1.926113722060316,-15.888564138267036,0.22942645563789957,0.05626799770776605
4.020100502512563,8.0,-0.9978681240955948,-2.420602677495499,-4.94768741462196,8.0,-2.420602677495499,-4.94768741462196,-2.2508555585936696,8.0,-4.94768741462196,-2.2508555585936696,-0.9978681240955948,8.0,-2.2508555585936696,-0.9978681240955948,-2.420602677495499,12.0,1.96174436230295,-13.932457148821339,16.0,1.96174436230295,-17.940983893816277,14.0,1.96174436230295,-15.937426193712096,0.14183079198651213,0.11403623737636032
4.120603015075377,8.0,-0.9889105463421913,-2.0546970792015387,-4.759220245658857,8.0,-2.0546970792015387,-4.759220245658857,-2.8216076317857643,8.0,-4.759220245658857,-2.8216076317857643,-0.9889105463421913,8.0,-2.8216076317857643,-0.9889105463421913,-2.0546970792015387,12.0,1.9839684664209323,-13.965454209669263,16.0,1.9839684664209323,-17.97096078364057,14.0,1.9839684664209323,-15.96867805976754,0.08674479214364064,0.22464143461894678
4.2211055276381915,8.0,-1.0394747808582359,-1.7452577736649273,-4.419111539880643,8.0,-1.7452577736649273,-4.419111539880643,-3.4382458707900168,8.0,-4.419111539880643,-3.4382458707900168,-1.0394747808582359,8.0,-3.4382458707900168,-1.0394747808582359,-1.7452577736649273,12.0,1.997680511442743,-13.986169183325691,16.0,1.997680511442743,-17.98963434919135,14.0,1.997680511442743,-15.988204477073552,0.053159237546306824,0.4064534275866785
4.3216080402010055,8.0,-1.159398015863671,-1.4925420735427442,-3.9823996876080363,8.0,-1.4925420735427442,-3.9823996876080363,-4.020576753551542,8.0,-3.9823996876080363,-4.020576753551542,-1.159398015863671,8.0,-4.020576753551542,-1.159398015863671,-1.4925420735427442,12.0,2.006194470842905,-13.99904161568367,16.0,2.006194470842905,-18.001197682558683,14.0,2.006194470842905,-16.00031015626691,0.03324908874600367,0.6499277371616947
4.42211055276382,8.0,-1.3631583934141074,-1.2964403791010024,-3.5068348104994285,8.0,-1.2964403791010024,-3.5068348104994285,-4.486283076528207,8.0,-3.5068348104994285,-4.486283076528207,-1.3631583934141074,8.0,-4.486283076528207,-1.3631583934141074,-1.2964403791010024,12.0,2.0116414427953737,-14.007105436150221,16.0,2.0116414427953737,-18.008455056805996,14.0,2.0116414427953737,-16.0078992663175,0.02179002093452162,0.9029423439705337
4.522613065326634,8.0,-1.666879866269833,-1.1560739880114153,-3.0390230383104733,8.0,-1.1560739880114153,-3.0390230383104733,-4.77689531044892,8.0,-3.0390230383104733,-4.77689531044892,-1.666879866269833,8.0,-4.77689531044892,-1.666879866269833,-1.1560739880114153,12.0,2.015343315517565,-14.012324093719348,16.0,2.015343315517565,-18.013194027110533,14.0,2.015343315517565,-16.01283425055845,0.015451010535146881,1.0900267862851085
4.623115577889448,8.0,-2.0808578569187186,-1.0702662187681158,-2.6076175350492,8.0,-1.0702662187681158,-2.6076175350492,-4.867796145693612,8.0,-2.6076175350492,-4.867796145693612,-2.0808578569187186,8.0,-4.867796145693612,-2.0808578569187186,-1.0702662187681158,12.0,2.018109407233427,-14.015925799618783,16.0,2.018109407233427,-18.01652137073116,14.0,2.018109407233427,-16.01627284615783,0.01225957609122223,1.153445681730857
4.723618090452262,8.0,-2.597348820324536,-1.0391215188387235,-2.225778020153275,8.0,-1.0391215188387235,-2.225778020153275,-4.764625811503872,8.0,-2.225778020153275,-4.764625811503872,-2.597348820324536,8.0,-4.764625811503872,-2.597348820324536,-1.0391215188387235,12.0,2.0204597120959864,-14.018677560586497,16.0,2.0204597120959864,-18.019127362873057,14.0,2.0204597120959864,-16.018937084449057,0.011220159114448907,1.0816491102450005
4.824120603015076,8.0,-3.1788464011803423,-1.0658332562074395,-1.8979873961893927,8.0,-1.0658332562074395,-1.8979873961893927,-4.4969647199355505,8.0,-1.8979873961893927,-4.4969647199355505,-3.1788464011803423,8.0,-4.4969647199355505,-3.1788464011803423,-1.0658332562074395,12.0,2.022794832895237,-14.021095446657487,16.0,2.022794832895237,-18.02148568076027,14.0,2.022794832895237,-16.021317783767387,0.012107871439835159,0.9094073108260932
4.92462311557789,8.0,-3.757856056518878,-1.1579471450838457,-1.6256496163883207,8.0,-1.1579471450838457,-1.6256496163883207,-4.112206328249975,8.0,-1.6256496163883207,-4.112206328249975,-3.757856056518878,8.0,-4.112206328249975,-3.757856056518878,-1.1579471450838457,12.0,2.025551915221257,-14.023615173623801,16.0,2.025551915221257,-18.024017517287735,14.0,2.025551915221257,-16.023841348683487,0.015526236920856074,0.6953839958404836
5.025125628140704,8.0,-4.25458869999659,-1.3275042233703775,-1.4093199559958534,8.0,-1.3275042233703775,-1.4093199559958534,-3.6656753858209923,8.0,-1.4093199559958534,-3.6656753858209923,-4.25458869999659,8.0,-3.6656753858209923,-4.25458869999659,-1.3275042233703775,12.0,2.0294146375919944,-14.026771492838826,16.0,2.0294146375919944,-18.027272175321116,14.0,2.0294146375919944,-16.02704954604313,0.023394174999285672,0.4925632544356156
5.125628140703518,8.0,-4.602676981883845,-1.589109330834319,-1.2487902257030055,8.0,-1.589109330834319,-1.2487902257030055,-3.207387439652572,8.0,-1.2487902257030055,-3.207387439652572,-4.602676981883845,8.0,-3.207387439652572,-4.602676981883845,-1.589109330834319,12.0,2.035693660460546,-14.03147090204827,16.0,2.035693660460546,-18.032214248663397,14.0,2.035693660460546,-16.031879850465348,0.040129276811409195,0.3299546646223145
5.226130653266332,8.0,-4.7653169873715,-1.954389190086237,-1.1432527061625886,8.0,-1.954389190086237,-1.1432527061625886,-2.7724495620303844,8.0,-1.1432527061625886,-2.7724495620303844,-4.7653169873715,8.0,-2.7724495620303844,-4.7653169873715,-1.954389190086237,12.0,2.047054625223532,-14.039495824539486,16.0,2.047054625223532,-18.040763267569822,14.0,2.047054625223532,-16.040188904453622,0.07465057470655687,0.21310368611149957
5.326633165829146,8.0,-4.736666245693564,-2.4219550738810156,-1.092488289234802,8.0,-2.4219550738810156,-1.092488289234802,-2.379937118707568,8.0,-1.092488289234802,-2.379937118707568,-4.736666245693564,8.0,-2.379937118707568,-4.736666245693564,-2.4219550738810156,12.0,2.068737561227875,-14.054407144367516,16.0,2.068737561227875,-18.056756238530564,14.0,2.068737561227875,-16.055687838187282,0.14206864841502018,0.13480203473853167
5.42713567839196,8.0,-4.536551233391681,-2.9657508391797816,-1.0985781136468993,8.0,-2.9657508391797816,-1.0985781136468993,-2.037966565911687,8.0,-1.0985781136468993,-2.037966565911687,-4.536551233391681,8.0,-2.037966565911687,-4.536551233391681,-2.9657508391797816,12.0,2.110001758876674,-14.082843880139777,16.0,2.110001758876674,-18.087302733925014,14.0,2.110001758876674,-16.085272591906502,0.2608578952856864,0.08464302278993927
5.527638190954774,8.0,-4.204561719524085,-3.5303993781036964,-1.167316726481191,8.0,-3.5303993781036964,-1.167316726481191,-1.7495969385809393,8.0,-1.167316726481191,-1.7495969385809393,-4.204561719524085,8.0,-1.7495969385809393,-4.204561719524085,-3.5303993781036964,12.0,2.18459014617268,-14.135616372461028,16.0,2.18459014617268,-18.143824071560424,14.0,2.18459014617268,-16.14009230143836,0.4400190852103614,0.05355672726054064
5.628140703517588,8.0,-3.791873632303838,-4.041996835723945,-1.3087019342952708,8.0,-4.041996835723945,-1.3087019342952708,-1.5161778639979502,8.0,-1.3087019342952708,-1.5161778639979502,-3.791873632303838,8.0,-1.5161778639979502,-3.791873632303838,-4.041996835723945,12.0,2.308402837098039,-14.227189091371661,16.0,2.308402837098039,-18.24126416070656,14.0,2.308402837098039,-16.23488495687588,0.6603708699653518,0.03485382570885763
5.728643216080402,8.0,-3.34934441582661,-4.430838347619614,-1.5357312586664253,8.0,-4.430838347619614,-1.5357312586664253,-1.3381517838549566,8.0,-1.5357312586664253,-1.3381517838549566,-3.34934441582661,8.0,-1.3381517838549566,-3.34934441582661,-4.430838347619614,12.0,2.4938210782462056,-14.372253178893539,16.0,2.4938210782462056,-18.3941916050116,14.0,2.4938210782462056,-16.38429238104524,0.8698767380575694,0.02396161754886287
5.8291457286432165,8.0,-2.916609904698464,-4.65090376202873,-1.860246561676434,8.0,-4.65090376202873,-1.860246561676434,-1.2151892339594887,8.0,-1.860246561676434,-1.2151892339594887,-2.916609904698464,8.0,-1.2151892339594887,-2.916609904698464,-4.65090376202873,12.0,2.742638477255693,-14.57968702944994,16.0,2.742638477255693,-18.610385890094427,14.0,2.742638477255693,-16.596605702578803,1.0060326117829883,0.017944515612379114
5.9296482412060305,8.0,-2.5180117282626098,-4.686147124457528,-2.284737001621041,8.0,-4.686147124457528,-2.284737001621041,-1.1470477937286077,8.0,-2.284737001621041,-1.1470477937286077,-2.5180117282626098,8.0,-1.1470477937286077,-2.5180117282626098,-4.686147124457528,12.0,3.041026757594557,-14.846106393369885,16.0,3.041026757594557,-18.884458007194137,14.0,3.041026757594557,-16.86734007621256,1.0290767309987083,0.015091921644386802
6.030150753768845,8.0,-2.1655183452469795,-4.5473410415306095,-2.7915301654522393,8.0,-4.5473410415306095,-2.7915301654522393,-1.1351092929262012,8.0,-2.7915301654522393,-1.1351092929262012,-2.1655183452469795,8.0,-1.1351092929262012,-2.1655183452469795,-4.5473410415306095,12.0,3.3601392039934317,-15.152418875458666,16.0,3.3601392039934317,-19.19509018220126,14.0,3.3601392039934317,-17.176157302302745,0.9403133022438427,0.014625577973134057
6.130653266331659,8.0,-1.8642396120391287,-4.26653383893782,-3.3357871287459218,8.0,-4.26653383893782,-3.3357871287459218,-1.183856165313186,8.0,-3.3357871287459218,-1.183856165313186,-1.8642396120391287,8.0,-1.183856165313186,-1.8642396120391287,-4.26653383893782,12.0,3.664450199276776,-15.466985980989826,16.0,3.664450199276776,-19.50929675691398,14.0,3.664450199276776,-17.49063807692663,0.7766504235709555,0.01659192670926127
6.231155778894473,8.0,-1.6165017460643225,-3.8899440263614347,-3.8509021629935276,8.0,-3.8899440263614347,-3.8509021629935276,-1.3016100378512323,8.0,-3.8509021629935276,-1.3016100378512323,-1.6165017460643225,8.0,-1.3016100378512323,-1.6165017460643225,-3.8899440263614347,12.0,3.92469740912154,-15.756035956158156,16.0,3.92469740912154,-19.79363838640781,14.0,3.92469740912154,-17.777156386713546,0.5886132804047409,0.022051730057446647
6.331658291457287,8.0,-1.4234004121588861,-3.467478598165185,-4.267160273034855,8.0,-3.467478598165185,-4.267160273034855,-1.4998485686683047,8.0,-4.267160273034855,-1.4998485686683047,-1.4234004121588861,8.0,-1.4998485686683047,-1.4234004121588861,-3.467478598165185,12.0,4.127058890240896,-15.99575943463273,16.0,4.127058890240896,-20.026077774805135,14.0,4.127058890240896,-18.01286486581227,0.4169090932314549,0.033739779416991016
6.432160804020101,8.0,-1.2851214814298233,-3.041546594590539,-4.532219341283071,8.0,-3.041546594590539,-4.532219341283071,-1.7900585623488552,8.0,-4.532219341283071,-1.7900585623488552,-1.2851214814298233,8.0,-1.7900585623488552,-1.2851214814298233,-3.041546594590539,12.0,4.273025597191771,-16.178049661548258,16.0,4.273025597191771,-20.200616477877013,14.0,4.273025597191771,-18.1908319282515,0.2813736484403118,0.05735901937282778
6.532663316582915,8.0,-1.2015817455293432,-2.6408364731145624,-4.6213839229641005,8.0,-2.6408364731145624,-4.6213839229641005,-2.1770246956336243,8.0,-4.6213839229641005,-2.1770246956336243,-1.2015817455293432,8.0,-2.1770246956336243,-1.2015817455293432,-2.6408364731145624,12.0,4.372855209929151,-16.307695614288402,16.0,4.372855209929151,-20.323508259329937,14.0,4.372855209929151,-18.316680845249138,0.1841723919116622,0.10317870359180932
6.633165829145729,8.0,-1.1737639423497224,-2.2810661357443913,-4.537167989794329,8.0,-2.2810661357443913,-4.537167989794329,-2.6491146154851712,8.0,-4.537167989794329,-2.6491146154851712,-1.1737639423497224,8.0,-2.6491146154851712,-1.1737639423497224,-2.2810661357443913,12.0,4.438896806096907,-16.39569226530368,16.0,4.438896806096907,-20.40632063429813,14.0,4.438896806096907,-18.401745740032187,0.1186898637602746,0.18590978393090413
6.733668341708543,8.0,-1.2051865601625142,-1.9696367012234495,-4.304512173018496,8.0,-1.9696367012234495,-4.304512173018496,-3.1702229452631596,8.0,-4.304512173018496,-3.1702229452631596,-1.2051865601625142,8.0,-3.1702229452631596,-1.2051865601625142,-1.9696367012234495,12.0,4.481909304623024,-16.45375214469395,16.0,4.481909304623024,-20.460720893851096,14.0,4.481909304623024,-18.45772686477981,0.07641144001323572,0.3186173453666663
6.834170854271357,8.0,-1.3028150299359507,-1.7100348978681872,-3.96440572051096,8.0,-1.7100348978681872,-3.96440572051096,-3.681258090127444,8.0,-3.96440572051096,-3.681258090127444,-1.3028150299359507,8.0,-3.681258090127444,-1.3028150299359507,-1.7100348978681872,12.0,4.509987980461445,-16.491640921180704,16.0,4.509987980461445,-20.49617019739641,14.0,4.509987980461445,-18.494225208420282,0.050005171408167695,0.49887162155227066
6.934673366834171,8.0,-1.4767614561459976,-1.5040441562712585,-3.564655227603375,8.0,-1.5040441562712585,-3.564655227603375,-4.114654404284239,8.0,-3.564655227603375,-4.114654404284239,-1.4767614561459976,8.0,-4.114654404284239,-1.4767614561459976,-1.5040441562712585,12.0,4.528758059563772,-16.51656114596711,16.0,4.528758059563772,-20.51953156794452,14.0,4.528758059563772,-18.518254442263558,0.03402371719373738,0.6966266619935901
7.035175879396985,8.0,-1.7378863756221692,-1.35237667532326,-3.1490000204994244,8.0,-1.35237667532326,-3.1490000204994244,-4.414245856946336,8.0,-3.1490000204994244,-4.414245856946336,-1.7378863756221692,8.0,-4.414245856946336,-1.7378863756221692,-1.35237667532326,12.0,4.54194835465825,-16.533464711856592,16.0,4.54194835465825,-20.5354746444771,14.0,4.54194835465825,-18.534607511752426,0.024733923625264262,0.8601408112917046
7.135678391959799,8.0,-2.092267020029435,-1.2552150370182455,-2.7494852470296,8.0,-1.2552150370182455,-2.7494852470296,-4.548336817291296,8.0,-2.7494852470296,-4.548336817291296,-2.092267020029435,8.0,-4.548336817291296,-2.092267020029435,-1.2552150370182455,12.0,4.551984762660149,-16.545625058107525,16.0,4.551984762660149,-20.547067494810083,14.0,4.551984762660149,-18.546441467343765,0.01977672615145991,0.9409311663363077
7.236180904522613,8.0,-2.5325878164509112,-1.2133564631169347,-2.3852557310183573,8.0,-1.2133564631169347,-2.3852557310183573,-4.512071395122919,8.0,-2.3852557310183573,-4.512071395122919,-2.5325878164509112,8.0,-4.512071395122919,-2.5325878164509112,-1.2133564631169347,12.0,4.560500173878739,-16.555199317909008,16.0,4.560500173878739,-20.55633259558068,14.0,4.560500173878739,-18.555836591311486,0.017863445257780032,0.9186030621357678
7.336683417085427,8.0,-3.0297943513949988,-1.2296286952416002,-2.0660893839949046,8.0,-1.2296286952416002,-2.0660893839949046,-4.323798384655534,8.0,-2.0660893839949046,-4.323798384655534,-3.0297943513949988,8.0,-4.323798384655534,-3.0297943513949988,-1.2296286952416002,12.0,4.5687585276944604,-16.563708012283342,16.0,4.5687585276944604,-20.56471422081287,14.0,4.5687585276944604,-18.564269365975175,0.018591822677719156,0.8083441595951721
7.437185929648241,8.0,-3.531881667181802,-1.3099121233955264,-1.796779895663129,8.0,-1.3099121233955264,-1.796779895663129,-4.0193117518827775,8.0,-1.796779895663129,-4.0193117518827775,-3.531881667181802,8.0,-4.0193117518827775,-3.531881667181802,-1.3099121233955264,12.0,4.578052637718092,-16.572452953605474,16.0,4.578052637718092,-20.57348823841808,14.0,4.578052637718092,-18.573025712353484,0.022476386152251396,0.6493144661770007
7.5376884422110555,8.0,-3.9746806907277117,-1.4631262392264675,-1.5798487089117539,8.0,-1.4631262392264675,-1.5798487089117539,-3.6436401963045006,8.0,-1.5798487089117539,-3.6436401963045006,-3.9746806907277117,8.0,-3.6436401963045006,-3.9746806907277117,-1.4631262392264675,12.0,4.590198414279885,-16.582959408362814,16.0,4.590198414279885,-20.584207115755397,14.0,4.590198414279885,-18.583644378461837,0.03132170512527363,0.4837338218434284
7.63819095477387,8.0,-4.300184900129925,-1.6993983444113334,-1.4165377691845924,8.0,-1.6993983444113334,-1.4165377691845924,-3.2407460139738244,8.0,-1.4165377691845924,-3.2407460139738244,-4.300184900129925,8.0,-3.2407460139738244,-4.300184900129925,-1.6993983444113334,12.0,4.608324011938793,-16.59759796257101,16.0,4.608324011938793,-20.599343110911637,14.0,4.608324011938793,-18.598550067173406,0.04907785491974649,0.34035723478828217
7.738693467336684,8.0,-4.471285294788893,-2.0254661978187327,-1.3073541859978863,8.0,-2.0254661978187327,-1.3073541859978863,-2.8450937759070554,8.0,-1.3073541859978863,-2.8450937759070554,-4.471285294788893,8.0,-2.8450937759070554,-4.471285294788893,-2.0254661978187327,12.0,4.638207565503082,-16.62061219790135,16.0,4.638207565503082,-20.623362745829624,14.0,4.638207565503082,-18.62210629341711,0.08309502052735614,0.23029778273665252
7.839195979899498,8.0,-4.476698636836968,-2.43708435128675,-1.2530581946649377,8.0,-2.43708435128675,-1.2530581946649377,-2.478812980143838,8.0,-1.2530581946649377,-2.478812980143838,-4.476698636836968,8.0,-2.478812980143838,-4.476698636836968,-2.43708435128675,12.0,4.690270248585582,-16.659756148063785,16.0,4.690270248585582,-20.664429731119974,14.0,4.690270248585582,-18.662288584243267,0.1447477038405074,0.1523110054063753
7.939698492462312,8.0,-4.328743901924026,-2.910811442563795,-1.2559976657514176,8.0,-2.910811442563795,-1.2559976657514176,-2.1540137080891046,8.0,-1.2559976657514176,-2.1540137080891046,-4.328743901924026,8.0,-2.1540137080891046,-4.328743901924026,-2.910811442563795,12.0,4.781617059649876,-16.728366260557127,16.0,4.781617059649876,-20.736507037330213,14.0,4.781617059649876,-18.73277416732464,0.24662790879030477,0.09994139070135333
8.040201005025127,8.0,-4.058219592605767,-3.4010147589028814,-1.3211931960267849,8.0,-3.4010147589028814,-1.3211931960267849,-1.8768872982958063,8.0,-1.3211931960267849,-1.8768872982958063,-4.058219592605767,8.0,-1.8768872982958063,-4.058219592605767,-3.4010147589028814,12.0,4.93617632216198,-16.846697937288198,16.0,4.93617632216198,-20.860560422759082,14.0,4.93617632216198,-18.854209119990674,0.393392023431003,0.06611722016594512
8.14070351758794,8.0,-3.7070246853882547,-3.847521195831771,-1.4565402514622605,8.0,-3.847521195831771,-1.4565402514622605,-1.6507443985026415,8.0,-1.4565402514622605,-1.6507443985026415,-3.7070246853882547,8.0,-1.6507443985026415,-3.7070246853882547,-3.847521195831771,12.0,5.180317463716683,-17.04026314020753,16.0,5.180317463716683,-21.06247894778646,14.0,5.180317463716683,-19.052321874100542,0.5695646972904805,0.044982076181220146
8.241206030150755,8.0,-3.3185400291856344,-4.19195849460348,-1.671414695954569,8.0,-4.19195849460348,-1.671414695954569,-1.4773607041179941,8.0,-1.671414695954569,-1.4773607041179941,-3.3185400291856344,8.0,-1.4773607041179941,-3.3185400291856344,-4.19195849460348,12.0,5.5332861256309895,-17.333280829198834,16.0,5.5332861256309895,-21.365926569660388,14.0,5.5332861256309895,-19.351044867557455,0.7366325780359962,0.03224479569034559
8.341708542713569,8.0,-2.928828190257374,-4.393227970094818,-1.9728193468580055,8.0,-4.393227970094818,-1.9728193468580055,-1.3575984044740272,8.0,-1.9728193468580055,-1.3575984044740272,-2.928828190257374,8.0,-1.3575984044740272,-2.928828190257374,-4.393227970094818,12.0,5.995719226162706,-17.73801472105929,16.0,5.995719226162706,-21.781329524736282,14.0,5.995719226162706,-19.761650129757964,0.847912855496744,0.025021535449510607
8.442211055276383,8.0,-2.5625129224753094,-4.434566570623563,-2.3586839021010277,8.0,-4.434566570623563,-2.3586839021010277,-1.2922817290628756,8.0,-2.3586839021010277,-1.2922817290628756,-2.5625129224753094,8.0,-1.2922817290628756,-2.5625129224753094,-4.434566570623563,12.0,6.542125163725589,-18.24411083835601,16.0,6.542125163725589,-22.29559184952864,14.0,6.542125163725589,-20.272279905034384,0.8720743971462924,0.0215810023621262
8.542713567839197,8.0,-2.233898210097683,-4.3228467663858146,-2.8100053368061038,8.0,-4.3228467663858146,-2.8100053368061038,-1.2834397218951734,8.0,-2.8100053368061038,-1.2834397218951734,-2.233898210097683,8.0,-1.2834397218951734,-2.233898210097683,-4.3228467663858146,12.0,7.123094214372242,-18.814234498615264,16.0,7.123094214372242,-22.868902146359066,14.0,7.123094214372242,-20.844221966307767,0.8078105553092826,0.021141043954338582
8.643216080402011,8.0,-1.9506067318949565,-4.084162224494739,-3.2867198981025725,8.0,-4.084162224494739,-3.2867198981025725,-1.3354181588945437,8.0,-3.2867198981025725,-1.3354181588945437,-1.9506067318949565,8.0,-1.3354181588945437,-1.9506067318949565,-4.084162224494739,12.0,7.679355482328332,-19.391610234981613,16.0,7.679355482328332,-23.443607982968366,14.0,7.679355482328332,-21.420196930848583,0.6812538228073453,0.023815068350823313
8.743718592964825,8.0,-1.7167788765660807,-3.757147420482332,-3.732825436219054,8.0,-3.757147420482332,-3.732825436219054,-1.4552427427566523,8.0,-3.732825436219054,-1.4552427427566523,-1.7167788765660807,8.0,-1.4552427427566523,-1.7167788765660807,-3.757147420482332,12.0,8.161842774318448,-19.918694095989633,16.0,8.161842774318448,-23.963396189684623,14.0,8.161842774318448,-21.943313363868743,0.5303648187994873,0.030818133096709697
8.84422110552764,8.0,-1.5347293276304348,-3.3840453684294447,-4.0906192356781546,8.0,-3.3840453684294447,-4.0906192356781546,-1.6515664675683648,8.0,-4.0906192356781546,-1.6515664675683648,-1.5347293276304348,8.0,-1.6515664675683648,-1.5347293276304348,-3.3840453684294447,12.0,8.545709817011577,-20.356548625530042,16.0,8.545709817011577,-24.391794861674423,14.0,8.545709817011577,-22.375986556514174,0.38753285728616627,0.04504931274120631
8.944723618090453,8.0,-1.405689461464707,-3.001833480050586,-4.316225839330481,8.0,-3.001833480050586,-4.316225839330481,-1.931412567803889,8.0,-4.316225839330481,-1.931412567803889,-1.405689461464707,8.0,-1.931412567803889,-1.405689461464707,-3.001833480050586,12.0,8.830802935014585,-20.692763917630096,16.0,8.830802935014585,-24.718728093295464,14.0,8.830802935014585,-22.70709665230804,0.270495342223712,0.07204853577320447
9.045226130653267,8.0,-1.3306143785750177,-2.637141256229428,-4.388312445824711,8.0,-2.637141256229428,-4.388312445824711,-2.2942448250737955,8.0,-4.388312445824711,-2.2942448250737955,-1.3306143785750177,8.0,-2.2942448250737955,-1.3306143785750177,-2.637141256229428,12.0,9.032343956809173,-20.936010056188294,16.0,9.032343956809173,-24.95422786006336,14.0,9.032343956809173,-22.946072457348343,0.18340035800421312,0.12075893725363183
9.145728643216081,8.0,-1.3113358253939935,-2.3062669429859843,-4.308891842739009,8.0,-2.3062669429859843,-4.308891842739009,-2.724559342260339,8.0,-4.308891842739009,-2.724559342260339,-1.3113358253939935,8.0,-2.724559342260339,-1.3113358253939935,-2.3062669429859843,12.0,9.170538140274143,-21.10507650735021,16.0,9.170538140274143,-25.11747244438244,14.0,9.170538140274143,-23.11192465687334,0.12266727625882379,0.20225013234945535
9.246231155778895,8.0,-1.35167519553057,-2.0182480544735006,-4.099688279262831,8.0,-2.0182480544735006,-4.099688279262831,-3.1870788210662355,8.0,-4.099688279262831,-3.1870788210662355,-1.35167519553057,8.0,-3.1870788210662355,-1.35167519553057,-2.0182480544735006,12.0,9.264106298407613,-21.220052815664236,16.0,9.264106298407613,-25.228367386784747,14.0,9.264106298407613,-23.224645275605273,0.08220980679081301,0.32372662011779596
9.34673366834171,8.0,-1.4579254469954521,-1.7780798045783668,-3.796078302539849,8.0,-1.7780798045783668,-3.796078302539849,-3.6298840668240406,8.0,-3.796078302539849,-3.6298840668240406,-1.4579254469954521,8.0,-3.6298840668240406,-1.4579254469954521,-1.7780798045783668,12.0,9.327841420648959,-21.29795311485649,16.0,9.327841420648959,-25.303541801917053,14.0,9.327841420648959,-23.30103774725644,0.056215198407816844,0.47827564226766606
9.447236180904524,8.0,-1.6380683044008895,-1.5886198603250352,-3.438802535449671,8.0,-1.5886198603250352,-3.438802535449671,-3.99662824424621,8.0,-3.438802535449671,-3.99662824424621,-1.6380683044008895,8.0,-3.99662824424621,-1.6380683044008895,-1.5886198603250352,12.0,9.372464977420735,-21.35159160457779,16.0,9.372464977420735,-25.355427292237078,14.0,9.372464977420735,-23.353705681953933,0.04009220689861236,0.6383829211032784
9.547738693467338,8.0,-1.898998834439344,-1.4514735893329433,-3.0652049439692757,8.0,-1.4514735893329433,-3.0652049439692757,-4.241653596594683,8.0,-3.0652049439692757,-4.241653596594683,-1.898998834439344,8.0,-4.241653596594683,-1.898998834439344,-1.4514735893329433,12.0,9.405385915777133,-21.39000843132441,16.0,9.405385915777133,-25.39275807128488,14.0,9.405385915777133,-23.391520396256055,0.0305792911379241,0.763142418802785
9.648241206030152,8.0,-2.24125538589941,-1.367770202505359,-2.7034671126706464,8.0,-1.367770202505359,-2.7034671126706464,-4.339893812589519,8.0,-2.7034671126706464,-4.339893812589519,-2.24125538589941,8.0,-4.339893812589519,-2.24125538589941,-1.367770202505359,12.0,9.431669425459623,-21.4193955944628,16.0,9.431669425459623,-25.42150898948851,14.0,9.431669425459623,-23.420553748919033,0.02558818103067503,0.8174050383604272
9.748743718592966,8.0,-2.6520906747745943,-1.339235289266517,-2.3716509025833945,8.0,-1.339235289266517,-2.3716509025833945,-4.2890765861792355,8.0,-2.3716509025833945,-4.2890765861792355,-2.6520906747745943,8.0,-4.2890765861792355,-2.6520906747745943,-1.339235289266517,12.0,9.454960620582826,-21.444070417506286,16.0,9.454960620582826,-25.44586023423449,14.0,9.454960620582826,-23.44504677467783,0.024019870065993577,0.7890261617247641
9.84924623115578,8.0,-3.100299392304174,-1.3692871829144069,-2.0801517847281397,8.0,-1.3692871829144069,-2.0801517847281397,-4.106914062077238,8.0,-2.0801517847281397,-4.106914062077238,-3.100299392304174,8.0,-4.106914062077238,-3.100299392304174,-1.3692871829144069,12.0,9.478329473039457,-21.467368969494423,16.0,9.478329473039457,-25.469081875359585,14.0,9.478329473039457,-23.468297225161642,0.025673414287986543,0.6927026447340592
9.949748743718594,8.0,-3.5378127849337777,-1.4636048895082023,-1.83482510315908,8.0,-1.4636048895082023,-1.83482510315908,-3.8256187657529375,8.0,-1.83482510315908,-3.8256187657529375,-3.5378127849337777,8.0,-3.8256187657529375,-3.5378127849337777,-1.4636048895082023,12.0,9.505146212890628,-21.492509511973076,16.0,9.505146212890628,-25.494378042683234,14.0,9.505146212890628,-23.493519901428257,0.03135245513373659,0.559893038077645
10.050251256281408,8.0,-3.9100615653651993,-1.6295595865555927,-1.6390724258384868,8.0,-1.6295595865555927,-1.6390724258384868,-3.484207236923936,8.0,-1.6390724258384868,-3.484207236923936,-3.9100615653651993,8.0,-3.484207236923936,-3.9100615653651993,-1.6295595865555927,12.0,9.540222351361084,-21.52360707988213,16.0,9.540222351361084,-25.525947747540982,14.0,9.540222351361084,-23.52486789038874,0.04327237544957208,0.42297230837398603
10.150753768844222,8.0,-4.17038940571523,-1.8738326412232866,-1.494872762413657,8.0,-1.8738326412232866,-1.494872762413657,-3.119967669373159,8.0,-1.494872762413657,-3.119967669373159,-4.17038940571523,8.0,-3.119967669373159,-4.17038940571523,-1.8738326412232866,12.0,9.59155655232297,-21.567140876055767,16.0,9.59155655232297,-25.57045087162796,14.0,9.59155655232297,-23.568918081420023,0.06579492551647699,0.30370383852021926
10.251256281407036,8.0,-4.290745735570038,-2.1977051475396427,-1.4035565461070931,8.0,-2.1977051475396427,-1.4035565461070931,-2.7622289871429797,8.0,-1.4035565461070931,-2.7622289871429797,-4.290745735570038,8.0,-2.7622289871429797,-4.290745735570038,-2.1977051475396427,12.0,9.672977305129193,-21.634209314468745,16.0,9.672977305129193,-25.639332852861838,14.0,9.672977305129193,-23.636954189948774,0.106147134880857,0.2107555574667245
10.35175879396985,8.0,-4.265121930734374,-2.5906033946261995,-1.366810467395484,8.0,-2.5906033946261995,-1.366810467395484,-2.4305744852841817,8.0,-1.366810467395484,-2.4305744852841817,-4.265121930734374,8.0,-2.4305744852841817,-4.265121930734374,-2.5906033946261995,12.0,9.80739962763763,-21.74361044497971,16.0,9.80739962763763,-25.751942368938522,14.0,9.80739962763763,-23.748069101788346,0.17386124723636745,0.14359086240596355
10.452261306532664,8.0,-4.1075797018154505,-3.0247659651826764,-1.3877471164997353,8.0,-3.0247659651826764,-1.3877471164997353,-2.136671578027675,8.0,-1.3877471164997353,-2.136671578027675,-4.1075797018154505,8.0,-2.136671578027675,-4.1075797018154505,-3.0247659651826764,12.0,10.028913764467625,-21.924724176722147,16.0,10.028913764467625,-25.938341241855312,14.0,10.028913764467625,-23.932009824608247,0.27674216427494946,0.09754686562614995
10.552763819095478,8.0,-3.847316778110611,-3.455667983649974,-1.4715330652146095,8.0,-3.455667983649974,-1.4715330652146095,-1.8872230932389358,8.0,-1.4715330652146095,-1.8872230932389358,-3.847316778110611,8.0,-1.8872230932389358,-3.847316778110611,-3.455667983649974,12.0,10.380109726619859,-22.217407773045775,16.0,10.380109726619859,-26.23887809932342,14.0,10.380109726619859,-24.22890177509614,0.41266347212771404,0.06721554535230367
10.653266331658292,8.0,-3.5215099821881655,-3.8307459995639457,-1.6249919882784392,8.0,-3.8307459995639457,-1.6249919882784392,-1.6861714397112648,8.0,-1.6249919882784392,-1.6861714397112648,-3.5215099821881655,8.0,-1.6861714397112648,-3.5215099821881655,-3.8307459995639457,12.0,10.901417766374188,-22.665214320138322,16.0,10.901417766374188,-26.69683049405693,14.0,10.901417766374188,-24.682156005563762,0.5621472237378721,0.04794079006180071
10.753768844221106,8.0,-3.1670710226062946,-4.102953043316835,-1.8545447940410078,8.0,-4.102953043316835,-1.8545447940410078,-1.535864603599719,8.0,-1.8545447940410078,-1.535864603599719,-3.1670710226062946,8.0,-1.535864603599719,-3.1670710226062946,-4.102953043316835,12.0,11.613703907087858,-23.300564219978604,16.0,11.613703907087858,-27.34306301509386,14.0,11.613703907087858,-25.323368576663352,0.6907002926193733,0.036229204199154354
10.85427135678392,8.0,-2.814128402646798,-4.241903829003654,-2.161976730819632,8.0,-4.241903829003654,-2.161976730819632,-1.437849811538575,8.0,-2.161976730819632,-1.437849811538575,-2.814128402646798,8.0,-1.437849811538575,-2.814128402646798,-4.241903829003654,12.0,12.501291686737627,-24.125845460678864,16.0,12.501291686737627,-28.177331574233843,14.0,12.501291686737627,-26.153499717354197,0.7632774894025403,0.02972628070379191
10.954773869346734,8.0,-2.4835483674908296,-4.238366722133515,-2.538430156160652,8.0,-4.238366722133515,-2.538430156160652,-1.3938242939589738,8.0,-2.538430156160652,-1.3938242939589738,-2.4835483674908296,8.0,-1.3938242939589738,-2.4835483674908296,-4.238366722133515,12.0,13.505324471807722,-25.099713064175262,16.0,13.505324471807722,-29.155614525494414,14.0,13.505324471807722,-27.12975703268055,0.7613697067895412,0.027078467981908237
11.055276381909549,8.0,-2.188165104654921,-4.103108098364307,-2.9590475053747225,8.0,-4.103108098364307,-2.9590475053747225,-1.4066725630921768,8.0,-2.9590475053747225,-1.4066725630921768,-2.188165104654921,8.0,-1.4066725630921768,-2.188165104654921,-4.103108098364307,12.0,14.53483087882134,-26.13942560956936,16.0,14.53483087882134,-30.19391082183266,14.0,14.53483087882134,-28.168712383679914,0.6907786025192502,0.02783421965077702
11.155778894472363,8.0,-1.9355015120944705,-3.8624909924971504,-3.3825140277865677,8.0,-3.8624909924971504,-3.3825140277865677,-1.4811352849431616,8.0,-3.3825140277865677,-1.4811352849431616,-1.9355015120944705,8.0,-1.4811352849431616,-1.9355015120944705,-3.8624909924971504,12.0,15.494042486828512,-27.143846544082283,16.0,15.494042486828512,-31.191914506722508,14.0,15.494042486828512,-29.1696767847736,0.5762387224529347,0.032492579084729856
11.256281407035177,8.0,-1.7300321127221672,-3.5518121147985906,-3.758365250424856,8.0,-3.5518121147985906,-3.758365250424856,-1.6235492072911937,8.0,-3.758365250424856,-1.6235492072911937,-1.7300321127221672,8.0,-1.6235492072911937,-1.7300321127221672,-3.5518121147985906,12.0,16.312419956221905,-28.027156172857826,16.0,16.312419956221905,-32.06608262676225,14.0,16.312419956221905,-30.048063031301087,0.4480742150824273,0.04279532884353781
11.35678391959799,8.0,-1.5744672206050494,-3.2073757266662364,-4.0396162861255,8.0,-3.2073757266662364,-4.0396162861255,-1.84005403429197,8.0,-4.0396162861255,-1.84005403429197,-1.5744672206050494,8.0,-1.84005403429197,-1.5744672206050494,-3.2073757266662364,12.0,16.96022730632703,-28.742975006745272,16.0,16.96022730632703,-32.772427699935854,14.0,16.96022730632703,-30.758783857546025,0.32995104977337236,0.06230052831613609
11.457286432160805,8.0,-1.4705782794771005,-2.8598152416253892,-4.194105236563381,8.0,-2.8598152416253892,-4.194105236563381,-2.1327657650599114,8.0,-4.194105236563381,-2.1327657650599114,-1.4705782794771005,8.0,-2.1327657650599114,-1.4705782794771005,-2.8598152416253892,12.0,17.444055438685602,-29.28653969304316,16.0,17.444055438685602,-33.307752642756846,14.0,17.444055438685602,-31.297918896272105,0.2338912254407473,0.09701289899683718
11.557788944723619,8.0,-1.4201084400200186,-2.531054414251328,-4.209848180197052,8.0,-2.531054414251328,-4.209848180197052,-2.4941833150542316,8.0,-4.209848180197052,-2.4941833150542316,-1.4201084400200186,8.0,-2.4941833150542316,-1.4201084400200186,-2.531054414251328,12.0,17.79121302683769,-29.68054718623934,16.0,17.79121302683769,-33.69534655699348,14.0,17.79121302683769,-31.688482306411053,0.1621453304019791,0.15516190714144337
11.658291457286433,8.0,-1.4257760264421047,-2.2349794396155733,-4.094657978941855,8.0,-2.2349794396155733,-4.094657978941855,-2.901893202265324,8.0,-4.094657978941855,-2.901893202265324,-1.4257760264421047,8.0,-2.901893202265324,-1.4257760264421047,-2.2349794396155733,12.0,18.034817562871787,-29.958205584999423,16.0,18.034817562871787,-33.96837582451622,14.0,18.034817562871787,-31.963654596840858,0.111640197665955,0.24436796682608677
11.758793969849247,8.0,-1.4919686213561942,-1.9798932809472602,-3.872260408001064,8.0,-1.9798932809472602,-3.872260408001064,-3.31745773164984,8.0,-3.872260408001064,-3.31745773164984,-1.4919686213561942,8.0,-3.31745773164984,-1.4919686213561942,-1.9798932809472602,12.0,18.20500364630358,-30.151854295644505,16.0,18.20500364630358,-34.15884191742104,14.0,18.20500364630358,-32.155595359648736,0.07761136923526102,0.3651036666033909
11.859296482412061,8.0,-1.6245925203814138,-1.7707882201962653,-3.576084298591871,8.0,-1.7707882201962653,-3.576084298591871,-3.6925140256832987,8.0,-3.576084298591871,-3.6925140256832987,-1.6245925203814138,8.0,-3.6925140256832987,-1.6245925203814138,-1.7707882201962653,12.0,18.32568246866434,-30.288035642816567,16.0,18.32568246866434,-34.29291890236295,14.0,18.32568246866434,-32.29064770720808,0.05552644544703975,0.5034617265720781
11.959798994974875,8.0,-1.8295008734036198,-1.6107272532516588,-3.2416627229688415,8.0,-1.6107272532516588,-3.2416627229688415,-3.980471258089524,8.0,-3.2416627229688415,-3.980471258089524,-1.8295008734036198,8.0,-3.980471258089524,-1.8295008734036198,-1.6107272532516588,12.0,18.41445640259529,-30.386639046488565,16.0,18.41445640259529,-34.390180319962965,14.0,18.41445640259529,-32.38853096401594,0.041789388944194365,0.6306718940171374
12.06030150753769,8.0,-2.1090146450796725,-1.5017083775159183,-2.8998925964079283,8.0,-1.5017083775159183,-2.8998925964079283,-4.147857165526776,8.0,-2.8998925964079283,-4.147857165526776,-2.1090146450796725,8.0,-4.147857165526776,-2.1090146450796725,-1.5017083775159183,12.0,18.48384318451806,-30.461889812556745,16.0,18.48384318451806,-34.46461571271574,14.0,18.48384318451806,-32.46334390939495,0.033865446867102564,0.7136271725717315
12.160804020100503,8.0,-2.4567055495532606,-1.4455459180202148,-2.5735492359280894,8.0,-1.4455459180202148,-2.5735492359280894,-4.180361398581327,8.0,-2.5735492359280894,-4.180361398581327,-2.4567055495532606,8.0,-4.180361398581327,-2.4567055495532606,-1.4455459180202148,12.0,18.54286418528749,-30.52392244793727,16.0,18.54286418528749,-34.52620115972142,14.0,18.54286418528749,-32.52513659181164,0.030206170885299866,0.7305357713960036
12.261306532663317,8.0,-2.8522170078802964,-1.444840718166492,-2.277451493663916,8.0,-1.444840718166492,-2.277451493663916,-4.083167557766239,8.0,-2.277451493663916,-4.083167557766239,-2.8522170078802964,8.0,-4.083167557766239,-2.8522170078802964,-1.444840718166492,12.0,18.59864472311228,-30.580422246741037,16.0,18.59864472311228,-34.582543879265714,14.0,18.59864472311228,-32.58154807502296,0.030161984816267223,0.6807562014166897
12.361809045226131,8.0,-3.259671602068393,-1.5036884136599122,-2.0206331755607545,8.0,-1.5036884136599122,-2.0206331755607545,-3.877567453451752,8.0,-2.0206331755607545,-3.877567453451752,-3.259671602068393,8.0,-3.877567453451752,-3.259671602068393,-1.5036884136599122,12.0,18.65802895497946,-30.638247732457703,16.0,18.65802895497946,-34.64046448045355,14.0,18.65802895497946,-32.639422849920464,0.03399958062162015,0.5830127927650884
12.462311557788945,8.0,-3.6327507004876667,-1.627616029654967,-1.8085851978247864,8.0,-1.627616029654967,-1.8085851978247864,-3.595170650023214,8.0,-1.8085851978247864,-3.595170650023214,-3.6327507004876667,8.0,-3.595170650023214,-3.6327507004876667,-1.627616029654967,12.0,18.729465091198563,-30.705217276803037,16.0,18.729465091198563,-34.70784184115067,14.0,18.729465091198563,-32.70660544886308,0.04311772865430416,0.464684866445784
12.56281407035176,8.0,-3.9254916735563863,-1.8221952876727772,-1.6447115550729123,8.0,-1.8221952876727772,-1.6447115550729123,-3.2706306266512075,8.0,-1.6447115550729123,-3.2706306266512075,-3.9254916735563863,8.0,-3.2706306266512075,-3.9254916735563863,-1.8221952876727772,12.0,18.82560676964845,-30.792464894143738,16.0,18.82560676964845,-34.795946548290765,14.0,18.82560676964845,-32.79430312422017,0.060504093365539406,0.3498601658474552
12.663316582914574,8.0,-4.10349797129476,-2.0898601919671154,-1.5312351046493937,8.0,-2.0898601919671154,-1.5312351046493937,-2.934912270802621,8.0,-1.5312351046493937,-2.934912270802621,-4.10349797129476,8.0,-2.934912270802621,-4.10349797129476,-2.0898601919671154,12.0,18.967090712186103,-30.91785332330293,16.0,18.967090712186103,-34.92291148173337,14.0,18.967090712186103,-32.920520346731315,0.09127497036147152,0.25280483285630356
12.763819095477388,8.0,-4.150513127985528,-2.425030468525018,-1.4700587182070681,8.0,-2.425030468525018,-1.4700587182070681,-2.6114580174445177,8.0,-1.4700587182070681,-2.6114580174445177,-4.150513127985528,8.0,-2.6114580174445177,-4.150513127985528,-2.425030468525018,12.0,19.187388084002617,-31.110614527036432,16.0,19.187388084002617,-35.11839380418546,14.0,19.187388084002617,-33.11471269132306,0.14261053153663436,0.17809394130131292
12.864321608040202,8.0,-4.069394524829587,-2.809081427759519,-1.4637040482321158,8.0,-2.809081427759519,-1.4637040482321158,-2.315901182276958,8.0,-1.4637040482321158,-2.315901182276958,-4.069394524829587,8.0,-2.315901182276958,-4.069394524829587,-2.809081427759519,12.0,19.536899623830365,-31.416085168217055,16.0,19.536899623830365,-35.428257082076414,14.0,19.536899623830365,-33.42249411832572,0.22166288697443662,0.12421100431735922
12.964824120603016,8.0,-3.879203450606982,-3.208402104986321,-1.516025957340393,8.0,-3.208402104986321,-1.516025957340393,-2.05795095607925,8.0,-1.516025957340393,-2.05795095607925,-3.879203450606982,8.0,-2.05795095607925,-3.879203450606982,-3.208402104986321,12.0,20.081771166885364,-31.896921974466164,16.0,20.081771166885364,-35.91553204195071,14.0,20.081771166885364,-33.90672355653914,0.3302679097386421,0.08715755970281151
13.06532663316583,8.0,-3.609804077409339,-3.578622809395112,-1.6322182179089448,8.0,-3.578622809395112,-1.6322182179089448,-1.8435733621910648,8.0,-1.6322182179089448,-1.8435733621910648,-3.609804077409339,8.0,-1.8435733621910648,-3.609804077409339,-3.578622809395112,12.0,20.89182992482285,-32.625134704951094,16.0,20.89182992482285,-36.65202594122551,14.0,20.89182992482285,-34.63929831429579,0.4582978049044604,0.06265868455153938
13.165829145728644,8.0,-3.294903384200211,-3.874569326783136,-1.8175811834748716,8.0,-3.874569326783136,-1.8175811834748716,-1.676500225372859,8.0,-1.8175811834748716,-1.676500225372859,-3.294903384200211,8.0,-1.676500225372859,-3.294903384200211,-3.874569326783136,12.0,22.016328775064483,-33.66121881185448,16.0,22.016328775064483,-37.696990035628644,14.0,22.016328775064483,-35.68006149685902,0.5816614854855244,0.04712060397459455
13.266331658291458,8.0,-2.9653784310051674,-4.061237296983993,-2.074595151638702,8.0,-4.061237296983993,-2.074595151638702,-1.5591743297198588,8.0,-2.074595151638702,-1.5591743297198588,-2.9653784310051674,8.0,-1.5591743297198588,-2.9653784310051674,-4.061237296983993,12.0,23.45509545064722,-35.024215429789095,16.0,23.45509545064722,-39.06733088434986,14.0,23.45509545064722,-37.04692288218052,0.6698461997399885,0.03790391136358866
13.366834170854272,8.0,-2.645176425296242,-4.120759627559589,-2.3983493859980625,8.0,-4.120759627559589,-2.3983493859980625,-1.4935984528270128,8.0,-2.3983493859980625,-1.4935984528270128,-2.645176425296242,8.0,-1.4935984528270128,-2.645176425296242,-4.120759627559589,12.0,25.139798123540228,-36.66591276871317,16.0,25.139798123540228,-40.712687085636595,14.0,25.139798123540228,-38.690533210056714,0.6997321779872138,0.03331973703376109
13.467336683417086,8.0,-2.350631875990006,-4.053948354041818,-2.7716765791857223,8.0,-4.053948354041818,-2.7716765791857223,-1.4822452065457932,8.0,-2.7716765791857223,-1.4822452065457932,-2.350631875990006,8.0,-1.4822452065457932,-2.350631875990006,-4.053948354041818,12.0,26.939459957408836,-38.46677456305939,16.0,26.939459957408836,-42.51252464538259,14.0,26.939459957408836,-40.49083287043426,0.6662460310548626,0.03256568094400499
13.5678391959799,8.0,-2.0920703870897723,-3.8778322242154197,-3.1629669260666877,8.0,-3.8778322242154197,-3.1629669260666877,-1.5287711751033488,8.0,-3.1629669260666877,-1.5287711751033488,-2.0920703870897723,8.0,-1.5287711751033488,-2.0920703870897723,-3.8778322242154197,12.0,28.694239245444937,-40.26410377755347,16.0,28.694239245444937,-44.3047979720048,14.0,28.694239245444937,-42.285477968582974,0.5831322299779048,0.03572954260491525
13.668341708542714,8.0,-1.8759059723205735,-3.6206186620121295,-3.5296841674945036,8.0,-3.6206186620121295,-3.5296841674945036,-1.638077330958205,8.0,-3.5296841674945036,-1.638077330958205,-1.8759059723205735,8.0,-1.638077330958205,-1.8759059723205735,-3.6206186620121295,12.0,30.26388856254551,-41.902973149119944,16.0,30.26388856254551,-45.93634850197307,14.0,30.26388856254551,-43.92048172961635,0.47462253740237603,0.0439544854847684
13.768844221105528,8.0,-1.7061831221760833,-3.31503528086736,-3.8275438309678886,8.0,-3.31503528086736,-3.8275438309678886,-1.8152064794691432,8.0,-3.8275438309678886,-1.8152064794691432,-1.7061831221760833,8.0,-1.8152064794691432,-1.7061831221760833,-3.31503528086736,12.0,31.564943139707797,-43.281665535197554,16.0,31.564943139707797,-47.30733235645113,14.0,31.564943139707797,-45.29511506233958,0.3643044401554782,0.059810591766374016
13.869346733668342,8.0,-1.5855579539988245,-2.99174854736704,-4.021190579581818,8.0,-2.99174854736704,-4.021190579581818,-2.0626361535589477,8.0,-4.021190579581818,-2.0626361535589477,-1.5855579539988245,8.0,-2.0626361535589477,-1.5855579539988245,-2.99174854736704,12.0,32.57858249488917,-44.36715462071578,16.0,32.57858249488917,-48.38598417008506,14.0,32.57858249488917,-46.37701215745184,0.2677782299533278,0.08775419308756212
13.969849246231156,8.0,-1.5161400193415782,-2.6750701483533,-4.09143978972991,8.0,-2.6750701483533,-4.09143978972991,-2.3759822505985237,8.0,-4.09143978972991,-2.3759822505985237,-1.5161400193415782,8.0,-2.3759822505985237,-1.5161400193415782,-2.6750701483533,12.0,33.33323959601722,-45.18066341680704,16.0,33.33323959601722,-49.19406076543598,14.0,33.33323959601722,-47.18767181284078,0.19142802780421447,0.13413112772110283
14.07035175879397,8.0,-1.5003760051657467,-2.3819285248163715,-4.037316501811085,8.0,-2.3819285248163715,-4.037316501811085,-2.73930534065683,8.0,-4.037316501811085,-2.73930534065683,-1.5003760051657467,8.0,-2.73930534065683,-1.5003760051657467,-2.3819285248163715,12.0,33.8794442452948,-45.77124662099456,16.0,33.8794442452948,-49.78063174316954,14.0,33.8794442452948,-47.77615320279197,0.13514070370227038,0.2055518229278462
14.170854271356784,8.0,-1.5417598168409803,-2.1232057450544044,-3.874006849792469,8.0,-2.1232057450544044,-3.874006849792469,-3.1227573151352086,8.0,-3.874006849792469,-3.1227573151352086,-1.5417598168409803,8.0,-3.1227573151352086,-1.5417598168409803,-2.1232057450544044,12.0,34.270487542282396,-46.19386617306115,16.0,34.270487542282396,-50.20043928283689,14.0,34.270487542282396,-48.19730067005534,0.0957141709511896,0.3045192160840383
14.271356783919598,8.0,-1.64493515355342,-1.9057340642322678,-3.6281601827209826,8.0,-1.9057340642322678,-3.6281601827209826,-3.4855100061645956,8.0,-3.6281601827209826,-3.4855100061645956,-1.64493515355342,8.0,-3.4855100061645956,-1.64493515355342,-1.9057340642322678,12.0,34.5524997587974,-46.4973559604963,16.0,34.5524997587974,-50.502030186968845,14.0,34.5524997587974,-48.49979694009652,0.06921287517276516,0.42344694263405097
14.371859296482413,8.0,-1.8147021084701758,-1.7338544551022126,-3.3315141214398074,8.0,-1.7338544551022126,-3.3315141214398074,-3.784227723588155,8.0,-3.3315141214398074,-3.784227723588155,-1.8147021084701758,8.0,-3.784227723588155,-1.8147021084701758,-1.7338544551022126,12.0,34.76151866436643,-46.720387155557255,16.0,34.76151866436643,-50.72382484029691,14.0,34.76151866436643,-48.72218128208082,0.05212402160208458,0.5419157697986984
14.472361809045227,8.0,-2.0535007993111787,-1.610428320618053,-3.0144338109349684,8.0,-1.610428320618053,-3.0144338109349684,-3.9834059236206687,8.0,-3.0144338109349684,-3.9834059236206687,-2.0535007993111787,8.0,-3.9834059236206687,-2.0535007993111787,-1.610428320618053,12.0,34.924253946362406,-46.89176790754541,16.0,34.924253946362406,-50.89443700683073,14.0,34.924253946362406,-48.89315989984792,0.0417661263580555,0.6320678412484189
14.57286432160804,8.0,-2.3573578149666945,-1.5376749868079103,-2.7014726142591563,8.0,-1.5376749868079103,-2.7014726142591563,-4.06280256083169,8.0,-2.7014726142591563,-4.06280256083169,-2.3573578149666945,8.0,-4.06280256083169,-2.3573578149666945,-1.5376749868079103,12.0,35.060356143749694,-47.03259943432142,16.0,35.060356143749694,-51.034834672610856,14.0,35.060356143749694,-49.033764126076285,0.036357469578435345,0.6706210056313711
14.673366834170855,8.0,-2.711367311142499,-1.5180333952248841,-2.410055032071136,8.0,-1.5180333952248841,-2.410055032071136,-4.0198887906301195,8.0,-2.410055032071136,-4.0198887906301195,-2.711367311142499,8.0,-4.0198887906301195,-2.711367311142499,-1.5180333952248841,12.0,35.18513667374195,-47.158999517890265,16.0,35.18513667374195,-51.16105575043892,14.0,35.18513667374195,-49.16007003715945,0.034981946973334024,0.6495941658544792
14.773869346733669,8.0,-3.0872305415521653,-1.5548639227657925,-2.151559138270174,8.0,-1.5548639227657925,-2.151559138270174,-3.8681896459107175,8.0,-2.151559138270174,-3.8681896459107175,-3.0872305415521653,8.0,-3.8681896459107175,-3.0872305415521653,-1.5548639227657925,12.0,35.31242790941666,-47.28496790594965,16.0,35.31242790941666,-51.2870772424772,14.0,35.31242790941666,-49.2860649335245,0.03759041846916616,0.5787930056799164
14.874371859296483,8.0,-3.4456984201108924,-1.652584190494139,-1.9332048734660148,8.0,-1.652584190494139,-1.9332048734660148,-3.63289821526916,8.0,-1.9332048734660148,-3.63289821526916,-3.4456984201108924,8.0,-3.63289821526916,-3.4456984201108924,-1.652584190494139,12.0,35.45780696610454,-47.42552641279216,16.0,35.45780696610454,-51.427948115524885,14.0,35.45780696610454,-49.42678470697143,0.04513264449418733,0.4794680697489209
14.974874371859297,8.0,-3.744409003116545,-1.815767118704689,-1.7596116850394228,8.0,-1.815767118704689,-1.7596116850394228,-3.344773898194838,8.0,-1.7596116850394228,-3.344773898194838,-3.744409003116545,8.0,-3.344773898194838,-3.744409003116545,-1.815767118704689,12.0,35.64275273353467,-47.60066340502814,16.0,35.64275273353467,-51.6037539221492,14.0,35.64275273353467,-49.60226798563412,0.05986602764521469,0.3741969956174647
15.075376884422111,8.0,-3.947877293941013,-2.0467881252216102,-1.6338363065252377,8.0,-2.0467881252216102,-1.6338363065252377,-3.033807441519091,8.0,-1.6338363065252377,-3.033807441519091,-3.947877293941013,8.0,-3.033807441519091,-3.947877293941013,-2.0467881252216102,12.0,35.90039075764641,-47.840762158218176,16.0,35.90039075764641,-51.84506485401391,14.0,35.90039075764641,-49.84299445803748,0.08574694699855794,0.2792312604891614
15.175879396984925,8.0,-4.035021850597821,-2.341991588302846,-1.558209134253179,8.0,-2.341991588302846,-1.558209134253179,-2.724692522171862,8.0,-1.558209134253179,-2.724692522171862,-4.035021850597821,8.0,-2.724692522171862,-4.035021850597821,-2.341991588302846,12.0,36.282821641416746,-48.193761326066436,16.0,36.282821641416746,-52.200106749868716,14.0,36.282821641416746,-50.19705165248907,0.12845647274928934,0.202279792527141
15.27638190954774,8.0,-4.001972388508222,-2.687342904632931,-1.5351747184021498,8.0,-2.687342904632931,-1.5351747184021498,-2.435259839218569,8.0,-1.5351747184021498,-2.435259839218569,-4.001972388508222,8.0,-2.435259839218569,-4.001972388508222,-2.687342904632931,12.0,36.867832318217715,-48.73248062240605,16.0,36.867832318217715,-52.742035342017914,14.0,36.867832318217715,-50.737433681457254,0.19407484933340768,0.1444228530379715
15.376884422110553,8.0,-3.8607622781646644,-3.055904275252412,-1.5679842829316895,8.0,-3.055904275252412,-1.5679842829316895,-2.177324942075225,8.0,-1.5679842829316895,-2.177324942075225,-3.8607622781646644,8.0,-2.177324942075225,-3.8607622781646644,-3.055904275252412,12.0,37.759030734683755,-49.557024503907556,16.0,37.759030734683755,-53.57118024038608,14.0,37.759030734683755,-51.56436038602146,0.2853771774069872,0.1032213994482661
15.477386934673367,8.0,-3.635235055486862,-3.409877007829969,-1.6608564611774603,8.0,-3.409877007829969,-1.6608564611774603,-1.9584624157560135,8.0,-1.6608564611774603,-1.9584624157560135,-3.635235055486862,8.0,-1.9584624157560135,-3.635235055486862,-3.409877007829969,12.0,39.07093274853532,-50.78383219537032,16.0,39.07093274853532,-54.80377087111136,14.0,39.07093274853532,-52.7941649236728,0.3964753065899109,0.07511829546761808
15.577889447236181,8.0,-3.3551918096103917,-3.7078785732021022,-1.818151667643488,8.0,-3.7078785732021022,-1.818151667643488,-1.783552734249699,8.0,-1.818151667643488,-1.783552734249699,-3.3551918096103917,8.0,-1.783552734249699,-3.3551918096103917,-3.7078785732021022,12.0,40.89474256414606,-52.51493610629727,16.0,40.89474256414606,-56.54096840884555,14.0,40.89474256414606,-54.52841648914582,0.5097726248871275,0.05673588895488835
15.678391959798995,8.0,-3.0502002017399366,-3.914568938104216,-2.042162205438845,8.0,-3.914568938104216,-2.042162205438845,-1.6558377744121702,8.0,-2.042162205438845,-1.6558377744121702,-3.0502002017399366,8.0,-1.6558377744121702,-3.0502002017399366,-3.914568938104216,12.0,43.25294026910939,-54.79182966680076,16.0,43.25294026910939,-58.82278115117919,14.0,43.25294026910939,-56.80784906631858,0.5998626710931272,0.04539973915530409
15.77889447236181,8.0,-2.745007889606128,-4.0082189761763845,-2.329474597144222,8.0,-4.0082189761763845,-2.329474597144222,-1.5777576127185073,8.0,-2.329474597144222,-1.5777576127185073,-2.745007889606128,8.0,-1.5777576127185073,-2.745007889606128,-4.0082189761763845,12.0,46.06347514787766,-57.55295527791551,16.0,46.06347514787766,-61.58626504200573,14.0,46.06347514787766,-59.57017891024774,0.6439532203050385,0.03927542136041461
15.879396984924623,8.0,-2.457769029096953,-3.983811543721058,-2.666784867965841,8.0,-3.983811543721058,-2.666784867965841,-1.5517725721412161,8.0,-2.666784867965841,-1.5517725721412161,-2.457769029096953,8.0,-1.5517725721412161,-2.457769029096953,-3.983811543721058,12.0,49.13711011028861,-60.62165490623748,16.0,49.13711011028861,-64.65415857156583,14.0,49.13711011028861,-62.638443378405064,0.6322609464956527,0.03736665429633038
15.979899497487438,8.0,-2.2006811695775013,-3.852046430961961,-3.028349337516592,8.0,-3.852046430961961,-3.028349337516592,-1.5810447164597816,8.0,-3.028349337516592,-1.5810447164597816,-2.2006811695775013,8.0,-1.5810447164597816,-2.2006811695775013,-3.852046430961961,12.0,52.219340502925526,-63.74229131421646,16.0,52.219340502925526,-67.77130743386208,14.0,52.219340502925526,-65.75726047390506,0.5715767304738153,0.039521412650407955
16.080402010050253,8.0,-1.9816415903012152,-3.6355189072256646,-3.377700230727609,8.0,-3.6355189072256646,-3.377700230727609,-1.6696168219807894,8.0,-3.377700230727609,-1.6696168219807894,-1.9816415903012152,8.0,-1.6696168219807894,-1.9816415903012152,-3.6355189072256646,12.0,55.06331349977831,-66.65478590556864,16.0,55.06331349977831,-70.67879206933532,14.0,55.06331349977831,-68.66715688868518,0.4805064512525187,0.046542578000056366
16.180904522613066,8.0,-1.8057724753909423,-3.3631049138580895,-3.6744204852326523,8.0,-3.3631049138580895,-3.6744204852326523,-1.8216509016997797,8.0,-3.6744204852326523,-1.8216509016997797,-1.8057724753909423,8.0,-1.8216509016997797,-1.8057724753909423,-3.3631049138580895,12.0,57.49742863581655,-69.1695599574171,16.0,57.49742863581655,-73.18826143456215,14.0,57.49742863581655,-71.17918776047098,0.3803831291254962,0.06044988225971811
16.28140703517588,8.0,-1.6764902338991565,-3.063913996686268,-3.883414719143406,8.0,-3.063913996686268,-3.883414719143406,-2.0393424142342296,8.0,-3.883414719143406,-2.0393424142342296,-1.6764902338991565,8.0,-2.0393424142342296,-1.6764902338991565,-3.063913996686268,12.0,59.45375514452005,-71.20345597226041,16.0,59.45375514452005,-75.21738782703194,14.0,59.45375514452005,-73.21062300199426,0.28762703989891736,0.08481456819351678
16.381909547738694,8.0,-1.596341651775881,-2.762675603819238,-3.9824707911094492,8.0,-2.762675603819238,-3.9824707911094492,-2.3194572981804273,8.0,-3.9824707911094492,-2.3194572981804273,-1.596341651775881,8.0,-2.3194572981804273,-1.596341651775881,-2.762675603819238,12.0,60.95267653055832,-72.76806762927065,16.0,60.95267653055832,-76.77813867515098,14.0,60.95267653055832,-74.77324659713905,0.21085780333440546,0.12478406934915003
16.48241206030151,8.0,-1.5678103008373938,-2.477795275894794,-3.9655958695675326,8.0,-2.477795275894794,-3.9655958695675326,-2.649304883064019,8.0,-3.9655958695675326,-2.649304883064019,-1.5678103008373938,8.0,-2.649304883064019,-1.5678103008373938,-2.477795275894794,12.0,62.06551945454343,-73.9319198473524,16.0,62.06551945454343,-77.93910197755058,14.0,62.06551945454343,-75.93561049712372,0.1521234834828763,0.18594984464956413
16.582914572864322,8.0,-1.5939854713247223,-2.221798943769169,-3.842304124858315,8.0,-2.221798943769169,-3.842304124858315,-3.0041883845615533,8.0,-3.842304124858315,-3.0041883845615533,-1.5939854713247223,8.0,-3.0041883845615533,-1.5939854713247223,-2.221798943769169,12.0,62.87964036329175,-74.78328110873315,16.0,62.87964036329175,-78.78839090824816,14.0,62.87964036329175,-76.78590765418946,0.10967667302320899,0.2711324433972407
16.683417085427138,8.0,-1.6787542666557913,-2.0028742439908545,-3.634044412656429,8.0,-2.0028742439908545,-3.634044412656429,-3.3488543880610435,8.0,-3.634044412656429,-3.3488543880610435,-1.6787542666557913,8.0,-3.3488543880610435,-1.6787542666557913,-2.0028742439908545,12.0,63.47686220756042,-75.4064318339325,16.0,63.47686220756042,-79.41012735886059,14.0,63.47686220756042,-77.40832950580095,0.08034540519306298,0.37556818298430134
16.78391959798995,8.0,-1.8260934375941988,-1.8263666546106412,-3.368805208866124,8.0,-1.8263666546106412,-3.368805208866124,-3.6438272024875595,8.0,-3.368805208866124,-3.6438272024875595,-1.8260934375941988,8.0,-3.6438272024875595,-1.8260934375941988,-1.8263666546106412,12.0,63.92454683793009,-75.87141152886633,16.0,63.92454683793009,-79.87416741664016,14.0,63.92454683793009,-77.87282623220703,0.06092056295493178,0.4838083071276575
16.884422110552766,8.0,-2.038091281113518,-1.6958552165544631,-3.0752159321381796,8.0,-1.6958552165544631,-3.0752159321381796,-3.854334135034222,8.0,-3.0752159321381796,-3.854334135034222,-2.038091281113518,8.0,-3.854334135034222,-2.038091281113518,-1.6958552165544631,12.0,64.27454445977403,-76.23233016305619,16.0,64.27454445977403,-80.23450093941332,14.0,64.27454445977403,-78.23344127755418,0.04877152270395041,0.5725957019464083
16.984924623115578,8.0,-2.3116415419647915,-1.6139899641479285,-2.7779278887848378,8.0,-1.6139899641479285,-2.7779278887848378,-3.9578201821559262,8.0,-2.7779278887848378,-3.9578201821559262,-2.3116415419647915,8.0,-3.9578201821559262,-2.3116415419647915,-1.6139899641479285,12.0,64.56596871807122,-76.5299510729529,16.0,64.56596871807122,-80.53177043321585,14.0,64.56596871807122,-78.53088436342321,0.04204385114424168,0.6199664334420879
17.085427135678394,8.0,-2.634566070915572,-1.5832826488626286,-2.4955332897838214,8.0,-1.5832826488626286,-2.4955332897838214,-3.947471518182653,8.0,-2.4955332897838214,-3.947471518182653,-2.634566070915572,8.0,-3.947471518182653,-2.634566070915572,-1.5832826488626286,12.0,64.82947097608418,-76.79587670431268,16.0,64.82947097608418,-80.79754661100567,14.0,64.82947097608418,-78.79673376462907,0.03968947526449164,0.6151159883082995
17.185929648241206,8.0,-2.98308435894689,-1.6067633208233014,-2.2408365594281294,8.0,-1.6067633208233014,-2.2408365594281294,-3.831753621275497,8.0,-2.2408365594281294,-3.831753621275497,-2.98308435894689,8.0,-3.831753621275497,-2.98308435894689,-1.6067633208233014,12.0,65.09209843933655,-77.05743523652846,16.0,65.09209843933655,-81.05913099760757,14.0,65.09209843933655,-79.0583052083096,0.04148162177335299,0.5625909342468239
17.286432160804022,8.0,-3.3230508136135297,-1.6881805240804506,-2.022284633170497,8.0,-1.6881805240804506,-2.022284633170497,-3.631064847484959,8.0,-2.022284633170497,-3.631064847484959,-3.3230508136135297,8.0,-3.631064847484959,-3.3230508136135297,-1.6881805240804506,12.0,65.38279476149047,-77.34307820741948,16.0,65.38279476149047,-81.34499199691702,14.0,65.38279476149047,-79.3440587855677,0.04811235962652756,0.4787425351585391
17.386934673366834,8.0,-3.615898569805513,-1.8313377111261524,-1.8454269378958132,8.0,-1.8313377111261524,-1.8454269378958132,-3.3725498547162,8.0,-1.8454269378958132,-3.3725498547162,-3.615898569805513,8.0,-3.3725498547162,-3.615898569805513,-1.8313377111261524,12.0,65.73924164032394,-77.68905645412998,16.0,65.73924164032394,-81.69143862472028,14.0,65.73924164032394,-79.69027671917812,0.061419364089610136,0.38359694084442003
17.48743718592965,8.0,-3.827236269647258,-2.0382086070848713,-1.7139940154952904,8.0,-2.0382086070848713,-1.7139940154952904,-3.0843449633133675,8.0,-1.7139940154952904,-3.0843449633133675,-3.827236269647258,8.0,-3.0843449633133675,-3.827236269647258,-2.0382086070848713,12.0,66.2169343194601,-78.14821664607103,16.0,66.2169343194601,-82.15143658655629,14.0,66.2169343194601,-80.14986468677499,0.08467318451606551,0.29341940701200314
17.587939698492463,8.0,-3.934286007692531,-2.3057717551196886,-1.6307342736282338,8.0,-2.3057717551196886,-1.6307342736282338,-2.790975023928877,8.0,-1.6307342736282338,-2.790975023928877,-3.934286007692531,8.0,-2.790975023928877,-3.934286007692531,-2.3057717551196886,12.0,66.9004827607796,-78.80122024562148,16.0,66.9004827607796,-82.80581495741966,14.0,66.9004827607796,-80.80357214941807,0.12258827806809258,0.21740416009343055
17.68844221105528,8.0,-3.9295516519289713,-2.6222748650977246,-1.5981910463447908,8.0,-2.6222748650977246,-1.5981910463447908,-2.5111614394068464,8.0,-1.5981910463447908,-2.5111614394068464,-3.9295516519289713,8.0,-2.5111614394068464,-3.9295516519289713,-2.6222748650977246,12.0,67.91407295263149,-79.76763852827301,16.0,67.91407295263149,-83.77434286824632,14.0,67.91407295263149,-81.77106889851699,0.1803161543929105,0.15835212712317398
17.78894472361809,8.0,-3.8205751316215943,-2.96473935566686,-1.6193459764739482,8.0,-2.96473935566686,-1.6193459764739482,-2.2579410547053413,8.0,-1.6193459764739482,-2.2579410547053413,-3.8205751316215943,8.0,-2.2579410547053413,-3.8205751316215943,-2.96473935566686,12.0,69.42268267509378,-81.20931792073544,16.0,69.42268267509378,-85.21896094676163,14.0,69.42268267509378,-83.21425469374577,0.26059108580335466,0.11511655926464434
17.889447236180906,8.0,-3.626797413741794,-3.3000272885348827,-1.6978238961558185,8.0,-3.3000272885348827,-1.6978238961558185,-2.039989472495451,8.0,-1.6978238961558185,-2.039989472495451,-3.626797413741794,8.0,-2.039989472495451,-3.626797413741794,-3.3000272885348827,12.0,71.61147066052985,-83.31342165551874,16.0,71.61147066052985,-87.32668669329897,14.0,71.61147066052985,-85.32020591755283,0.35937891523806814,0.08489532566889477
17.98994974874372,8.0,-3.3745648325403748,-3.5904436701026152,-1.8372657123882503,8.0,-3.5904436701026152,-1.8372657123882503,-1.8630413829201649,8.0,-1.8372657123882503,-1.8630413829201649,-3.3745648325403748,8.0,-1.8630413829201649,-3.3745648325403748,-3.5904436701026152,12.0,74.63555568013949,-86.2454185541154,16.0,74.63555568013949,-90.2623989954047,14.0,74.63555568013949,-88.25409886204183,0.4628543531403671,0.06466473548240803
18.090452261306535,8.0,-3.091515403807375,-3.8020235285794235,-2.0395246728654395,8.0,-3.8020235285794235,-2.0395246728654395,-1.7309672655874948,8.0,-2.0395246728654395,-1.7309672655874948,-3.091515403807375,8.0,-1.7309672655874948,-3.091515403807375,-3.8020235285794235,12.0,78.54960513841195,-90.07800180674745,16.0,78.54960513841195,-94.09791159105035,14.0,78.54960513841195,-92.0881733681249,0.549597059455605,0.05186406644213516
18.190954773869347,8.0,-2.802008808575362,-3.9118666267673694,-2.3016288336712902,8.0,-3.9118666267673694,-2.3016288336712902,-1.6466086312975186,8.0,-2.3016288336712902,-1.6466086312975186,-2.802008808575362,8.0,-1.6466086312975186,-2.802008808575362,-3.9118666267673694,12.0,83.2471200398303,-94.72429386990697,16.0,83.2471200398303,-98.74553902769632,14.0,83.2471200398303,-96.73514424011886,0.5986212340733663,0.044644828889563545
18.291457286432163,8.0,-2.524844538866158,-3.91191989580579,-2.61217639108241,8.0,-3.91191989580579,-2.61217639108241,-1.6125422633195958,8.0,-2.61217639108241,-1.6125422633195958,-2.524844538866158,8.0,-1.6125422633195958,-2.524844538866158,-3.91191989580579,12.0,88.44649535228675,-99.91517410311657,16.0,88.44649535228675,-103.93586729772845,14.0,88.44649535228675,-101.92572807940333,0.5986456892106112,0.041930816354695394
18.391959798994975,8.0,-2.2732497630147077,-3.808915844025311,-2.9488896721089497,8.0,-3.808915844025311,-2.9488896721089497,-1.6317103715147054,8.0,-2.9488896721089497,-1.6317103715147054,-2.2732497630147077,8.0,-1.6317103715147054,-2.2732497630147077,-3.808915844025311,12.0,93.7458232523592,-105.24867836799284,16.0,93.7458232523592,-109.26721185225921,14.0,93.7458232523592,-107.25812270131208,0.5525914128384858,0.04344394168298546
18.49246231155779,8.0,-2.056099272499493,-3.6214270727870383,-3.2795458648613236,8.0,-3.6214270727870383,-3.2795458648613236,-1.7076265335450707,8.0,-3.2795458648613236,-1.7076265335450707,-2.056099272499493,8.0,-1.7076265335450707,-2.056099272499493,-3.6214270727870383,12.0,98.73191757492233,-110.30000310921302,16.0,98.73191757492233,-114.3154602464933,14.0,98.73191757492233,-112.30787359919927,0.4749405291758667,0.04979419125896528
18.592964824120603,8.0,-1.8792947480629436,-3.37504754405459,-3.5672830805971905,8.0,-3.37504754405459,-3.5672830805971905,-1.843778664749315,8.0,-3.5672830805971905,-1.843778664749315,-1.8792947480629436,8.0,-1.843778664749315,-1.8792947480629436,-3.37504754405459,12.0,103.09245027988102,-114.73999132411156,16.0,103.09245027988102,-118.75216633312482,14.0,103.09245027988102,-116.74618644960276,0.38444984067377486,0.06267962012335007
18.69346733668342,8.0,-1.7468351376427982,-3.096919104174121,-3.7785937740934528,8.0,-3.096919104174121,-3.7785937740934528,-2.0418957308876724,8.0,-3.7785937740934528,-2.0418957308876724,-1.7468351376427982,8.0,-2.0418957308876724,-1.7468351376427982,-3.096919104174121,12.0,106.67586918773354,-118.40200326164452,16.0,106.67586918773354,-122.41119523991523,14.0,106.67586918773354,-120.40667805168344,0.29702266018943835,0.08513353821828344
18.79396984924623,8.0,-1.661649231500367,-2.8112033442055844,-3.8905453220261195,8.0,-2.8112033442055844,-3.8905453220261195,-2.2990238300314365,8.0,-3.8905453220261195,-2.2990238300314365,-1.661649231500367,8.0,-2.2990238300314365,-1.661649231500367,-2.8112033442055844,12.0,109.48170244216655,-121.27609999436935,16.0,109.48170244216655,-125.28284628973114,14.0,109.48170244216655,-123.27952960133918,0.2221655838724188,0.12151514756732569
18.894472361809047,8.0,-1.6263480782619302,-2.5367346658278356,-3.894636012338028,8.0,-2.5367346658278356,-3.894636012338028,-2.604047652916284,8.0,-3.894636012338028,-2.604047652916284,-1.6263480782619302,8.0,-2.604047652916284,-1.6263480782619302,-2.5367346658278356,12.0,111.60763916193334,-123.45627217879122,16.0,111.60763916193334,-127.4611525511602,14.0,111.60763916193334,-125.45875244977631,0.16323945322891562,0.17658214258711158
18.99497487437186,8.0,-1.6438414337923863,-2.2868907812710617,-3.7968963430440272,8.0,-2.2868907812710617,-3.7968963430440272,-2.935299885289317,8.0,-3.7968963430440272,-2.935299885289317,-1.6438414337923863,8.0,-2.935299885289317,-1.6438414337923863,-2.2868907812710617,12.0,113.19176916391211,-125.08082058901391,16.0,113.19176916391211,-129.0843484706338,14.0,113.19176916391211,-127.08261305798736,0.11960140222079545,0.25290501004940175
19.095477386934675,8.0,-1.7175424018410503,-2.0707185747635197,-3.6151117508526243,8.0,-2.0707185747635197,-3.6151117508526243,-3.261389583019562,8.0,-3.6151117508526243,-3.261389583019562,-1.7175424018410503,8.0,-3.261389583019562,-1.7175424018410503,-2.0707185747635197,12.0,114.37242292573795,-126.29014856283429,16.0,114.37242292573795,-130.29273492854358,14.0,114.37242292573795,-128.29146242821741,0.08878983269915233,0.34690298684781956
19.195979899497488,8.0,-1.8507941916114359,-1.8942685224276887,-3.3741714072333218,8.0,-1.8942685224276887,-3.3741714072333218,-3.546247249153239,8.0,-3.3741714072333218,-3.546247249153239,-1.8507941916114359,8.0,-3.546247249153239,-1.8507941916114359,-1.8942685224276887,12.0,115.26858887615819,-127.20577192446318,16.0,115.26858887615819,-131.20772578678287,14.0,115.26858887615819,-129.20676433276256,0.06797115153674199,0.4459714280494005
19.296482412060303,8.0,-2.0451983054049583,-1.7616567931249505,-3.1007267411731423,8.0,-1.7616567931249505,-3.1007267411731423,-3.756846013390727,8.0,-3.1007267411731423,-3.756846013390727,-2.0451983054049583,8.0,-3.756846013390727,-2.0451983054049583,-1.7616567931249505,12.0,115.97488782964012,-127.92457315372735,16.0,115.97488782964012,-131.9261225425109,14.0,115.97488782964012,-129.92536009063383,0.05467186745106439,0.5302371877464721
19.396984924623116,8.0,-2.2977925530888803,-1.6758933691006284,-2.8187160786144516,8.0,-1.6758933691006284,-2.8187160786144516,-3.870295700582039,8.0,-2.8187160786144516,-3.870295700582039,-2.2977925530888803,8.0,-3.870295700582039,-2.2977925530888803,-1.6758933691006284,12.0,116.56444518959493,-128.52136698469926,16.0,116.56444518959493,-132.52267458617317,14.0,116.56444518959493,-130.5220323856812,0.04706945262256316,0.5797389004933214
19.49748743718593,8.0,-2.597692290358524,-1.639623511319514,-2.5469705241460745,8.0,-1.639623511319514,-2.5469705241460745,-3.87774356141186,8.0,-2.5469705241460745,-3.87774356141186,-2.597692290358524,8.0,-3.87774356141186,-2.597692290358524,-1.639623511319514,12.0,117.09534599076424,-129.05527081627488,16.0,117.09534599076424,-133.0564815879069,14.0,117.09534599076424,-131.05588479231483,0.044079068854606634,0.5830922326650321
19.597989949748744,8.0,-2.9237614966497527,-1.6557300979867604,-2.298982881609277,8.0,-1.6557300979867604,-2.298982881609277,-3.78461420841338,8.0,-2.298982881609277,-3.78461420841338,-2.9237614966497527,8.0,-3.78461420841338,-2.9237614966497527,-1.6557300979867604,12.0,117.61864917081954,-129.5776725197356,16.0,117.61864917081954,-133.578894896017,14.0,117.61864917081954,-131.57829282575915,0.04539088291862577,0.542081825037466
19.69849246231156,8.0,-3.2453631561297938,-1.7275347174009459,-2.083945341664763,8.0,-1.7275347174009459,-2.083945341664763,-3.607985225990935,8.0,-2.083945341664763,-3.607985225990935,-3.2453631561297938,8.0,-3.607985225990935,-3.2453631561297938,-1.7275347174009459,12.0,118.18767066149718,-130.14144587489022,16.0,118.18767066149718,-134.14280910128664,14.0,118.18767066149718,-132.14213760281513,0.05155613494983768,0.46967154745104744
19.798994974874372,8.0,-3.5271786542699846,-1.8582434826465608,-1.9080402209805967,8.0,-1.8582434826465608,-1.9080402209805967,-3.372087482679909,8.0,-1.9080402209805967,-3.372087482679909,-3.5271786542699846,8.0,-3.372087482679909,-3.5271786542699846,-1.8582434826465608,12.0,118.86936895108333,-130.81216940306268,16.0,118.86936895108333,-134.81383724072901,14.0,118.86936895108333,-132.81301567510405,0.06416642668543578,0.38343919060412374
19.899497487437188,8.0,-3.736679279073326,-2.049327389783923,-1.775489718882456,8.0,-2.049327389783923,-1.775489718882456,-3.1030909102485675,8.0,-1.775489718882456,-3.1030909102485675,-3.736679279073326,8.0,-3.1030909102485675,-3.736679279073326,-2.049327389783923,12.0,119.75899015106482,-131.68256766541523,16.0,119.75899015106482,-135.68477206886598,14.0,119.75899015106482,-133.68368592232554,0.08606647848684207,0.29880199821649245
20.0,8.0,-3.8510805888746003,-2.2977939496017097,-1.6893790158517403,8.0,-2.2977939496017097,-1.6893790158517403,-2.8246908642345754,8.0,-1.6893790158517403,-2.8246908642345754,-3.8510805888746003,8.0,-2.8246908642345754,-3.8510805888746003,-2.2977939496017097,12.0,120.99771934834948,-132.8901419420904,16.0,120.99771934834948,-136.89321058441325,14.0,120.99771934834948,-134.89169843112296,0.12132023549385722,0.2253786514502934
