time,x1,x2,x3,x4,x5,x6,x7,x8,x9,x10
0.000000000000000000e+00,5.000000000000000000e+00,1.000000000000000000e+00,1.000000000000000000e+00,1.000000000000000000e+00,1.399999999999999822e+01,1.200000000000000000e+01,1.300000000000000000e+01,1.300000000000000000e+01,1.300000000000000000e+01,2.000000000000000000e+00
1.007751937984496110e-01,6.124616750970159451e+00,1.771164430030466086e+00,1.675472223077444811e+00,1.771164430030466752e+00,2.769778188549042497e+01,3.139440303504272123e+01,2.953391113513702138e+01,1.851220931194230701e+01,1.081550590800524070e+01,1.764708207039181298e+00
2.015503875968992220e-01,6.573588725185948611e+00,2.631784617302382667e+00,2.304190342316877249e+00,2.631784617302383555e+00,3.102008004229834626e+01,3.507506692731576692e+01,3.304894083035173935e+01,1.922080866138934496e+01,9.894831190573185609e+00,2.416668268100352623e+00
3.023255813953488191e-01,6.516703341625505352e+00,3.312276674134988497e+00,2.692479869578955576e+00,3.312276674134989385e+00,3.082320509799246366e+01,3.480803364498791552e+01,3.281558932434396780e+01,1.861161562401299463e+01,9.082511059887746541e+00,3.024448802076687315e+00
4.031007751937984440e-01,6.269781408622272956e+00,3.737023942816264821e+00,2.880101829124825041e+00,3.737023942816266597e+00,3.006373070667697789e+01,3.403454904529117897e+01,3.204833279281275082e+01,1.780814345663634413e+01,8.285859157839148281e+00,3.161244393957089560e+00
5.038759689922480689e-01,6.016581240460125990e+00,3.978370996508323376e+00,2.973889047783501827e+00,3.978370996508324708e+00,2.936614034901118586e+01,3.333998020088688463e+01,3.135220085650244926e+01,1.716236599060115608e+01,7.615972267543477336e+00,2.915739184209810375e+00
6.046511627906976383e-01,5.810413144272139618e+00,4.114603858150026383e+00,3.035827991776885337e+00,4.114603858150027271e+00,2.886386361541822865e+01,3.284475939902802821e+01,3.085363014695631989e+01,1.672392917729856165e+01,7.111681426079157653e+00,2.532093897873674226e+00
7.054263565891473187e-01,5.651856614276511870e+00,4.193290415097249202e+00,3.089762188228826201e+00,4.193290415097248314e+00,2.853524159858451270e+01,3.252250524636179563e+01,3.052839742854895277e+01,1.644503700230158216e+01,6.752277260561877270e+00,2.153955174765829206e+00
8.062015503875968880e-01,5.529386110787677389e+00,4.239816734174490342e+00,3.142857830577439504e+00,4.239816734174491231e+00,2.832827105657080935e+01,3.232012485301180504e+01,3.032388547617572172e+01,1.627160276793523508e+01,6.502795854527599673e+00,1.829835220676492513e+00
9.069767441860464574e-01,5.431999599192568695e+00,4.267733076849054896e+00,3.196475037352748849e+00,4.267733076849054896e+00,2.819974947245327002e+01,3.219463747461327330e+01,3.019699426646675988e+01,1.616453685503310211e+01,6.332217983080770551e+00,1.565445021536229442e+00
1.007751937984496138e+00,5.351653307436367690e+00,4.284558665514015097e+00,3.250272425543371035e+00,4.284558665514014208e+00,2.812045399499428555e+01,3.211727877080050320e+01,3.011874183830241947e+01,1.609873551997890573e+01,6.216955272220014983e+00,1.352884001174461615e+00
1.108527131782945707e+00,5.282960047635698153e+00,4.294642462160887852e+00,3.303577697013603487e+00,4.294642462160886964e+00,2.807185575433350522e+01,3.206990430380822943e+01,3.007080281065518790e+01,1.605858862990372415e+01,6.139983144697234607e+00,1.181891247670743716e+00
1.209302325581395277e+00,5.222434383133262692e+00,4.300581925241736769e+00,3.355791342121611009e+00,4.300581925241735881e+00,2.804240280492176396e+01,3.204122015522007416e+01,3.004176433122269074e+01,1.603442444295112779e+01,6.089265080995240886e+00,1.043330707190092355e+00
1.310077519379844846e+00,5.167849291580884241e+00,4.303962384726794710e+00,3.406471738897041579e+00,4.303962384726792934e+00,2.802489702758581203e+01,3.202419634428532191e+01,3.002451845825018850e+01,1.602022368773936378e+01,6.056383537989369792e+00,9.299046887384465609e-01
1.410852713178294637e+00,5.117783185530900170e+00,4.305764546605391097e+00,3.455325049292977901e+00,4.305764546605391985e+00,2.801483740552869151e+01,3.201443884150933883e+01,3.001462153663677057e+01,1.601222144311206108e+01,6.035503374308744284e+00,8.360124450198539447e-01
1.511627906976744207e+00,5.071321383775067027e+00,4.306600195434081790e+00,3.502173376129380067e+00,4.306600195434083567e+00,2.800939491468234621e+01,3.200917968773738664e+01,3.000927881235000427e+01,1.600805285507829012e+01,6.022613108027874418e+00,7.574128233311687719e-01
1.612403100775193776e+00,5.027866764134915734e+00,4.306852065440869737e+00,3.546923876240425155e+00,4.306852065440869737e+00,2.800679588427271227e+01,3.200669770621129118e+01,3.000674243904746064e+01,1.600623151863700855e+01,6.014980589317367787e+00,6.908994932084958629e-01
1.713178294573643345e+00,4.987019817763242102e+00,4.306760027639525035e+00,3.589543920078135386e+00,4.306760027639525035e+00,2.800591961542693298e+01,3.200589103823397608e+01,3.000590367245236578e+01,1.600582231614254169e+01,6.010762186611394498e+00,6.340380960819220757e-01
1.813953488372092915e+00,4.948503910574499898e+00,4.306474026798551513e+00,3.630042581552633596e+00,4.306474026798551513e+00,2.800606393730346255e+01,3.200607626194289423e+01,3.000607009551679383e+01,1.600623807074772742e+01,6.008724885287266559e+00,5.849663624992235134e-01
1.914728682170542706e+00,4.912118914984631601e+00,4.306087243844728185e+00,3.668457360670051237e+00,4.306087243844728185e+00,2.800678844700883730e+01,3.200682376158534481e+01,3.000680704978919167e+01,1.600711188149079334e+01,6.008052187995248872e+00,5.422472316401453218e-01
2.015503875968992276e+00,4.877712314267424354e+00,4.305657014186982323e+00,3.704844679579130329e+00,4.305657014186982323e+00,2.800781894749303902e+01,3.200786575566627334e+01,3.000784381572415782e+01,1.600821604918494501e+01,6.008208469293323084e+00,5.047608787505457606e-01
2.116279069767441623e+00,4.845161379095020315e+00,4.305218021038791143e+00,3.739273186457551468e+00,4.305218021038791143e+00,2.800898663884976614e+01,3.200903941360328986e+01,3.000901469688949774e+01,1.600941095011715021e+01,6.008845972040128380e+00,4.716260019546260063e-01
2.217054263565891414e+00,4.814362268544380541e+00,4.304790607888760334e+00,3.771819061257925210e+00,4.304790607888761222e+00,2.801018867064617623e+01,3.201024078112872218e+01,3.001021642737337558e+01,1.601061280775448736e+01,6.009741886125183896e+00,4.421423673187676040e-01
2.317829457364341206e+00,4.785223279289657405e+00,4.304386132484003369e+00,3.802562672465966909e+00,4.304386132484005145e+00,2.801136530308377104e+01,3.201141686317986768e+01,3.001139282899907101e+01,1.601177294169975340e+01,6.010755532678272672e+00,4.157482502889767728e-01
2.418604651162790553e+00,4.757660797129175556e+00,4.304010332536323702e+00,3.831586244565784227e+00,4.304010332536323702e+00,2.801248211935057952e+01,3.201253093405575356e+01,3.001250818597645775e+01,1.601286474178981933e+01,6.011799956077702234e+00,3.919888981063407996e-01
2.519379844961240345e+00,4.731596856651460570e+00,4.303665481063561948e+00,3.858972211875806746e+00,4.303665481063561948e+00,2.801352177870051108e+01,3.201356715747528625e+01,3.001354600420575736e+01,1.601387531293480748e+01,6.012823013604014832e+00,3.704928865248056091e-01
2.620155038759689692e+00,4.706957715296744560e+00,4.303351749452060560e+00,3.884802068148288878e+00,4.303351749452060560e+00,2.801447703998892891e+01,3.201451850132058752e+01,3.001449921915572361e+01,1.601480020320430953e+01,6.013794992433267872e+00,3.509544685788393847e-01
2.720930232558139483e+00,4.683673011996538627e+00,4.303068083958721424e+00,3.909155565115791209e+00,4.303068083958721424e+00,2.801534684533961439e+01,3.201538531490455597e+01,3.001536724868634209e+01,1.601564000359739026e+01,6.014700373426618007e+00,3.331198480754980484e-01
2.821705426356589275e+00,4.661675307675380076e+00,4.302812750347120740e+00,3.932110167499839992e+00,4.302812750347119852e+00,2.801613370397501512e+01,3.201616599549544162e+01,3.001615165444232503e+01,1.601639823956501374e+01,6.015532565761419370e+00,3.167768873408799424e-01
2.922480620155038622e+00,4.640899823177376149e+00,4.302583684996843516e+00,3.953740680073371649e+00,4.302583684996843516e+00,2.801684228095832907e+01,3.201687548207615919e+01,3.001685916221768835e+01,1.601707998334059724e+01,6.016290382243496104e+00,3.017468771515399162e-01
3.023255813953488413e+00,4.621284319838679266e+00,4.302378694064012521e+00,3.974119032189227685e+00,4.302378694064012521e+00,2.801747806583730238e+01,3.201750490100596380e+01,3.001749262258556072e+01,1.601769109047793904e+01,6.016975968031121447e+00,2.878785096682697775e-01
3.124031007751937761e+00,4.602769015309993605e+00,4.302195596863282567e+00,3.993314129934243173e+00,4.302195596863282567e+00,2.801804716660709005e+01,3.201807192106851119e+01,3.001806044987668898e+01,1.601823760568957766e+01,6.017593240356238660e+00,2.750427352968152772e-01
3.224806201550387552e+00,4.585296551825033262e+00,4.302032294743727725e+00,4.011391800115604589e+00,4.302032294743727725e+00,2.801855549426367986e+01,3.201857569315087915e+01,3.001856683731933018e+01,1.601872549891028186e+01,6.018147060064395149e+00,2.631289051524167699e-01
3.325581395348837344e+00,4.568811965798116326e+00,4.301886815064379199e+00,4.028414778567833032e+00,4.301886815064380087e+00,2.801900894853626767e+01,3.201902902040811227e+01,3.001901948772577455e+01,1.601916045999375982e+01,6.018642647818350788e+00,2.520416277713454223e-01
3.426356589147286691e+00,4.553262661388028931e+00,4.301757331156785824e+00,4.044442738790504421e+00,4.301757331156786712e+00,2.801941290612780833e+01,3.201943027646480999e+01,3.001942227250459894e+01,1.601954781483708601e+01,6.019085244169806614e+00,2.416982311250746585e-01
3.527131782945736482e+00,4.538598379583011599e+00,4.301642168379849807e+00,4.059532350738975559e+00,4.301642168379849807e+00,2.801977244988625770e+01,3.201978799076159277e+01,3.001978072800127606e+01,1.601989248315402037e+01,6.019479918806360352e+00,2.320267423133673124e-01
3.627906976744185830e+00,4.524771157590193660e+00,4.301539803557474784e+00,4.073737357410965210e+00,4.301539803557475672e+00,2.802009224808874777e+01,3.202010709496697416e+01,3.002009983355036482e+01,1.602019895784058789e+01,6.019831447665871416e+00,2.229642137598060181e-01
3.728682170542635621e+00,4.511735282392383084e+00,4.301448858909642681e+00,4.087108666716800620e+00,4.301448858909644457e+00,2.802037649721115287e+01,3.202038928792275385e+01,3.002038323877160764e+01,1.602047131914011402e+01,6.020144257971774771e+00,2.144553505331252830e-01
3.829457364341085412e+00,4.499447236872318179e+00,4.301368093127692305e+00,4.099694453476780076e+00,4.301368093127693193e+00,2.802062901852030663e+01,3.202063958098997887e+01,3.002063480501565707e+01,1.602071325402734203e+01,6.020422409908702477e+00,2.064513827458184791e-01
3.930232558139534760e+00,4.487865638355795106e+00,4.301296391176413714e+00,4.111540268166343992e+00,4.301296391176414602e+00,2.802085328399670416e+01,3.202086298707737200e+01,3.002085840557984397e+01,1.602092808000222490e+01,6.020669599099539582e+00,1.989091442027033640e-01
4.031007751937984551e+00,4.476951172584882066e+00,4.301232754033209815e+00,4.122689148251213354e+00,4.301232754033211592e+00,2.802105238737095405e+01,3.202106130477707069e+01,3.002105701274871663e+01,1.602111877358558090e+01,6.020889167790034691e+00,1.917902844693656905e-01
4.131782945736434343e+00,4.466666523749659667e+00,4.301176288327217989e+00,4.133181731422191696e+00,4.301176288327218877e+00,2.802122909067398382e+01,3.202123662563858630e+01,3.002123318211360825e+01,1.602128800030172329e+01,6.021084125853308322e+00,1.850606126127790629e-01
4.232558139534883246e+00,4.456976301490357173e+00,4.301126196315874672e+00,4.143056368970404080e+00,4.301126196315876449e+00,2.802138587658434332e+01,3.202139237672037098e+01,3.002138947330372787e+01,1.602143814257651044e+01,6.021257175614703527e+00,1.786895469613013487e-01
4.333333333333333037e+00,4.447846965739404190e+00,4.301081766510113091e+00,4.152349237816917338e+00,4.301081766510114868e+00,2.802152496505703994e+01,3.202153103131927026e+01,3.002152817347289115e+01,1.602157132648459381e+01,6.021410737354161213e+00,1.726496547387607605e-01
4.434108527131782829e+00,4.439246750747424919e+00,4.301042364962468945e+00,4.161094450242347698e+00,4.301042364962469833e+00,2.802164833128343346e+01,3.202165368732474349e+01,3.002165118668819233e+01,1.602168944741251622e+01,6.021546974621356796e+00,1.669162538918115279e-01
4.534883720930232620e+00,4.431145588962500881e+00,4.301007427320199916e+00,4.169324160598236517e+00,4.301007427320200804e+00,2.802175773448360019e+01,3.202176240935597917e+01,3.002176026884256643e+01,1.602179419365187130e+01,6.021667818427795638e+00,1.614670767139769203e-01
4.635658914728682412e+00,4.423515035394141925e+00,4.300976451506506315e+00,4.177068668894316161e+00,4.300976451506508091e+00,2.802185474018967426e+01,3.202185839676744905e+01,3.002185693840717207e+01,1.602188706785365113e+01,6.021774990213183187e+00,1.562819782583872719e-01
4.736434108527131315e+00,4.416328192893802296e+00,4.300948991064550420e+00,4.184356520759020093e+00,4.300948991064552196e+00,2.802194074803697887e+01,3.202194510082691181e+01,3.002194278134476235e+01,1.602196940654413382e+01,6.021870023181529419e+00,1.513426872706309934e-01
4.837209302325581106e+00,4.409559638747071020e+00,4.300924649197670924e+00,4.191214603060357646e+00,4.300924649197671812e+00,2.802201699331149243e+01,3.202202063703964541e+01,3.002201878883080965e+01,1.602204239780353134e+01,6.021954281848896251e+00,1.466325943445354052e-01
4.937984496124030898e+00,4.403185353031232374e+00,4.300903073441177504e+00,4.197668235348158916e+00,4.300903073441178392e+00,2.802208457851098444e+01,3.202208725181377957e+01,3.002208613119142200e+01,1.602210709730478300e+01,6.022028979778546898e+00,1.421365667407193112e-01
5.038759689922480689e+00,4.397182649342869176e+00,4.300883950813263468e+00,4.203741257801468123e+00,4.300883950813264356e+00,2.802214448423661608e+01,3.202214728819758705e+01,3.002214589053545879e+01,1.602216444271640583e+01,6.022095195623830222e+00,1.378407858147698006e-01
5.139534883720930480e+00,4.391530107465102972e+00,4.300867003437943481e+00,4.209456114656567216e+00,4.300867003437944369e+00,2.802219757846153669e+01,3.202220051283294566e+01,3.002219885593430959e+01,1.602221526657481832e+01,6.022153887705733233e+00,1.337326060048193710e-01
5.240310077519379384e+00,4.386207508369654562e+00,4.300851984697384722e+00,4.214833933552409206e+00,4.300851984697384722e+00,2.802224463180342795e+01,3.202224710301489807e+01,3.002224574820174752e+01,1.602226030791133837e+01,6.022205907150909532e+00,1.298004321216268131e-01
5.341085271317829175e+00,4.381195771662401484e+00,4.300838675723869464e+00,4.219894600809565688e+00,4.300838675723868576e+00,2.802228633086175691e+01,3.202228806956384233e+01,3.002228729655269746e+01,1.602230022257757014e+01,6.022252009646723359e+00,1.260336121130487819e-01
5.441860465116278966e+00,4.376476895729348726e+00,4.300826882367825732e+00,4.224656832844573273e+00,4.300826882367824844e+00,2.802232328269881023e+01,3.202232479200594639e+01,3.002232413669509370e+01,1.602233559256637818e+01,6.022292865971149212e+00,1.224223426876036858e-01
5.542635658914728758e+00,4.372033900151604868e+00,4.300816432419062529e+00,4.229138243929454255e+00,4.300816432419061641e+00,2.802235602615849075e+01,3.202235752977216521e+01,3.002235678874486879e+01,1.602236693412408286e+01,6.022329071372345410e+00,1.189575849256946372e-01
5.643410852713178549e+00,4.367850770866150256e+00,4.300807173152854546e+00,4.233355410172886302e+00,4.300807173152854546e+00,2.802238503968984773e+01,3.202238633975543536e+01,3.002238571172990333e+01,1.602239470506645702e+01,6.022361153922673793e+00,1.156309907827292871e-01
5.744186046511627453e+00,4.363912407801175064e+00,4.300798969141480299e+00,4.237323929973816128e+00,4.300798969141480299e+00,2.802241074752323158e+01,3.202241179917248104e+01,3.002241133844039922e+01,1.602241931138563302e+01,6.022389582013654596e+00,1.124348381251309564e-01
5.844961240310077244e+00,4.360204574908218333e+00,4.300791700308260523e+00,4.241058481160981053e+00,4.300791700308260523e+00,2.802243352545161059e+01,3.202243448709273821e+01,3.002243405129294018e+01,1.602244111311093988e+01,6.022414771061598948e+00,1.093619727280854131e-01
5.945736434108527035e+00,4.356713852574939594e+00,4.300785260198371596e+00,4.244572874947015073e+00,4.300785260198371596e+00,2.802245370676258318e+01,3.202245461581303942e+01,3.002245417520862958e+01,1.602246042945103355e+01,6.022437089458160031e+00,1.064057564214153512e-01
6.046511627906976827e+00,4.353427592405934021e+00,4.300779554443350250e+00,4.247880106819156509e+00,4.300779554443350250e+00,2.802247158717232622e+01,3.202247237010040237e+01,3.002247200073059474e+01,1.602247754336694996e+01,6.022456863842564623e+00,1.035600208966570984e-01
6.147286821705426618e+00,4.350333874295868597e+00,4.300774499396510464e+00,4.250992404511698908e+00,4.300774499396511352e+00,2.802248742875121579e+01,3.202248809143500097e+01,3.002248779378707155e+01,1.602249270567709161e+01,6.022474383792846275e+00,1.008190265514909145e-01
6.248062015503875521e+00,4.347421465688435127e+00,4.300770020919611802e+00,4.253921273220106158e+00,4.300770020919612691e+00,2.802250146365570771e+01,3.202250206691724799e+01,3.002250178803791414e+01,1.602250613870822349e+01,6.022489906009221627e+00,9.817742563965042857e-02
6.348837209302325313e+00,4.344679782931285317e+00,4.300766053305502545e+00,4.256677538209264533e+00,4.300766053305502545e+00,2.802251389770602330e+01,3.202251444858391949e+01,3.002251418581185760e+01,1.602251803951430276e+01,6.022503658034376706e+00,9.563022912421476063e-02
6.449612403100775104e+00,4.342098854655189299e+00,4.300762538322889128e+00,4.259271384952646677e+00,4.300762538322888240e+00,2.802252491339556428e+01,3.202252539032438960e+01,3.002252516800034599e+01,1.602252858272844094e+01,6.022515841551233429e+00,9.317277682396554739e-02
6.550387596899224896e+00,4.339669287101352246e+00,4.300759424368980177e+00,4.261712396930487756e+00,4.300759424368979289e+00,2.802253467241363794e+01,3.202253508642443336e+01,3.002253489759360505e+01,1.602253792310655101e+01,6.022526635306555853e+00,9.080071052575319768e-02
6.651162790697674687e+00,4.337382231309330649e+00,4.300756665716993332e+00,4.264009591214198203e+00,4.300756665716992444e+00,2.802254331799671760e+01,3.202254369211456719e+01,3.002254351788888442e+01,1.602254619778906175e+01,6.022536197708203254e+00,8.850994973378954744e-02
6.751937984496123590e+00,4.335229352076637177e+00,4.300754221848184677e+00,4.266171451963014505e+00,4.300754221848183789e+00,2.802255097709828746e+01,3.202255131277824063e+01,3.002255115437410282e+01,1.602255352830106716e+01,6.022544669133576001e+00,8.629666973661083429e-02
6.852713178294573382e+00,4.333202798607444173e+00,4.300752056859784567e+00,4.268205961952787675e+00,4.300752056859784567e+00,2.802255776223968553e+01,3.202255805489623697e+01,3.002255791903346704e+01,1.602256002232338972e+01,6.022552173978025891e+00,8.415728172257599948e-02
6.953488372093023173e+00,4.331295176771984501e+00,4.300750138940387046e+00,4.270120632248393555e+00,4.300750138940386158e+00,2.802256377310464686e+01,3.202256403034395760e+01,3.002256391191211193e+01,1.602256577526624781e+01,6.022558822469927797e+00,8.208841472858655064e-02
7.054263565891472965e+00,4.329499522898800912e+00,4.300748439904642062e+00,4.271922530124778739e+00,4.300748439904641174e+00,2.802256909800105333e+01,3.202256932884728258e+01,3.002256922112421123e+01,1.602257087166670502e+01,6.022564712279553589e+00,8.008689923611239658e-02
7.155038759689922756e+00,4.327809279022453381e+00,4.300746934780409703e+00,4.273618305337439693e+00,4.300746934780409703e+00,2.802257381518299084e+01,3.202257402057396263e+01,3.002257392429764593e+01,1.602257538642604118e+01,6.022569929946692824e+00,7.814975224172948653e-02
7.255813953488371659e+00,4.326218269512312808e+00,4.300745601442765853e+00,4.275214214838919169e+00,4.300745601442765853e+00,2.802257799399243510e+01,3.202257817411731367e+01,3.002257809055777926e+01,1.602257938590573616e+01,6.022574552147491822e+00,7.627416364460101739e-02
7.356589147286821451e+00,4.324720679011544000e+00,4.300744420289780656e+00,4.276716146032530474e+00,4.300744420289780656e+00,2.802258169585731551e+01,3.202258185508126331e+01,3.002258178138296429e+01,1.602258292889988311e+01,6.022578646817527748e+00,7.445748381506868407e-02
7.457364341085271242e+00,4.323311031618439770e+00,4.300743373955115523e+00,4.278129638649460276e+00,4.300743373955115523e+00,2.802258497519537528e+01,3.202258511734896729e+01,3.002258505101725206e+01,1.602258606749777670e+01,6.022582274146768277e+00,7.269721223129615995e-02
7.558139534883721034e+00,4.321984171242778672e+00,4.300742447053410800e+00,4.279459905324791258e+00,4.300742447053412576e+00,2.802258788022288272e+01,3.202258800624301927e+01,3.002258794739655556e+01,1.602258884784779980e+01,6.022585487461322273e+00,7.099098705585928093e-02
7.658914728682170825e+00,4.320735243078224208e+00,4.300741625954588088e+00,4.280711850958657472e+00,4.300741625954589864e+00,2.802259045365898871e+01,3.202259056463833531e+01,3.002259051313032501e+01,1.602259131083375721e+01,6.022588334005172683e+00,6.933657560172158674e-02
7.759689922480619728e+00,4.319559676127493475e+00,4.300740898583611305e+00,4.281890090927761960e+00,4.300740898583613081e+00,2.802259273334604472e+01,3.202259283166743131e+01,3.002259278602781478e+01,1.602259349267485078e+01,6.022590855633294105e+00,6.773186557604836400e-02
7.860465116279069520e+00,4.318453166723291048e+00,4.300740254243008209e+00,4.282998968215411040e+00,4.300740254243008209e+00,2.802259475280727230e+01,3.202259484028934367e+01,3.002259479949607979e+01,1.602259542545811755e+01,6.022593089426064417e+00,6.617485702747467891e-02
7.961240310077519311e+00,4.317411662991275989e+00,4.300739683455799600e+00,4.284042569524896038e+00,4.300739683455798712e+00,2.802259654174336490e+01,3.202259661919585909e+01,3.002259658310160972e+01,1.602259713761002047e+01,6.022595068233716376e+00,6.466365493191922331e-02
8.062015503875969102e+00,4.316431350203844275e+00,4.300739177826494952e+00,4.285024740437587631e+00,4.300739177826493176e+00,2.802259812646734005e+01,3.202259819485713876e+01,3.002259816309224760e+01,1.602259865431355124e+01,6.022596821158595404e+00,6.319646236259499061e-02
8.162790697674418894e+00,4.315508636974943357e+00,4.300738729917779501e+00,4.285949099672257567e+00,4.300738729917777725e+00,2.802259953028821826e+01,3.202259959091787778e+01,3.002259956273369212e+01,1.602259999787762013e+01,6.022598373982335218e+00,6.177157419185840687e-02
8.263565891472868685e+00,4.314640142248689969e+00,4.300738333141108427e+00,4.286819052498303861e+00,4.300738333141107539e+00,2.802260077385414050e+01,3.202260082768788862e+01,3.002260080260283459e+01,1.602260118806496436e+01,6.022599749544477632e+00,6.038737127511587671e-02
8.364341085271318477e+00,4.313822683037532357e+00,4.300737981659802145e+00,4.287637803353170796e+00,4.300737981659800369e+00,2.802260187545754633e+01,3.202260192310613007e+01,3.002260190092294678e+01,1.602260224238307984e+01,6.022600968078174688e+00,5.904231507283626973e-02
8.465116279069766492e+00,4.313053262868177917e+00,4.300737670303315774e+00,4.288408367711626035e+00,4.300737670303313998e+00,2.802260285130379813e+01,3.202260289344306443e+01,3.002260287385801618e+01,1.602260317634155484e+01,6.022602047507612077e+00,5.773494267287469783e-02
8.565891472868216283e+00,4.312329060895385702e+00,4.300737394491298105e+00,4.289133583251496518e+00,4.300737394491297216e+00,2.802260371574832831e+01,3.202260375310698493e+01,3.002260373572891794e+01,1.602260400367977766e+01,6.022603003711402003e+00,5.646386217936646967e-02
8.666666666666666075e+00,4.311647421645681710e+00,4.300737150166226819e+00,4.289816120357584417e+00,4.300737150166225042e+00,2.802260448150772021e+01,3.202260451463963875e+01,3.002260449920965257e+01,1.602260473656872009e+01,6.022603850755842814e+00,5.522774843699911757e-02
8.767441860465115866e+00,4.311005845355212251e+00,4.300736933733698031e+00,4.290458492003021540e+00,4.300736933733697143e+00,2.802260515984718481e+01,3.202260518917547216e+01,3.002260517552739572e+01,1.602260538579011850e+01,6.022604601101687827e+00,5.402533906203785263e-02
8.868217054263565657e+00,4.310401978868004136e+00,4.300736742009569902e+00,4.291063063045194248e+00,4.300736742009569014e+00,2.802260576074630549e+01,3.202260578670604474e+01,3.002260577463511382e+01,1.602260596089516298e+01,6.022605265787430717e+00,5.285543075442532268e-02
8.968992248062015449e+00,4.309833607062719452e+00,4.300736572173168959e+00,4.291632058971095454e+00,4.300736572173168959e+00,2.802260629304551287e+01,3.202260631605604857e+01,3.002260630534934549e+01,1.602260647034487917e+01,6.022605854591663643e+00,5.171687586800398362e-02
9.069767441860465240e+00,4.309298644777645571e+00,4.300736421725821934e+00,4.292167574124841067e+00,4.300736421725821934e+00,2.802260676457604305e+01,3.202260678497024315e+01,3.002260677547597467e+01,1.602260692163438804e+01,6.022606376176804943e+00,5.060857921806037607e-02
9.170542635658915032e+00,4.308795129205313046e+00,4.300736288454084288e+00,4.292671579448104069e+00,4.300736288454083400e+00,2.802260718227514147e+01,3.202260720033159913e+01,3.002260719193028748e+01,1.602260732140316435e+01,6.022606838216443492e+00,4.952949510715782405e-02
9.271317829457364823e+00,4.308321212729810057e+00,4.300736170397173375e+00,4.293145929762430590e+00,4.300736170397174263e+00,2.802260755228817501e+01,3.202260756827790544e+01,3.002260756084064752e+01,1.602260767553281440e+01,6.022607247508206640e+00,4.847862455189419495e-02
9.372093023255814614e+00,4.307875156181338205e+00,4.300736065818135501e+00,4.293592370620693544e+00,4.300736065818136389e+00,2.802260788005905567e+01,3.202260789422939524e+01,3.002260788763541655e+01,1.602260798923358109e+01,6.022607610073775319e+00,4.745501269492846674e-02
9.472868217054262630e+00,4.307455322483993321e+00,4.300735973178301030e+00,4.294012544753302407e+00,4.300735973178301030e+00,2.802260817041024410e+01,3.202260818296540634e+01,3.002260817712187446e+01,1.602260826712093333e+01,6.022607931247463853e+00,4.645774638811391022e-02
9.573643410852712421e+00,4.307060170673825183e+00,4.300735891114657150e+00,4.294407998132901305e+00,4.300735891114657150e+00,2.802260842761366533e+01,3.202260843873166607e+01,3.002260843355888653e+01,1.602260851328342284e+01,6.022608215754643446e+00,4.548595193181096535e-02
9.674418604651162212e+00,4.306688250266342166e+00,4.300735818419807899e+00,4.294780185680956208e+00,4.300735818419807899e+00,2.802260865545353141e+01,3.202260866530109951e+01,3.002260866071990364e+01,1.602260873134280672e+01,6.022608467781236818e+00,4.453879296229892176e-02
9.775193798449612004e+00,4.306338195952733372e+00,4.300735754024194613e+00,4.295130476636849437e+00,4.300735754024194613e+00,2.802260885728205153e+01,3.202260886600770107e+01,3.002260886194729750e+01,1.602260892450741281e+01,6.022608691035282291e+00,4.361546847346790129e-02
9.875968992248061795e+00,4.306008722605869643e+00,4.300735696980344080e+00,4.295460159609590711e+00,4.300735696980343192e+00,2.802260903606874010e+01,3.202260904379868123e+01,3.002260904020144139e+01,1.602260909561928770e+01,6.022608888801514126e+00,4.271521096318244004e-02
9.976744186046511587e+00,4.305698620578171543e+00,4.300735646448935690e+00,4.295770447331087816e+00,4.300735646448934801e+00,2.802260919444415421e+01,3.202260920129019439e+01,3.002260919810496986e+01,1.602260924719607260e+01,6.022609063989706080e+00,4.183728469529441468e-02
1.007751937984496138e+01,4.305406751274467148e+00,4.300735601686477061e+00,4.296062481128681831e+00,4.300735601686477061e+00,2.802260933473854720e+01,3.202260934080286603e+01,3.002260933798138609e+01,1.602260938146800839e+01,6.022609219177470052e+00,4.098098406925306664e-02
1.017829457364341117e+01,4.305132042983808915e+00,4.300735562034363468e+00,4.296337335133603830e+00,4.300735562034363468e+00,2.802260945901613454e+01,3.202260946438895672e+01,3.002260946188880197e+01,1.602260950041069520e+01,6.022609356648144008e+00,4.014563208961773044e-02
1.027906976744186096e+01,4.304873486955159478e+00,4.300735526909176265e+00,4.296596020240891711e+00,4.300735526909175377e+00,2.802260956910546597e+01,3.202260957386489792e+01,3.002260957165018240e+01,1.602260960577417137e+01,6.022609478424380214e+00,3.933057892823193374e-02
1.037984496124031075e+01,4.304630133702747052e+00,4.300735495794094199e+00,4.296839487835539373e+00,4.300735495794093310e+00,2.802260966662632669e+01,3.202260967084190213e+01,3.002260966888050220e+01,1.602260969910871324e+01,6.022609586297923201e+00,3.853520057248732006e-02
1.048062015503875877e+01,4.304401089527763347e+00,4.300735468231297709e+00,4.297068633298736451e+00,4.300735468231296821e+00,2.802260975301361157e+01,3.202260975674795418e+01,3.002260975501042495e+01,1.602260978178760809e+01,6.022609681855977115e+00,3.775889755375121115e-02
1.058139534883720856e+01,4.304185513243796279e+00,4.300735443815238312e+00,4.297284299307213118e+00,4.300735443815237424e+00,2.802260982953840340e+01,3.202260983284669749e+01,3.002260983130726402e+01,1.602260985502739032e+01,6.022609766504549711e+00,3.700109375050430333e-02
1.068217054263565835e+01,4.303982613094078147e+00,4.300735422186671819e+00,4.297487278937920152e+00,4.300735422186670931e+00,2.802260989732665664e+01,3.202260990025720844e+01,3.002260989889358456e+01,1.602260991990566197e+01,6.022609841489128257e+00,3.626123526110183737e-02
1.078294573643410814e+01,4.303791643849372406e+00,4.300735403027360348e+00,4.297678318589557733e+00,4.300735403027360348e+00,2.802260995737578142e+01,3.202260995997158943e+01,3.002260995876379823e+01,1.602260997737701231e+01,6.022609907913000882e+00,3.553878934143753221e-02
1.088372093023255793e+01,4.303611904075966166e+00,4.300735386055396958e+00,4.297858120731789633e+00,4.300735386055396958e+00,2.802261001056929857e+01,3.202261001286880315e+01,3.002261001179885369e+01,1.602261002828706893e+01,6.022609966753505795e+00,3.483324340317125317e-02
1.098449612403100772e+01,4.303442733563815459e+00,4.300735371021060516e+00,4.298027346492334644e+00,4.300735371021060516e+00,2.802261005768990998e+01,3.202261005972697916e+01,3.002261005877910094e+01,1.602261007338491083e+01,6.022610018876405569e+00,3.414410406853069652e-02
1.108527131782945752e+01,4.303283510905507647e+00,4.300735357703143080e+00,4.298186618091519584e+00,4.300735357703142192e+00,2.802261009943093839e+01,3.202261010123540785e+01,3.002261010039578082e+01,1.602261011333409968e+01,6.022610065048625394e+00,3.347089627799481465e-02
1.118604651162790731e+01,4.303133651217200928e+00,4.300735345905685847e+00,4.298336521133294674e+00,4.300735345905684959e+00,2.802261013640653786e+01,3.202261013800494993e+01,3.002261013726122840e+01,1.602261014872242484e+01,6.022610105949530279e+00,3.281316244742945448e-02
1.128682170542635710e+01,4.302992603993248899e+00,4.300735335455103225e+00,4.298477606761196945e+00,4.300735335455102337e+00,2.802261016916076031e+01,3.202261017057671211e+01,3.002261016991787201e+01,1.602261018007058624e+01,6.022610142180922388e+00,3.217046167149543306e-02
1.138759689922480689e+01,4.302859851086696885e+00,4.300735326197625774e+00,4.298610393687256170e+00,4.300735326197625774e+00,2.802261019817554555e+01,3.202261019942987019e+01,3.002261019884621973e+01,1.602261020783982914e+01,6.022610174275901507e+00,3.154236897040629123e-02
1.148837209302325491e+01,4.302734904808262151e+00,4.300735317997042451e+00,4.298735370101319120e+00,4.300735317997043339e+00,2.802261022387781608e+01,3.202261022498891663e+01,3.002261022447192218e+01,1.602261023243876181e+01,6.022610202706709437e+00,3.092847457728522056e-02
1.158914728682170470e+01,4.302617306136875541e+00,4.300735310732689776e+00,4.298852995467849603e+00,4.300735310732690664e+00,2.802261024664575118e+01,3.202261024762999142e+01,3.002261024717202886e+01,1.602261025422933116e+01,6.022610227891674661e+00,3.032838326339852564e-02
1.168992248062015449e+01,4.302506623035267097e+00,4.300735304297685246e+00,4.298963702216895832e+00,4.300735304297685246e+00,2.802261026681435752e+01,3.202261026768624674e+01,3.002261026728054460e+01,1.602261027353214118e+01,6.022610250201361204e+00,2.974171369940931467e-02
1.179069767441860428e+01,4.302402448864429019e+00,4.300735298597343714e+00,4.299067897335420163e+00,4.300735298597343714e+00,2.802261028468037551e+01,3.202261028545272126e+01,3.002261028509334295e+01,1.602261029063120290e+01,6.022610269964025598e+00,2.916809785002859312e-02
1.189147286821705407e+01,4.302304400891137526e+00,4.300735293547792715e+00,4.299165963864871820e+00,4.300735293547792715e+00,2.802261030050667756e+01,3.202261030119084495e+01,3.002261030087250404e+01,1.602261030577812662e+01,6.022610287470453017e+00,2.860718040011035745e-02
1.199224806201550386e+01,4.302212118883114833e+00,4.300735289074730794e+00,4.299258262310561740e+00,4.300735289074730794e+00,2.802261031452615114e+01,3.202261031513219791e+01,3.002261031485020837e+01,1.602261031919577405e+01,6.022610302978226748e+00,2.805861821031644179e-02
1.209302325581395365e+01,4.302125263786684251e+00,4.300735285112344819e+00,4.299345131968019373e+00,4.300735285112344819e+00,2.802261032694507037e+01,3.202261032748194225e+01,3.002261032723212608e+01,1.602261033108157662e+01,6.022610316715531376e+00,2.752207980062307269e-02
1.219379844961240345e+01,4.302043516482092045e+00,4.300735281602330318e+00,4.299426892171255510e+00,4.300735281602330318e+00,2.802261033794615841e+01,3.202261033842173532e+01,3.002261033820044389e+01,1.602261034161041664e+01,6.022610328884494102e+00,2.699724486001503498e-02
1.229457364341085324e+01,4.301966576611905069e+00,4.300735278493045044e+00,4.299503843467490150e+00,4.300735278493045044e+00,2.802261034769128756e+01,3.202261034811256479e+01,3.002261034791654382e+01,1.602261035093721020e+01,6.022610339664165480e+00,2.648380378080798098e-02
1.239534883720930303e+01,4.301894161478247547e+00,4.300735275738734487e+00,4.299576268722721473e+00,4.300735275738734487e+00,2.802261035632384534e+01,3.202261035669703659e+01,3.002261035652338705e+01,1.602261035919919152e+01,6.022610349213156411e+00,2.598145721615860090e-02
1.249612403100775104e+01,4.301826005004796727e+00,4.300735273298874617e+00,4.299644434162200213e+00,4.300735273298875505e+00,2.802261036397085547e+01,3.202261036430144259e+01,3.002261036414761719e+01,1.602261036651793447e+01,6.022610357671970505e+00,2.548991565943196924e-02
1.259689922480620083e+01,4.301761856759767078e+00,4.300735271137566151e+00,4.299708590349633042e+00,4.300735271137566151e+00,2.802261037074483241e+01,3.202261037103767194e+01,3.002261037090141471e+01,1.602261037300112179e+01,6.022610365165068202e+00,2.500889904418099677e-02
1.269767441860465063e+01,4.301701481036291241e+00,4.300735269223008750e+00,4.299768973108754722e+00,4.300735269223007862e+00,2.802261037674545108e+01,3.202261037700485247e+01,3.002261037688415612e+01,1.602261037874414384e+01,6.022610371802707085e+00,2.453813636356592248e-02
1.279844961240310042e+01,4.301644655986827992e+00,4.300735267527027617e+00,4.299825804390627226e+00,4.300735267527027617e+00,2.802261038206098931e+01,3.202261038229078594e+01,3.002261038218386346e+01,1.602261038383150193e+01,6.022610377682545924e+00,2.407736530811464132e-02
1.289922480620155021e+01,4.301591172808427288e+00,4.300735266024672043e+00,4.299879293089902355e+00,4.300735266024672043e+00,2.802261038676967786e+01,3.202261038697324125e+01,3.002261038687851524e+01,1.602261038833805173e+01,6.022610382891103065e+00,2.362633192079839281e-02
1.300000000000000000e+01,4.301540834971569360e+00,4.300735264693831716e+00,4.299929635817353102e+00,4.300735264693831716e+00,2.802261039094079820e+01,3.202261039112111263e+01,3.002261039103721174e+01,1.602261039233011175e+01,6.022610387505030971e+00,2.318479026700506068e-02
