time,->1,1->1,2->1,3->1,->2,2->2,3->2,4->2,->3,3->3,4->3,1->3,->4,4->4,1->4,2->4,->5,8->5,5->5,->6,8->6,6->6,->7,8->7,7->7,->8,2->8,8->8,->9,4->9,9->9,8->10,10->10,->10
0.0,8.0,-2.9999999999999996,-1.0,-3.0,8.0,-1.0,-3.0,-5.000000000000001,8.0,-3.0,-5.000000000000001,-2.9999999999999996,8.0,-5.000000000000001,-2.9999999999999996,-1.0,8.0,17.0,-30.0,12.0,17.0,-30.0,10.0,17.0,-29.999999999999996,20.0,-0.05,-17.0,10.0,-1.2500000000000004,-7.999999999999999,14.450000000000001,-2.0,-11.0
0.10077519379844961,8.0,-3.392041801453572,-0.9635708187575234,-2.3132692506197103,8.0,-0.9635708187575234,-2.3132692506197103,-4.554495726702137,8.0,-2.3132692506197103,-4.554495726702137,-3.392041801453572,8.0,-4.554495726702137,-3.392041801453572,-0.9635708187575234,8.0,19.499676594555183,-27.226051739681093,12.0,19.499676594555183,-31.037317979825687,10.0,19.499676594555183,-29.11696081807653,20.0,-0.0464234361380522,-19.499676594555183,10.0,-1.0371715662274015,-8.495574436197746,19.011869364612163,-2.9697571882633538,-11.0
0.20155038759689922,8.0,-3.8680714062065165,-1.0221593418844876,-1.8803040580476653,8.0,-1.0221593418844876,-1.8803040580476653,-4.134698283826215,8.0,-1.8803040580476653,-4.134698283826215,-3.8680714062065165,8.0,-4.134698283826215,-3.8680714062065165,-1.0221593418844876,8.0,19.888855656551932,-27.787755140504093,12.0,19.888855656551932,-31.798602588024615,10.0,19.888855656551932,-29.792214576041637,20.0,-0.05224048601008644,-19.888855656551932,10.0,-0.8547864949137725,-8.829576640064758,19.77832896635789,-4.761180603161887,-11.0
0.3023255813953488,8.0,-4.319137516220005,-1.1623823285135262,-1.5781234236740496,8.0,-1.1623823285135262,-1.5781234236740496,-3.699681115906041,8.0,-1.5781234236740496,-3.699681115906041,-4.319137516220005,8.0,-3.699681115906041,-4.319137516220005,-1.1623823285135262,8.0,19.9318906439767,-27.918520589805468,12.0,19.9318906439767,-31.92237954029896,10.0,19.9318906439767,-29.920599624581897,20.0,-0.06755663388202636,-19.9318906439767,10.0,-0.6843820179695885,-9.076309851779811,19.864013232172297,-6.542415031372121,-11.0
0.40310077519379844,8.0,-4.6643873596645795,-1.3916748665435053,-1.3639075149325706,8.0,-1.3916748665435053,-1.3639075149325706,-3.2611236544213598,8.0,-1.3639075149325706,-3.2611236544213598,-4.6643873596645795,8.0,-3.2611236544213598,-4.6643873596645795,-1.3916748665435053,8.0,19.91691077004852,-27.922986774150715,12.0,19.91691077004852,-31.922846524390884,10.0,19.91691077004852,-29.92294420578022,20.0,-0.09683794670844416,-19.91691077004852,10.0,-0.5317463744713262,-9.27503188319826,19.83416673110374,-7.7331303935685725,-11.0
0.5038759689922481,8.0,-4.852556534715591,-1.7225789767402333,-1.2198192412588587,8.0,-1.7225789767402333,-1.2198192412588587,-2.840675130366295,8.0,-1.2198192412588587,-2.840675130366295,-4.852556534715591,8.0,-2.840675130366295,-4.852556534715591,-1.7225789767402333,8.0,19.877620374172565,-27.892830505821298,12.0,19.877620374172565,-31.891286185837732,10.0,19.877620374172565,-29.892021532540713,20.0,-0.14836391655537148,-19.877620374172565,10.0,-0.4034717598140784,-9.439676127728905,19.755989586986015,-8.323210416208093,-11.0
0.6046511627906976,8.0,-4.862673148192069,-2.160766025223122,-1.1378021696846154,8.0,-2.160766025223122,-1.1378021696846154,-2.4545344524306385,8.0,-1.1378021696846154,-2.4545344524306385,-4.862673148192069,8.0,-2.4545344524306385,-4.862673148192069,-2.160766025223122,8.0,19.80957248294487,-27.835659943294687,12.0,19.80957248294487,-31.832839103888965,10.0,19.80957248294487,-29.83417012697965,20.0,-0.23344549078792648,-19.80957248294487,10.0,-0.30123696890844875,-9.574195731967382,19.620958097852327,-8.530182796018865,-11.0
0.7054263565891473,8.0,-4.700523346577258,-2.691472600219258,-1.115557895714205,8.0,-2.691472600219258,-1.115557895714205,-2.111446701854379,8.0,-1.115557895714205,-2.111446701854379,-4.700523346577258,8.0,-2.111446701854379,-4.700523346577258,-2.691472600219258,8.0,19.702698993955007,-27.743173504133946,12.0,19.702698993955007,-31.738668643737917,10.0,19.702698993955007,-29.740789684212363,20.0,-0.3622012378865507,-19.702698993955007,10.0,-0.22291035873858675,-9.680931447904587,19.409817382319783,-8.517041668226403,-11.0
0.8062015503875969,8.0,-4.394760635706913,-3.2696304839019277,-1.1558751677955659,8.0,-3.2696304839019277,-1.1558751677955659,-1.8158253622458862,8.0,-1.1558751677955659,-1.8158253622458862,-4.394760635706913,8.0,-1.8158253622458862,-4.394760635706913,-3.2696304839019277,8.0,19.552119079402804,-27.608233380659545,12.0,19.552119079402804,-31.601756415634902,10.0,19.552119079402804,-29.604799267652073,20.0,-0.5345241750630377,-19.552119079402804,10.0,-0.1648610873087702,-9.763005100241903,19.114268024757358,-8.363036819681644,-11.0
0.9069767441860465,8.0,-3.991144702120891,-3.823979038849169,-1.2665397269862169,8.0,-3.823979038849169,-1.2665397269862169,-1.5705570701205687,8.0,-1.2665397269862169,-1.5705570701205687,-3.991144702120891,8.0,-1.5705570701205687,-3.991144702120891,-3.823979038849169,8.0,19.367781685679947,-27.435164610861293,12.0,19.367781685679947,-31.427005326464002,10.0,19.367781685679947,-29.43082686674294,20.0,-0.7311407844778907,-19.367781685679947,10.0,-0.12333247552528524,-9.8241617176004,18.75554837120798,-8.10998214632629,-11.0
1.0077519379844961,8.0,-3.541605172714101,-4.277709106102908,-1.4594176879558587,8.0,-4.277709106102908,-1.4594176879558587,-1.3777198398180945,8.0,-1.4594176879558587,-1.3777198398180945,-3.541605172714101,8.0,-1.3777198398180945,-3.541605172714101,-4.277709106102908,8.0,19.17804363469282,-27.24585444480709,12.0,19.17804363469282,-31.23711991569413,10.0,19.17804363469282,-29.241194052340173,20.0,-0.9149397598217872,-19.17804363469282,10.0,-0.0949055978514198,-9.868203512051506,18.38986788270909,-7.799597701516958,-11.0
1.1085271317829457,8.0,-3.091134921551756,-4.572564254547718,-1.7473028162506212,8.0,-4.572564254547718,-1.7473028162506212,-1.238323321176543,8.0,-1.7473028162506212,-1.238323321176543,-3.091134921551756,8.0,-1.238323321176543,-3.091134921551756,-4.572564254547718,8.0,19.02134074020448,-27.075623563502536,12.0,19.02134074020448,-31.068006921686518,10.0,19.02134074020448,-29.071538395237912,20.0,-1.0454171930983764,-19.02134074020448,10.0,-0.0766722323884852,-9.89862231391206,18.090570177748134,-7.485022200685393,-11.0
1.2093023255813953,8.0,-2.6699197835816117,-4.681012094186716,-2.1370399928076664,8.0,-4.681012094186716,-2.1370399928076664,-1.1527116116968423,8.0,-2.1370399928076664,-1.1527116116968423,-2.6699197835816117,8.0,-1.1527116116968423,-2.6699197835816117,-4.681012094186716,8.0,18.93081317104205,-26.95999667160649,12.0,18.93081317104205,-30.95514118988138,10.0,18.93081317104205,-28.957367072288303,20.0,-1.0955937112961154,-18.93081317104205,10.0,-0.06643720298703659,-9.918359571088763,17.91878436584496,-7.222089166476626,-11.0
1.3100775193798448,8.0,-2.2937688643141305,-4.605305914950721,-2.6190405651807365,8.0,-4.605305914950721,-2.6190405651807365,-1.1219822262841839,8.0,-2.6190405651807365,-1.1219822262841839,-2.2937688643141305,8.0,-1.1219822262841839,-2.2937688643141305,-4.605305914950721,8.0,18.922406749545566,-26.921436371398972,12.0,18.922406749545566,-30.920311756661544,10.0,18.922406749545566,-28.920790496150666,20.0,-1.0604421285140049,-18.922406749545566,10.0,-0.06294220580488068,-9.92959123290369,17.90287385976238,-7.05541678516662,-11.0
1.4108527131782946,8.0,-1.9693766055139073,-4.371651813423776,-3.157787323032706,8.0,-4.371651813423776,-3.157787323032706,-1.1496949445078715,8.0,-3.157787323032706,-1.1496949445078715,-1.9693766055139073,8.0,-1.1496949445078715,-1.9693766055139073,-4.371651813423776,8.0,18.99138840575176,-26.96286279894983,12.0,18.99138840575176,-30.965461390277394,10.0,18.99138840575176,-28.964209075334537,20.0,-0.9555669788905696,-18.99138840575176,10.0,-0.06608992327134788,-9.933519964657863,18.03364167890612,-7.00957043851432,-11.0
1.5116279069767442,8.0,-1.6993964577521865,-4.023376831057901,-3.6921606595233323,8.0,-4.023376831057901,-3.6921606595233323,-1.2430535845733992,8.0,-3.6921606595233323,-1.2430535845733992,-1.6993964577521865,8.0,-1.2430535845733992,-1.6993964577521865,-4.023376831057901,8.0,19.116282244607703,-27.068762382322266,12.0,19.116282244607703,-31.074190803571586,10.0,19.116282244607703,-29.07163307233084,20.0,-0.8093780562346757,-19.116282244607703,10.0,-0.07725911070603886,-9.930139259343095,18.271612342775185,-7.086067712820622,-11.0
1.6124031007751938,8.0,-1.4849457404437107,-3.61133532192895,-4.15039843875892,8.0,-3.61133532192895,-4.15039843875892,-1.4128912052070859,8.0,-4.15039843875892,-1.4128912052070859,-1.4849457404437107,8.0,-1.4128912052070859,-1.4849457404437107,-3.61133532192895,8.0,19.26787241672309,-27.212255428309156,12.0,19.26787241672309,-31.219150730509938,10.0,19.26787241672309,-29.215925737367606,20.0,-0.6520871403705838,-19.26787241672309,10.0,-0.0998130778875766,-9.917887702352171,18.562545373355928,-7.264528151471026,-11.0
1.7131782945736433,8.0,-1.3261985168741763,-3.1821980386118103,-4.471867835191651,8.0,-3.1821980386118103,-4.471867835191651,-1.6715436983498198,8.0,-4.471867835191651,-1.6715436983498198,-1.3261985168741763,8.0,-1.6715436983498198,-1.3261985168741763,-3.1821980386118103,8.0,19.41955536980484,-27.365214381050073,12.0,19.41955536980484,-31.372270915602357,10.0,19.41955536980484,-29.368984291489422,20.0,-0.5063192178472427,-19.41955536980484,10.0,-0.13970291677464966,-9.893163263061991,18.8559565380458,-7.508599880020444,-11.0
1.813953488372093,8.0,-1.2228202488588467,-2.769965239979791,-4.621706302136412,8.0,-2.769965239979791,-4.621706302136412,-2.027389133976238,8.0,-4.621706302136412,-2.027389133976238,-1.2228202488588467,8.0,-2.027389133976238,-1.2228202488588467,-2.769965239979791,8.0,19.554052511774206,-27.506680917074508,12.0,19.554052511774206,-31.513016049795358,10.0,19.554052511774206,-29.510073455461587,20.0,-0.3836353715348151,-19.554052511774206,10.0,-0.20551533502824604,-9.84993884551361,19.11804848166116,-7.776746222287431,-11.0
1.9147286821705427,8.0,-1.1751083913280713,-2.39453461211394,-4.593447823384832,8.0,-2.39453461211394,-4.593447823384832,-2.475725984757995,8.0,-4.593447823384832,-2.475725984757995,-1.1751083913280713,8.0,-2.475725984757995,-1.1751083913280713,-2.39453461211394,8.0,19.664150194061367,-27.625844359351095,12.0,19.664150194061367,-31.631065395581075,10.0,19.664150194061367,-29.62864457528307,20.0,-0.2866898004305829,-19.664150194061367,10.0,-0.30646095758029723,-9.780296141367929,19.333940142730185,-8.033813511301625,-11.0
2.0155038759689923,8.0,-1.1855073218415353,-2.06563676622713,-4.405104885735533,8.0,-2.06563676622713,-4.405104885735533,-2.9891030712805047,8.0,-4.405104885735533,-2.9891030712805047,-1.1855073218415353,8.0,-2.9891030712805047,-1.1855073218415353,-2.06563676622713,8.0,19.74953582028709,-27.720097642023237,12.0,19.74953582028709,-31.724159483486556,10.0,19.74953582028709,-29.72227865498847,20.0,-0.21334276249946382,-19.74953582028709,10.0,-0.4467368585369273,-9.677210058397284,19.502208255840145,-8.257736521973072,-11.0
2.1162790697674416,8.0,-1.2597853501867913,-1.787772473777945,-4.0934071601947855,8.0,-1.787772473777945,-4.0934071601947855,-3.5146109029319113,8.0,-4.0934071601947855,-3.5146109029319113,-1.2597853501867913,8.0,-3.5146109029319113,-1.2597853501867913,-1.787772473777945,8.0,19.813148359933344,-27.791382243011274,12.0,19.813148359933344,-31.794416118971128,10.0,19.813148359933344,-29.793012479818657,20.0,-0.15980652089990566,-19.813148359933344,10.0,-0.6176244899503933,-9.540047299883378,19.62804239663647,-8.439557521370013,-11.0
2.2170542635658914,8.0,-1.407223939992737,-1.563234737850212,-3.705567096526643,8.0,-1.563234737850212,-3.705567096526643,-3.9844433327619213,8.0,-3.705567096526643,-3.9844433327619213,-1.407223939992737,8.0,-3.9844433327619213,-1.407223939992737,-1.563234737850212,8.0,19.85883248553868,-27.843313751983473,12.0,19.85883248553868,-31.845499825956825,10.0,19.85883248553868,-29.84448930732634,20.0,-0.12218514228108107,-19.85883248553868,10.0,-0.7937894335995463,-9.380064448809305,19.718661384434323,-8.579455258170366,-11.0
2.317829457364341,8.0,-1.6390226605217721,-1.393099727462283,-3.2883138606127407,8.0,-1.393099727462283,-3.2883138606127407,-4.335814430320264,8.0,-3.2883138606127407,-4.335814430320264,-1.6390226605217721,8.0,-4.335814430320264,-1.6390226605217721,-1.393099727462283,8.0,19.890278723046144,-27.879685693884223,12.0,19.890278723046144,-31.881199598559206,10.0,19.890278723046144,-29.880500570148275,20.0,-0.09703634253277436,-19.890278723046144,10.0,-0.9399643387086718,-9.220737294185785,19.78115938402311,-8.682321803463894,-11.0
2.4186046511627906,8.0,-1.963836319914205,-1.2776532098309448,-2.8784134766755005,8.0,-1.2776532098309448,-2.8784134766755005,-4.527670256303242,8.0,-2.8784134766755005,-4.527670256303242,-1.963836319914205,8.0,-4.527670256303242,-1.963836319914205,-1.2776532098309448,8.0,19.910601793511884,-27.90384592169317,12.0,19.910601793511884,-31.904836118846653,10.0,19.910601793511884,-29.90437983907657,20.0,-0.08161988622956581,-19.910601793511884,10.0,-1.0249898974906535,-9.090900990935832,19.821603188989933,-8.75459907688458,-11.0
2.5193798449612403,8.0,-2.3798862308237068,-1.2173453010912858,-2.499219780004571,8.0,-1.2173453010912858,-2.499219780004571,-4.546423207408882,8.0,-2.499219780004571,-4.546423207408882,-2.3798862308237068,8.0,-4.546423207408882,-2.3798862308237068,-1.2173453010912858,8.0,19.92210665023836,-27.918407310706485,12.0,19.92210665023836,-31.91898492529128,10.0,19.92210665023836,-29.918720187311973,20.0,-0.07409647910445166,-19.92210665023836,10.0,-1.0334981990433032,-9.014823402680744,19.844516669173572,-8.802422004203084,-11.0
2.6201550387596897,8.0,-2.865711703439947,-1.2142164379352123,-2.163110968255358,8.0,-1.2142164379352123,-2.163110968255358,-4.403567037905059,8.0,-2.163110968255358,-4.403567037905059,-2.865711703439947,8.0,-4.403567037905059,-2.865711703439947,-1.2142164379352123,8.0,19.926096117318416,-27.925044481406673,12.0,19.926096117318416,-31.925280622882244,10.0,19.926096117318416,-29.925173266023652,20.0,-0.07371607790760376,-19.926096117318416,10.0,-0.9695701328661969,-9.004748378950502,19.852465323830604,-8.830586698272164,-11.0
2.7209302325581395,8.0,-3.375702877952992,-1.2731482615530074,-1.8760857600979919,8.0,-1.2731482615530074,-1.8760857600979919,-4.130385597547971,8.0,-1.8760857600979919,-4.130385597547971,-3.375702877952992,8.0,-4.130385597547971,-3.375702877952992,-1.2731482615530074,8.0,19.92266875758384,-27.924298331959218,12.0,19.92266875758384,-31.924200910905697,10.0,19.92266875758384,-29.924250135780632,20.0,-0.08104532479477225,-19.92266875758384,10.0,-0.8530042592215854,-9.058226243033689,19.84563652122036,-8.841933895257764,-11.0
2.8217054263565893,8.0,-3.847048382500889,-1.4022771574080486,-1.6412020867134114,8.0,-1.4022771574080486,-1.6412020867134114,-3.7705330817894267,8.0,-1.6412020867134114,-3.7705330817894267,-3.847048382500889,8.0,-3.7705330817894267,-3.847048382500889,-1.4022771574080486,8.0,19.910431904849844,-27.91532915937441,12.0,19.910431904849844,-31.91485002885911,10.0,19.910431904849844,-29.915078028576694,20.0,-0.09831906130941986,-19.910431904849844,10.0,-0.7108459860434236,-9.160166786889805,19.82126493188313,-8.836855027979762,-11.0
2.9224806201550386,8.0,-4.217045891049097,-1.6118445067256475,-1.4600319007307725,8.0,-1.6118445067256475,-1.4600319007307725,-3.3699534912696754,8.0,-1.4600319007307725,-3.3699534912696754,-4.217045891049097,8.0,-3.3699534912696754,-4.217045891049097,-1.6118445067256475,8.0,19.886091069639747,-27.895545473246763,12.0,19.886091069639747,-31.89455116681831,10.0,19.886091069639747,-29.895021170841233,20.0,-0.1299021356930823,-19.886091069639747,10.0,-0.5678293266660338,-9.28868727136237,19.772830901500285,-8.812720630009505,-11.0
3.0232558139534884,8.0,-4.440428126738358,-1.9105264651480254,-1.333208880467167,8.0,-1.9105264651480254,-1.333208880467167,-2.9671488696158965,8.0,-1.333208880467167,-2.9671488696158965,-4.440428126738358,8.0,-2.9671488696158965,-4.440428126738358,-1.9105264651480254,8.0,19.844099324488926,-27.860213622568516,12.0,19.844099324488926,-31.858471083134454,10.0,19.844099324488926,-29.85929294952111,20.0,-0.18250556870155046,-19.844099324488926,10.0,-0.44019862072314464,-9.422390611779903,19.689413900009097,-8.763252641297587,-11.0
3.1240310077519378,8.0,-4.497584624938947,-2.298586660322846,-1.261252106254944,8.0,-2.298586660322846,-1.261252106254944,-2.5883147525948105,8.0,-1.261252106254944,-2.5883147525948105,-4.497584624938947,8.0,-2.5883147525948105,-4.497584624938947,-2.298586660322846,8.0,19.77704372045984,-27.802530747707305,12.0,19.77704372045984,-31.799716459803705,10.0,19.77704372045984,-29.801041984937793,20.0,-0.2641750317507067,-19.77704372045984,10.0,-0.3349686629249968,-9.545698171976898,19.556572916049003,-8.678413263003904,-11.0
3.2248062015503876,8.0,-4.393993111680144,-2.759208200380631,-1.2458668046331127,8.0,-2.759208200380631,-1.2458668046331127,-2.2483632842585,8.0,-1.2458668046331127,-2.2483632842585,-4.393993111680144,8.0,-2.2483632842585,-4.393993111680144,-2.759208200380631,8.0,19.677987978648073,-27.715208077445652,12.0,19.677987978648073,-31.710993648796794,10.0,19.677987978648073,-29.71297563755398,20.0,-0.380661494652386,-19.677987978648073,10.0,-0.2527568729000835,-9.6503731816889,19.361160544390906,-8.546227344056366,-11.0
3.3255813953488373,8.0,-4.155683649670715,-3.2529944714979377,-1.2911999287304257,8.0,-3.2529944714979377,-1.2911999287304257,-1.9549393811561626,8.0,-1.2911999287304257,-1.9549393811561626,-4.155683649670715,8.0,-1.9549393811561626,-4.155683649670715,-3.2529944714979377,8.0,19.545527444479102,-27.594581657451236,12.0,19.545527444479102,-31.588836901493316,10.0,19.545527444479102,-29.591533026944965,20.0,-0.5290986515798074,-19.545527444479102,10.0,-0.191089399199762,-9.734071410750012,19.10138215414429,-8.358174796191516,-11.0
3.4263565891472867,8.0,-3.822541551731061,-3.7221163162056268,-1.4043986579893344,8.0,-3.7221163162056268,-1.4043986579893344,-1.712031739740111,8.0,-1.4043986579893344,-1.712031739740111,-3.822541551731061,8.0,-1.712031739740111,-3.822541551731061,-3.7221163162056268,8.0,19.389627129233475,-27.44635623583385,12.0,19.389627129233475,-31.439412453380278,10.0,19.389627129233475,-29.44266198337349,20.0,-0.6927074935682073,-19.389627129233475,10.0,-0.14655263389387757,-9.797945277532486,18.79788201053534,-8.11750877348826,-11.0
3.5271317829457365,8.0,-3.4390574233049906,-4.105035980814959,-1.594790778483509,8.0,-4.105035980814959,-1.594790778483509,-1.521807296883751,8.0,-1.594790778483509,-1.521807296883751,-3.4390574233049906,8.0,-1.521807296883751,-3.4390574233049906,-4.105035980814959,8.0,19.23319341346387,-27.288904984545347,12.0,19.23319341346387,-31.28168750477858,10.0,19.23319341346387,-29.285050275902684,20.0,-0.8425660201892717,-19.23319341346387,10.0,-0.11579487244243146,-9.844689399864137,18.495786443985498,-7.845396706013558,-11.0
3.627906976744186,8.0,-3.044636082264179,-4.353675825953189,-1.870828572462261,8.0,-4.353675825953189,-1.870828572462261,-1.38532532316861,8.0,-1.870828572462261,-1.38532532316861,-3.044636082264179,8.0,-1.38532532316861,-3.044636082264179,-4.353675825953189,8.0,19.105918410424252,-27.14983902510398,12.0,19.105918410424252,-31.143657728511634,10.0,19.105918410424252,-29.146522592433243,20.0,-0.9477246598744593,-19.105918410424252,10.0,-0.0959563125506107,-9.877347125127681,18.25180591528942,-7.578728238771177,-11.0
3.7286821705426356,8.0,-2.667700918363981,-4.443495228147645,-2.234110060160975,8.0,-4.443495228147645,-2.234110060160975,-1.3032890568154298,8.0,-2.234110060160975,-1.3032890568154298,-2.667700918363981,8.0,-1.3032890568154298,-2.667700918363981,-4.443495228147645,8.0,19.033409004188982,-27.056613614690377,12.0,19.033409004188982,-31.052734998216142,10.0,19.033409004188982,-29.054512478724522,20.0,-0.9872324921285447,-19.033409004188982,10.0,-0.08492811828074265,-9.898651798204154,18.113532916037112,-7.359629391994459,-11.0
3.8294573643410854,8.0,-2.3254285734113957,-4.374693086379872,-2.671350255379247,8.0,-4.374693086379872,-2.671350255379247,-1.2772331816327454,8.0,-2.671350255379247,-1.2772331816327454,-2.3254285734113957,8.0,-1.2772331816327454,-2.3254285734113957,-4.374693086379872,8.0,19.028214711163738,-27.02676426126539,12.0,19.028214711163738,-31.02593520123718,10.0,19.028214711163738,-29.02628491843832,20.0,-0.9568969800009924,-19.028214711163738,10.0,-0.08156623001318528,-9.910641311288446,18.103647754707406,-7.223193923925972,-11.0
3.9302325581395348,8.0,-2.027067112204551,-4.168514412300861,-3.1483555845905675,8.0,-4.168514412300861,-3.1483555845905675,-1.3107625355131618,8.0,-3.1483555845905675,-1.3107625355131618,-2.027067112204551,8.0,-1.3107625355131618,-2.027067112204551,-4.168514412300861,8.0,19.086717633542104,-27.062640772617026,12.0,19.086717633542104,-31.064852477139677,10.0,19.086717633542104,-29.06378809548767,20.0,-0.8688256202779997,-19.086717633542104,10.0,-0.08590492122524464,-9.914392412551646,18.215139501128355,-7.18907191641036,-11.0
4.0310077519379846,8.0,-1.7775481408135902,-3.8611674259608413,-3.6120596357876886,8.0,-3.8611674259608413,-3.6120596357876886,-1.4102171438365267,8.0,-3.6120596357876886,-1.4102171438365267,-1.7775481408135902,8.0,-1.4102171438365267,-1.7775481408135902,-3.8611674259608413,8.0,19.191992334767953,-27.15201330090681,12.0,19.191992334767953,-31.156566476355767,10.0,19.191992334767953,-29.15442114770661,20.0,-0.7454306945650535,-19.191992334767953,10.0,-0.09943561963852256,-9.90977651085274,18.416628488889593,-7.25800843671646,-11.0
4.131782945736434,8.0,-1.579620361046761,-3.495316122804388,-4.002834607005706,8.0,-3.495316122804388,-4.002834607005706,-1.5841110736166806,8.0,-4.002834607005706,-1.5841110736166806,-1.579620361046761,8.0,-1.5841110736166806,-1.579620361046761,-3.495316122804388,8.0,19.320837767412232,-27.273584202810095,12.0,19.320837767412232,-31.279409232238624,10.0,19.320837767412232,-29.276683819485907,20.0,-0.6108617399168149,-19.320837767412232,10.0,-0.12547039467774965,-9.895169584871963,18.664738601733145,-7.412726912793583,-11.0
4.232558139534883,8.0,-1.434753073523654,-3.1106324725681027,-4.270964594223335,8.0,-3.1106324725681027,-4.270964594223335,-1.8405636742511022,8.0,-4.270964594223335,-1.8405636742511022,-1.434753073523654,8.0,-1.8405636742511022,-1.434753073523654,-3.1106324725681027,8.0,19.451736413967375,-27.404800580398298,12.0,19.451736413967375,-31.410851785424878,10.0,19.451736413967375,-29.40803191090135,20.0,-0.48380171896975743,-19.451736413967375,10.0,-0.16938373194863587,-9.86715405755116,18.918502475923216,-7.623198871313901,-11.0
4.333333333333333,8.0,-1.3438637723626567,-2.7372086530706303,-4.387984814697334,8.0,-2.7372086530706303,-4.387984814697334,-2.18204256988498,8.0,-4.387984814697334,-2.18204256988498,-1.3438637723626567,8.0,-2.18204256988498,-1.3438637723626567,-2.7372086530706303,8.0,19.570043702735266,-27.528303983365962,12.0,19.570043702735266,-31.533842906375536,10.0,19.570043702735266,-29.531268588961087,20.0,-0.37461556052223677,-19.570043702735266,10.0,-0.23806548883951245,-9.820520457005006,19.14933052634841,-7.855427023430952,-11.0
4.434108527131783,8.0,-1.3084078811523925,-2.394192636096853,-4.349494524519226,8.0,-2.394192636096853,-4.349494524519226,-2.597963353421701,8.0,-4.349494524519226,-2.597963353421701,-1.3084078811523925,8.0,-2.597963353421701,-1.3084078811523925,-2.394192636096853,8.0,19.66884490436866,-27.634401292543433,12.0,19.66884490436866,-31.639061026070856,10.0,19.66884490436866,-29.636899252292533,20.0,-0.28660791893701987,-19.66884490436866,10.0,-0.33747067928610647,-9.749281272737862,19.343172993605453,-8.08034838722168,-11.0
4.534883720930233,8.0,-1.3315824083208678,-2.0923636843624553,-4.172387250122285,8.0,-2.0923636843624553,-4.172387250122285,-3.058451457708095,8.0,-4.172387250122285,-3.058451457708095,-1.3315824083208678,8.0,-3.058451457708095,-1.3315824083208678,-2.0923636843624553,8.0,19.74688130311475,-27.71992619316477,12.0,19.74688130311475,-31.723622558534206,10.0,19.74688130311475,-29.721910108273295,20.0,-0.21889928938194145,-19.74688130311475,10.0,-0.46770626595783854,-9.649502766212242,19.496966059965146,-8.278983153485962,-11.0
4.635658914728682,8.0,-1.419062185427659,-1.8376096099122237,-3.889347587728072,8.0,-1.8376096099122237,-3.889347587728072,-3.5148180822064266,8.0,-3.889347587728072,-3.5148180822064266,-1.419062185427659,8.0,-3.5148180822064266,-1.419062185427659,-1.8376096099122237,8.0,19.805896130931558,-27.785670536203675,12.0,19.805896130931558,-31.788475829335678,10.0,19.805896130931558,-29.78717756166714,20.0,-0.16884045392208774,-19.805896130931558,10.0,-0.6176973075502632,-9.52365694738824,19.613676077462486,-8.442705277871458,-11.0
4.736434108527131,8.0,-1.5786398001995254,-1.633268872500096,-3.5410004460656017,8.0,-1.633268872500096,-3.5410004460656017,-3.909740572158113,8.0,-3.5410004460656017,-3.909740572158113,-1.5786398001995254,8.0,-3.909740572158113,-1.5786398001995254,-1.633268872500096,8.0,19.84874139182176,-27.834170777730623,12.0,19.84874139182176,-31.836218294788576,10.0,19.84874139182176,-29.835270926232635,20.0,-0.1333783604938867,-19.84874139182176,10.0,-0.7643035670789625,-9.38394003844455,19.698626741970926,-8.570484892091372,-11.0
4.837209302325581,8.0,-1.8180460109380387,-1.4812194833969559,-3.1668042446843208,8.0,-1.4812194833969559,-3.1668042446843208,-4.192752578787297,8.0,-3.1668042446843208,-4.192752578787297,-1.8180460109380387,8.0,-4.192752578787297,-1.8180460109380387,-1.4812194833969559,8.0,19.87836453616168,-27.86838733912581,12.0,19.87836453616168,-31.86981306588533,10.0,19.87836453616168,-29.86915464937216,20.0,-0.10970055789973726,-19.87836453616168,10.0,-0.8789587093463764,-9.25116857310957,19.757468831626518,-8.665542563965872,-11.0
4.937984496124031,8.0,-2.140292256225892,-1.3826188746597377,-2.798034629652835,8.0,-1.3826188746597377,-2.798034629652835,-4.332343728515809,8.0,-2.798034629652835,-4.332343728515809,-2.140292256225892,8.0,-4.332343728515809,-2.140292256225892,-1.3826188746597377,8.0,19.897301016797318,-27.891031682421076,12.0,19.897301016797318,-31.891957961152766,10.0,19.897301016797318,-29.89153113943284,20.0,-0.09558174762826797,-19.897301016797318,10.0,-0.9384601091005133,-9.148739326150858,19.79512938765218,-8.732730805530228,-11.0
5.038759689922481,8.0,-2.536856189806892,-1.3389150784403312,-2.455505907174675,8.0,-1.3389150784403312,-2.455505907174675,-4.320165642599032,8.0,-2.455505907174675,-4.320165642599032,-2.536856189806892,8.0,-4.320165642599032,-2.536856189806892,-1.3389150784403312,8.0,19.90736862405853,-27.904197519625054,12.0,19.90736862405853,-31.904713207797577,10.0,19.90736862405853,-29.904477013484396,20.0,-0.08963467936374392,-19.90736862405853,10.0,-0.9331915589746554,-9.09497261696554,19.815166276707505,-8.77683056638557,-11.0
5.1395348837209305,8.0,-2.981431817710502,-1.3530066611626745,-2.1514146698112815,8.0,-1.3530066611626745,-2.1514146698112815,-4.16920163662562,8.0,-2.1514146698112815,-4.16920163662562,-2.981431817710502,8.0,-4.16920163662562,-2.981431817710502,-1.3530066611626745,8.0,19.909432198947062,-27.909104695763755,12.0,19.909432198947062,-31.909256820929954,10.0,19.909432198947062,-29.909189756170825,20.0,-0.09153135125752843,-19.909432198947062,10.0,-0.8691121143420875,-9.097668186727226,19.819274524223502,-8.801505028177464,-11.0
5.240310077519379,8.0,-3.4292652973028948,-1.430024884656222,-1.8925875509293815,8.0,-1.430024884656222,-1.8925875509293815,-3.90882805106851,8.0,-1.8925875509293815,-3.90882805106851,-3.4292652973028948,8.0,-3.90882805106851,-3.4292652973028948,-1.430024884656222,8.0,19.903173382390044,-27.905871585630827,12.0,19.903173382390044,-31.90565439879026,10.0,19.903173382390044,-29.905760247945178,20.0,-0.10224855853680206,-19.903173382390044,10.0,-0.7639468366410024,-9.152589970474216,19.80681553447398,-8.808619595410594,-11.0
5.341085271317829,8.0,-3.825514951970793,-1.5771304653105158,-1.6829488024299613,8.0,-1.5771304653105158,-1.6829488024299613,-3.577543514843171,8.0,-1.6829488024299613,-3.577543514843171,-3.825514951970793,8.0,-3.577543514843171,-3.825514951970793,-1.5771304653105158,8.0,19.886818376887295,-27.893260505719688,12.0,19.886818376887295,-31.892608918483923,10.0,19.886818376887295,-29.89291686871356,20.0,-0.12436702523052821,-19.886818376887295,10.0,-0.6399408800298216,-9.245862326218862,19.77427725776511,-8.797705178278967,-11.0
5.441860465116279,8.0,-4.119622057437778,-1.8016483224058895,-1.5247766349021998,8.0,-1.8016483224058895,-1.5247766349021998,-3.2142485700800845,8.0,-1.5247766349021998,-3.2142485700800845,-4.119622057437778,8.0,-3.2142485700800845,-4.119622057437778,-1.8016483224058895,8.0,19.85687093996511,-27.868401876594962,12.0,19.85687093996511,-31.867166540829018,10.0,19.85687093996511,-29.86774990828641,20.0,-0.16229683388139782,-19.85687093996511,10.0,-0.5165696935130935,-9.359139111708663,19.714766176321543,-8.76546428076313,-11.0
5.542635658914729,8.0,-4.277783279986735,-2.1069090997072326,-1.4194791344844715,8.0,-2.1069090997072326,-1.4194791344844715,-2.850993812331874,8.0,-1.4194791344844715,-2.850993812331874,-4.277783279986735,8.0,-2.850993812331874,-4.277783279986735,-2.1069090997072326,8.0,19.808152842833227,-27.826698161198493,12.0,19.808152842833227,-31.82465978107191,10.0,19.808152842833227,-29.825620151625067,20.0,-0.22195329772145708,-19.808152842833227,10.0,-0.4064082858977317,-9.475269619181914,19.618145952252107,-8.705507499894294,-11.0
5.6434108527131785,8.0,-4.2883048675125295,-2.4859671517035067,-1.3685459402221436,8.0,-2.4859671517035067,-1.3685459402221436,-2.509966843330777,8.0,-1.3685459402221436,-2.509966843330777,-4.2883048675125295,8.0,-2.509966843330777,-4.2883048675125295,-2.4859671517035067,8.0,19.734845037089098,-27.762469272512874,12.0,19.734845037089098,-31.759364223668467,10.0,19.734845037089098,-29.760825015891836,20.0,-0.3090016339674423,-19.734845037089098,10.0,-0.3149966777309933,-9.582014800860357,19.473205431896012,-8.609023252243167,-11.0
5.7441860465116275,8.0,-4.160685728042289,-2.9154572978325692,-1.3746615716237585,8.0,-2.9154572978325692,-1.3746615716237585,-2.204646680697385,8.0,-1.3746615716237585,-2.204646680697385,-4.160685728042289,8.0,-2.204646680697385,-4.160685728042289,-2.9154572978325692,8.0,19.633329550836603,-27.67112846728371,12.0,19.633329550836603,-31.66676321508134,10.0,19.633329550836603,-29.66881341890794,20.0,-0.42499456277425934,-19.633329550836603,10.0,-0.2430233493354999,-9.67287609752909,19.273381462587693,-8.467547023232399,-11.0
5.844961240310077,8.0,-3.9212353680449525,-3.3541136694354745,-1.4425137618486272,8.0,-3.3541136694354745,-1.4425137618486272,-1.9427614294566706,8.0,-1.4425137618486272,-1.9427614294566706,-3.9212353680449525,8.0,-1.9427614294566706,-3.9212353680449525,-3.3541136694354745,8.0,19.506605333627306,-27.55310052112651,12.0,19.506605333627306,-31.547537776958396,10.0,19.506605333627306,-29.550144561205283,20.0,-0.5625039253746952,-19.506605333627306,10.0,-0.18871609858922633,-9.745896995153823,19.025382582094863,-8.278406878505798,-11.0
5.945736434108527,8.0,-3.6063223214793863,-3.749598898571575,-1.578712839712533,8.0,-3.749598898571575,-1.578712839712533,-1.7288110945477424,8.0,-1.578712839712533,-1.7288110945477424,-3.6063223214793863,8.0,-1.7288110945477424,-3.6063223214793863,-3.749598898571575,8.0,19.367756295913583,-27.41779473311091,12.0,19.367756295913583,-31.41152765985589,10.0,19.367756295913583,-29.41445561230019,20.0,-0.7029745950084585,-19.367756295913583,10.0,-0.14943939003156817,-9.80187292791392,18.755499196895013,-8.0509677851524,-11.0
6.046511627906977,8.0,-3.2540499625470645,-4.051734160951293,-1.790181530171603,8.0,-4.051734160951293,-1.790181530171603,-1.5654643778828277,8.0,-1.790181530171603,-1.5654643778828277,-3.2540499625470645,8.0,-1.5654643778828277,-3.2540499625470645,-4.051734160951293,8.0,19.23881173744832,-27.28420319627857,12.0,19.23881173744832,-31.278159221791757,10.0,19.23881173744832,-29.280971040621242,20.0,-0.8208274855509838,-19.23881173744832,10.0,-0.12253393592100344,-9.842873262539909,18.506593853448962,-7.809138393041658,-11.0
6.147286821705427,8.0,-2.8969095302559786,-4.225050734667026,-2.0804139018136034,8.0,-4.225050734667026,-2.0804139018136034,-1.4543832355260833,8.0,-2.0804139018136034,-1.4543832355260833,-2.8969095302559786,8.0,-1.4543832355260833,-2.8969095302559786,-4.225050734667026,8.0,19.14409461956651,-27.176139935696938,12.0,19.14409461956651,-31.171437366676468,10.0,19.14409461956651,-29.17361048990388,20.0,-0.8925526855255189,-19.14409461956651,10.0,-0.10576152978896594,-9.871274521080664,18.32481794014577,-7.586923534285188,-11.0
6.2480620155038755,8.0,-2.558190300718072,-4.255056086636379,-2.443669294457611,8.0,-4.255056086636379,-2.443669294457611,-1.3971329727460817,8.0,-2.443669294457611,-1.3971329727460817,-2.558190300718072,8.0,-1.3971329727460817,-2.558190300718072,-4.255056086636379,8.0,19.101617142975126,-27.114190208792664,12.0,19.101617142975126,-31.111754363132537,10.0,19.101617142975126,-29.112861160291967,20.0,-0.9052751150210647,-19.101617142975126,10.0,-0.09759902717671519,-9.889168792553459,18.243588873840064,-7.418960358532696,-11.0
6.348837209302325,8.0,-2.2525077777004134,-4.148171160698811,-2.8590028471162783,8.0,-4.148171160698811,-2.8590028471162783,-1.3962497059108112,8.0,-2.8590028471162783,-1.3962497059108112,-2.2525077777004134,8.0,-1.3962497059108112,-2.2525077777004134,-4.148171160698811,8.0,19.117214580469767,-27.108771176515674,12.0,19.117214580469767,-31.10900751846743,10.0,19.117214580469767,-29.108866233182837,20.0,-0.8603661989226663,-19.117214580469767,10.0,-0.09747566206280134,-9.897984162380634,18.273394665786295,-7.33112686512301,-11.0
6.449612403100775,8.0,-1.988439944707189,-3.9278901962746025,-3.2882113602094156,8.0,-3.9278901962746025,-3.2882113602094156,-1.4560606134180114,8.0,-3.2882113602094156,-1.4560606134180114,-1.988439944707189,8.0,-1.4560606134180114,-1.988439944707189,-3.9278901962746025,8.0,19.183665195261188,-27.157403400750557,12.0,19.183665195261188,-31.1600908521178,10.0,19.183665195261188,-29.158811907255792,20.0,-0.7714160696995068,-19.183665195261188,10.0,-0.1060056254973618,-9.898205368598306,18.400650516193775,-7.33464501443135,-11.0
6.550387596899225,8.0,-1.771044388937817,-3.6285023596259274,-3.6813952511182846,8.0,-3.6285023596259274,-3.6813952511182846,-1.5826981356895502,8.0,-3.6813952511182846,-1.5826981356895502,-1.771044388937817,8.0,-1.5826981356895502,-1.771044388937817,-3.6285023596259274,8.0,19.284421749757527,-27.246721252029044,12.0,19.284421749757527,-31.2511440767391,10.0,19.284421749757527,-29.249065912531055,20.0,-0.6583014686905462,-19.284421749757527,10.0,-0.12524666943575888,-9.889122375427403,18.594446111126057,-7.424337443415306,-11.0
6.651162790697675,8.0,-1.60336724236248,-3.2871579176314945,-3.989079302118186,8.0,-3.2871579176314945,-3.989079302118186,-1.7826987624696613,8.0,-3.989079302118186,-1.7826987624696613,-1.60336724236248,8.0,-1.7826987624696613,-1.60336724236248,-3.2871579176314945,8.0,19.39993682801291,-27.357925420578304,12.0,19.39993682801291,-31.36316937892949,10.0,19.39993682801291,-29.360719023344096,20.0,-0.5402703587723712,-19.39993682801291,10.0,-0.1589007438855431,-9.868596224383293,18.81787744654458,-7.580875096525872,-11.0
6.751937984496124,8.0,-1.4873224054070073,-2.9365214230866403,-4.1746435323256765,8.0,-2.9365214230866403,-4.1746435323256765,-2.0596119238910147,8.0,-4.1746435323256765,-2.0596119238910147,-1.4873224054070073,8.0,-2.0596119238910147,-1.4873224054070073,-2.9365214230866403,8.0,19.513591551179957,-27.47304479183095,12.0,19.513591551179957,-31.478298099719904,10.0,19.513591551179957,-29.47585180789588,20.0,-0.4311579034123394,-19.513591551179957,10.0,-0.21210006385170233,-9.832985689503838,19.03901276131409,-7.776629125866273,-11.0
6.852713178294573,8.0,-1.4245735201834824,-2.600740808631738,-4.221283691196252,8.0,-2.600740808631738,-4.221283691196252,-2.4086157955782235,8.0,-4.221283691196252,-2.4086157955782235,-1.4245735201834824,8.0,-2.4086157955782235,-1.4245735201834824,-2.600740808631738,8.0,19.61477506259885,-27.57918446902622,12.0,19.61477506259885,-31.583914487674456,10.0,19.61477506259885,-29.5817167282848,20.0,-0.33819263768412333,-19.61477506259885,10.0,-0.29007150253544595,-9.777644330099552,19.236970037817485,-7.983355639792566,-11.0
6.953488372093023,8.0,-1.4175588578388347,-2.2954207624047207,-4.132721560710275,8.0,-2.2954207624047207,-4.132721560710275,-2.8107588252564297,8.0,-4.132721560710275,-2.8107588252564297,-1.4175588578388347,8.0,-2.8107588252564297,-1.4175588578388347,-2.2954207624047207,8.0,19.698782736373165,-27.669548786205205,12.0,19.698782736373165,-31.673502907005087,10.0,19.698782736373165,-29.671668492592545,20.0,-0.26344782382393345,-19.698782736373165,10.0,-0.39501825868784524,-9.698590469849075,19.402102064741673,-8.178614915689863,-11.0
7.054263565891473,8.0,-1.4703131374065064,-2.029925444126269,-3.9298893998566524,8.0,-2.029925444126269,-3.9298893998566524,-3.230510408914775,8.0,-3.9298893998566524,-3.230510408914775,-1.4703131374065064,8.0,-3.230510408914775,-1.4703131374065064,-2.029925444126269,8.0,19.76499297644364,-27.742151896641133,12.0,19.76499297644364,-31.74528311221186,10.0,19.76499297644364,-29.743832219475745,20.0,-0.20602986543556157,-19.76499297644364,10.0,-0.5218098751053354,-9.595552882533559,19.532747367943323,-8.34862564992731,-11.0
7.155038759689923,8.0,-1.5885550213748691,-1.8098454160838207,-3.645085947119335,8.0,-1.8098454160838207,-3.645085947119335,-3.6202821866111203,8.0,-3.645085947119335,-3.6202821866111203,-1.5885550213748691,8.0,-3.6202821866111203,-1.5885550213748691,-1.8098454160838207,8.0,19.814921468153603,-27.79783349802598,12.0,19.814921468153603,-31.800205516133325,10.0,19.814921468153603,-29.79910756557194,20.0,-0.16377702150598092,-19.814921468153603,10.0,-0.6553221555346898,-9.47523064370884,19.631555639454728,-8.48762571247885,-11.0
7.255813953488372,8.0,-1.7784568883948795,-1.6385895769048797,-3.314413867691865,8.0,-1.6385895769048797,-3.314413867691865,-3.9315169150824576,8.0,-3.314413867691865,-3.9315169150824576,-1.7784568883948795,8.0,-3.9315169150824576,-1.7784568883948795,-1.6385895769048797,8.0,19.85087355426993,-27.83867650527152,12.0,19.85087355426993,-31.8403954380953,10.0,19.85087355426993,-29.839600717416264,20.0,-0.13424879007706564,-19.85087355426993,10.0,-0.7728412626789742,-9.35226441634325,19.70285904338067,-8.595447148782638,-11.0
7.3565891472868215,8.0,-2.0435482199332857,-1.5183180940819494,-2.9705004749301844,8.0,-1.5183180940819494,-2.9705004749301844,-4.126859134612214,8.0,-2.9705004749301844,-4.126859134612214,-2.0435482199332857,8.0,-4.126859134612214,-2.0435482199332857,-1.5183180940819494,8.0,19.875172049930757,-27.867035079440136,12.0,19.875172049930757,-31.868210808223832,10.0,19.875172049930757,-29.86766800192006,20.0,-0.11526449174083218,-19.875172049930757,10.0,-0.8515483158466138,-9.24618519980235,19.75112320071744,-8.674936382397703,-11.0
7.457364341085271,8.0,-2.3797048608401075,-1.450807310956338,-2.63813979937976,8.0,-1.450807310956338,-2.63813979937976,-4.187620564504196,8.0,-2.63813979937976,-4.187620564504196,-2.3797048608401075,8.0,-4.187620564504196,-2.3797048608401075,-1.450807310956338,8.0,19.889709897610935,-27.88498172380325,12.0,19.889709897610935,-31.88570716726806,10.0,19.889709897610935,-29.885372910501435,20.0,-0.10524209267621804,-19.889709897610935,10.0,-0.8768082996129222,-9.17547775931571,19.78002799055612,-8.729960151581954,-11.0
7.558139534883721,8.0,-2.769615968029156,-1.438436428992895,-2.3337825322494647,8.0,-1.438436428992895,-2.3337825322494647,-4.115174711461036,8.0,-2.3337825322494647,-4.115174711461036,-2.769615968029156,8.0,-4.115174711461036,-2.769615968029156,-1.438436428992895,8.0,19.895649243071993,-27.893956533383417,12.0,19.895649243071993,-31.894283319778957,10.0,19.895649243071993,-29.8941360051748,20.0,-0.1034549680126916,-19.895649243071993,10.0,-0.8467331452924212,-9.151825590704327,19.79184294016756,-8.764056165881827,-11.0
7.658914728682171,8.0,-3.1800721620783334,-1.4850035480819872,-2.0675087386061937,8.0,-1.4850035480819872,-2.0675087386061937,-3.9281402984795553,8.0,-2.0675087386061937,-3.9281402984795553,-3.1800721620783334,8.0,-3.9281402984795553,-3.1800721620783334,-1.4850035480819872,8.0,19.893179950300276,-27.89451079744007,12.0,19.893179950300276,-31.89446361264103,10.0,19.893179950300276,-29.894489861416325,20.0,-0.11026177689080455,-19.893179950300276,10.0,-0.7715143102269525,-9.176986808969348,19.786930426751447,-8.779547762858058,-11.0
7.75968992248062,8.0,-3.565643663385383,-1.5958688489465689,-1.8454123726787266,8.0,-1.5958688489465689,-1.8454123726787266,-3.6569343037980433,8.0,-1.8454123726787266,-3.6569343037980433,-3.565643663385383,8.0,-3.6569343037980433,-3.565643663385383,-1.5958688489465689,8.0,19.881288167780525,-27.88607385814152,12.0,19.881288167780525,-31.8856139294564,10.0,19.881288167780525,-29.885833228754976,20.0,-0.12733986915190235,-19.881288167780525,10.0,-0.668658425114744,-9.243114106972287,19.763280960516497,-8.776927160539758,-11.0
7.8604651162790695,8.0,-3.8788246753054687,-1.7768648810581043,-1.6712477077921555,8.0,-1.7768648810581043,-1.6712477077921555,-3.336562552846224,8.0,-1.6712477077921555,-3.336562552846224,-3.8788246753054687,8.0,-3.336562552846224,-3.8788246753054687,-1.7768648810581043,8.0,19.857549371223396,-27.866734152403687,12.0,19.857549371223396,-31.865762957141495,10.0,19.857549371223396,-29.866222008690652,20.0,-0.15786244027688157,-19.857549371223396,10.0,-0.5566324834527857,-9.336041337066655,19.716113351528733,-8.754380014461018,-11.0
7.961240310077519,8.0,-4.081850531276549,-2.0314503243008843,-1.5474127055856555,8.0,-2.0314503243008843,-1.5474127055856555,-2.9994562747819398,8.0,-1.5474127055856555,-2.9994562747819398,-4.081850531276549,8.0,-2.9994562747819398,-4.081850531276549,-2.0314503243008843,8.0,19.818113530224096,-27.83314145974829,12.0,19.818113530224096,-31.83149541735789,10.0,19.818113530224096,-29.832271221709988,20.0,-0.2063395210051084,-19.818113530224096,10.0,-0.4498368972164376,-9.4400309070348,19.63788119484257,-8.70751455749925,-11.0
8.062015503875969,8.0,-4.154522809736748,-2.3560254602629955,-1.475804862343457,8.0,-2.3560254602629955,-1.475804862343457,-2.6708716717338357,8.0,-1.475804862343457,-2.6708716717338357,-4.154522809736748,8.0,-2.6708716717338357,-4.154522809736748,-2.3560254602629955,8.0,19.758320387757784,-27.780868819767594,12.0,19.758320387757784,-31.778340232842034,10.0,19.758320387757784,-29.77953003850244,20.0,-0.277542798470373,-19.758320387757784,10.0,-0.3566777743435147,-9.541896447309782,19.519561227264248,-8.629698904834163,-11.0
8.162790697674419,8.0,-4.09618747571777,-2.7346305545152663,-1.4587734837949933,8.0,-2.7346305545152663,-1.4587734837949933,-2.367969532335762,8.0,-1.4587734837949933,-2.367969532335762,-4.09618747571777,8.0,-2.367969532335762,-4.09618747571777,-2.7346305545152663,8.0,19.674550733199787,-27.705798946584334,12.0,19.674550733199787,-31.702207708299014,10.0,19.674550733199787,-29.703894825874436,20.0,-0.37391021348442366,-19.674550733199787,10.0,-0.2803639853035224,-9.633030183177013,19.354397327662614,-8.513795337666256,-11.0
8.263565891472869,8.0,-3.923385318971604,-3.1360685088650797,-1.499925813041233,8.0,-3.1360685088650797,-1.499925813041233,-2.1014731130164512,8.0,-1.499925813041233,-2.1014731130164512,-3.923385318971604,8.0,-2.1014731130164512,-3.923385318971604,-3.1360685088650797,8.0,19.567458401748485,-27.606890517379124,12.0,19.567458401748485,-31.602218964604145,10.0,19.567458401748485,-29.604409138361433,20.0,-0.4917462846147623,-19.567458401748485,10.0,-0.22080946223655273,-9.709313175705375,19.14427141520787,-8.355948042875454,-11.0
8.364341085271318,8.0,-3.6647754875053735,-3.5168984774996304,-1.604311649568039,8.0,-3.5168984774996304,-1.604311649568039,-1.8779457069099204,8.0,-1.604311649568039,-1.8779457069099204,-3.6647754875053735,8.0,-1.8779457069099204,-3.6647754875053735,-3.5168984774996304,8.0,19.44526935387861,-27.489551990726778,12.0,19.44526935387861,-31.484093941923906,10.0,19.44526935387861,-29.486646479413633,20.0,-0.6184287450519609,-19.44526935387861,10.0,-0.17633400390507004,-9.769882922663587,18.905925012244534,-8.160687130036571,-11.0
8.465116279069766,8.0,-3.3542540314941993,-3.830736638232121,-1.7774490102389027,8.0,-3.830736638232121,-1.7774490102389027,-1.7014683103058266,8.0,-1.7774490102389027,-1.7014683103058266,-3.3542540314941993,8.0,-1.7014683103058266,-3.3542540314941993,-3.830736638232121,8.0,19.32443020199293,-27.36735025508062,12.0,19.32443020199293,-31.361779737325666,10.0,19.32443020199293,-29.364375623964648,20.0,-0.7337271595746966,-19.32443020199293,10.0,-0.1447497205487482,-9.81574367907112,18.671680131584825,-7.944438544724032,-11.0
8.565891472868216,8.0,-3.023932761271478,-4.0396718002219,-2.0226896016819946,8.0,-4.0396718002219,-2.0226896016819946,-1.574666348884771,8.0,-2.0226896016819946,-1.574666348884771,-3.023932761271478,8.0,-1.574666348884771,-3.023932761271478,-4.0396718002219,8.0,19.22578581487132,-27.259781304923056,12.0,19.22578581487132,-31.25502469115438,10.0,19.22578581487132,-29.257229774386886,20.0,-0.8159474126754023,-19.22578581487132,10.0,-0.12397870551550477,-9.84868845116144,18.481542009965363,-7.73415428268338,-11.0
8.666666666666666,8.0,-2.69937557134309,-4.122314060712532,-2.336823471526165,8.0,-4.122314060712532,-2.336823471526165,-1.4995620733836736,8.0,-2.336823471526165,-1.4995620733836736,-2.69937557134309,8.0,-1.4995620733836736,-2.69937557134309,-4.122314060712532,8.0,19.16772228339331,-27.186389848509084,12.0,19.16772228339331,-31.183340031882494,10.0,19.16772228339331,-29.184739664228715,20.0,-0.8496736607574124,-19.16772228339331,10.0,-0.11243432059653712,-9.870577599444864,18.37007887666462,-7.560786523519302,-11.0
8.767441860465116,8.0,-2.3983285053509382,-4.076272942959964,-2.705002024994099,8.0,-4.076272942959964,-2.705002024994099,-1.4784971345238227,8.0,-2.705002024994099,-1.4784971345238227,-2.3983285053509382,8.0,-1.4784971345238227,-2.3983285053509382,-4.076272942959964,8.0,19.159972820555108,-27.160236948551656,12.0,19.159972820555108,-31.159446427186065,10.0,19.159972820555108,-29.15978820613822,20.0,-0.8308000552753741,-19.159972820555108,10.0,-0.10929768883975773,-9.88286647349422,18.355227924220525,-7.450894148786137,-11.0
8.868217054263566,8.0,-2.1320843876034514,-3.916234869940882,-3.0977684341181884,8.0,-3.916234869940882,-3.0977684341181884,-1.5149251451453252,8.0,-3.0977684341181884,-1.5149251451453252,-2.1320843876034514,8.0,-1.5149251451453252,-2.1320843876034514,-3.916234869940882,8.0,19.20098493513307,-27.18392638988593,12.0,19.20098493513307,-31.18543450126712,10.0,19.20098493513307,-29.18470594875113,20.0,-0.766844777827044,-19.20098493513307,10.0,-0.11474990976967923,-9.886277260623793,18.43389112396036,-7.420041474787797,-11.0
8.968992248062015,8.0,-1.9076390954794327,-3.669229847845051,-3.4735009608768292,8.0,-3.669229847845051,-3.4735009608768292,-1.6136265382324353,8.0,-3.4735009608768292,-1.6136265382324353,-1.9076390954794327,8.0,-1.6136265382324353,-1.9076390954794327,-3.669229847845051,8.0,19.279501991957098,-27.24961012356666,12.0,19.279501991957098,-31.252962777220116,10.0,19.279501991957098,-29.2513811508325,20.0,-0.6731623838158509,-19.279501991957098,10.0,-0.13018953024439966,-9.880543182386734,18.584959852893885,-7.469662384500526,-11.0
9.069767441860465,8.0,-1.7293800387602452,-3.368055724632974,-3.786965114858495,8.0,-3.368055724632974,-3.786965114858495,-1.779829179134602,8.0,-3.786965114858495,-1.779829179134602,-1.7293800387602452,8.0,-1.779829179134602,-1.7293800387602452,-3.368055724632974,8.0,19.379200305699946,-27.342551065517668,12.0,19.379200305699946,-31.347009046580553,10.0,19.379200305699946,-29.344921132928906,20.0,-0.5671899682116475,-19.379200305699946,10.0,-0.15838959534494756,-9.864201385225845,18.777670224422046,-7.587598312920294,-11.0
9.170542635658915,8.0,-1.6001484164798927,-3.0444159135335647,-4.000305279114733,8.0,-3.0444159135335647,-4.000305279114733,-2.0167538000186793,8.0,-4.000305279114733,-2.0167538000186793,-1.6001484164798927,8.0,-2.0167538000186793,-1.6001484164798927,-3.0444159135335647,8.0,19.484083311335127,-27.446359505165674,12.0,19.484083311335127,-31.45115985771111,10.0,19.484083311335127,-29.448920619819468,20.0,-0.4634234127288204,-19.484083311335127,10.0,-0.20336479449448916,-9.83451706896638,18.9814751241524,-7.752042606327345,-11.0
9.271317829457365,8.0,-1.5220917410726158,-2.724051168896162,-4.091215337006582,8.0,-2.724051168896162,-4.091215337006582,-2.3214725112237966,8.0,-4.091215337006582,-2.3214725112237966,-1.5220917410726158,8.0,-2.3214725112237966,-1.5220917410726158,-2.724051168896162,8.0,19.582260876993065,-27.54749610294206,12.0,19.582260876993065,-31.552051881014854,10.0,19.582260876993065,-29.549932285454382,20.0,-0.3710227385382274,-19.582260876993065,10.0,-0.26946173101838605,-9.78780857906585,19.17324705273066,-7.9377556557283,-11.0
9.372093023255815,8.0,-1.497560382450252,-2.425180244080605,-4.055829197430855,8.0,-2.425180244080605,-4.055829197430855,-2.680049059692871,8.0,-4.055829197430855,-2.680049059692871,-1.497560382450252,8.0,-2.680049059692871,-1.497560382450252,-2.425180244080605,8.0,19.667057171418087,-27.637383121754265,12.0,19.667057171418087,-31.64135197625522,10.0,19.667057171418087,-29.639508877866838,20.0,-0.2940749608139432,-19.667057171418087,10.0,-0.35913314811803215,-9.720612029217627,19.33965688919138,-8.122249469234834,-11.0
9.472868217054263,8.0,-1.5298844184778175,-2.15959298833467,-3.907187935641631,8.0,-2.15959298833467,-3.907187935641631,-3.0645308019540938,8.0,-3.907187935641631,-3.0645308019540938,-1.5298844184778175,8.0,-3.0645308019540938,-1.5298844184778175,-2.15959298833467,8.0,19.73608803393529,-27.7121575191314,12.0,19.73608803393529,-31.715407578112234,10.0,19.73608803393529,-29.713900371051437,20.0,-0.23319209376321354,-19.73608803393529,10.0,-0.4695674518062701,-9.631945763539363,19.475658544162187,-8.289628625399972,-11.0
9.573643410852712,8.0,-1.6236101555408196,-1.9346793985213142,-3.6708228470678193,8.0,-1.9346793985213142,-3.6708228470678193,-3.4349486564471308,8.0,-3.6708228470678193,-3.4349486564471308,-1.6236101555408196,8.0,-3.4349486564471308,-1.6236101555408196,-1.9346793985213142,8.0,19.78964189950357,-27.771229938921596,12.0,19.78964189950357,-31.773764079780243,10.0,19.78964189950357,-29.772590225203775,20.0,-0.18714921875313972,-19.78964189950357,10.0,-0.5899436136213975,-9.526066204923701,19.58149632552937,-8.43133066761425,-11.0
9.674418604651162,8.0,-1.783698094729909,-1.7551119570110252,-3.3784627803010596,8.0,-1.7551119570110252,-3.3784627803010596,-3.7472142737965197,8.0,-3.3784627803010596,-3.7472142737965197,-1.783698094729909,8.0,-3.7472142737965197,-1.783698094729909,-1.7551119570110252,8.0,19.82929155764833,-27.81577663502216,12.0,19.82929155764833,-31.817664314127825,10.0,19.82929155764833,-29.816790932720775,20.0,-0.15402089908215355,-19.82929155764833,10.0,-0.702080740687219,-9.41395345895581,19.660040183911164,-8.544687230630691,-11.0
9.775193798449612,8.0,-2.013221695408822,-1.623935105495829,-3.061339782562074,8.0,-1.623935105495829,-3.061339782562074,-3.963683506165031,8.0,-3.061339782562074,-3.963683506165031,-2.013221695408822,8.0,-3.963683506165031,-2.013221695408822,-1.623935105495829,8.0,19.856981507777295,-27.84765224121826,12.0,19.856981507777295,-31.848983894138886,10.0,19.856981507777295,-29.8483687456581,20.0,-0.13185826134308748,-19.856981507777295,10.0,-0.7855393468522357,-9.31178759560042,19.714985730010476,-8.630743650666352,-11.0
9.875968992248062,8.0,-2.3094501671121663,-1.5434194136329318,-2.745262436777189,8.0,-1.5434194136329318,-2.745262436777189,-4.061368354527689,8.0,-2.745262436777189,-4.061368354527689,-2.3094501671121663,8.0,-4.061368354527689,-2.3094501671121663,-1.5434194136329318,8.0,19.874473129854852,-27.868711086455193,12.0,19.874473129854852,-31.869569863506616,10.0,19.874473129854852,-29.869174179904782,20.0,-0.11910717431895115,-19.874473129854852,10.0,-0.8247356455579473,-9.236530526082385,19.74973410946613,-8.692280655026629,-11.0
9.976744186046512,8.0,-2.6591932471885333,-1.5159359226126163,-2.4488206489952016,8.0,-1.5159359226126163,-2.4488206489952016,-4.035161135069068,8.0,-2.4488206489952016,-4.035161135069068,-2.6591932471885333,8.0,-4.035161135069068,-2.6591932471885333,-1.5159359226126163,8.0,19.882983568809102,-27.880383736921598,12.0,19.882983568809102,-31.880829691506435,10.0,19.882983568809102,-29.880626882124222,20.0,-0.11490308607336822,-19.882983568809102,10.0,-0.8141262692985946,-9.200738507515828,19.76665177987664,-8.732343031698726,-11.0
10.077519379844961,8.0,-3.03579427291725,-1.5447159705881284,-2.1842329824384152,8.0,-1.5447159705881284,-2.1842329824384152,-3.8966519783990043,8.0,-2.1842329824384152,-3.8966519783990043,-3.03579427291725,8.0,-3.8966519783990043,-3.03579427291725,-1.5447159705881284,8.0,19.882919889544382,-27.883390846458976,12.0,19.882919889544382,-31.883452527306623,10.0,19.882919889544382,-29.883428061861995,20.0,-0.11930737148950117,-19.882919889544382,10.0,-0.7591948320380437,-9.20898015122697,19.76652516670198,-8.753228183550203,-11.0
10.178294573643411,8.0,-3.400782201504241,-1.6341014020122153,-1.959244726858727,8.0,-1.6341014020122153,-1.959244726858727,-3.6700001072727555,8.0,-1.959244726858727,-3.6700001072727555,-3.400782201504241,8.0,-3.6700001072727555,-3.400782201504241,-1.6341014020122153,8.0,19.873658087051727,-27.87747812123289,12.0,19.873658087051727,-31.87713369602508,10.0,19.873658087051727,-29.877298993624496,20.0,-0.13351436960291438,-19.873658087051727,10.0,-0.6734450393691018,-9.257088161634519,19.748114288051823,-8.755792357953732,-11.0
10.279069767441861,8.0,-3.71119285759306,-1.7888059180000384,-1.7787907929108058,8.0,-1.7888059180000384,-1.7787907929108058,-3.3859057475615755,8.0,-1.7787907929108058,-3.3859057475615755,-3.71119285759306,8.0,-3.3859057475615755,-3.71119285759306,-1.7888059180000384,8.0,19.85336840763023,-27.86125724449712,12.0,19.85336840763023,-31.86043358003832,10.0,19.85336840763023,-29.860823379524167,20.0,-0.15999133061359802,-19.85336840763023,10.0,-0.5732178865685256,-9.334209002916188,19.70781185645451,-8.738961834840557,-11.0
10.37984496124031,8.0,-3.929708632644223,-2.0117455187031483,-1.646105756394946,8.0,-2.0117455187031483,-1.646105756394946,-3.075089015211366,8.0,-1.646105756394946,-3.075089015211366,-3.929708632644223,8.0,-3.075089015211366,-3.929708632644223,-2.0117455187031483,8.0,19.819002661456793,-27.832108821887537,12.0,19.819002661456793,-31.830677163811245,10.0,19.819002661456793,-29.831352114210713,20.0,-0.20235600160111,-19.819002661456793,10.0,-0.4728086225736805,-9.426607545731562,19.639643324741574,-8.699467889294233,-11.0
10.480620155038759,8.0,-4.032857629463453,-2.3003171352040432,-1.56357945667929,8.0,-2.3003171352040432,-1.56357945667929,-2.7633380999233728,8.0,-1.56357945667929,-2.7633380999233728,-4.032857629463453,8.0,-2.7633380999233728,-4.032857629463453,-2.3003171352040432,8.0,19.766755783467598,-27.786456096161217,12.0,19.766755783467598,-31.784247853035883,10.0,19.766755783467598,-29.78528692808764,20.0,-0.26457294612566684,-19.766755783467598,10.0,-0.38180187272440586,-9.521537583122377,19.53623171016249,-8.63207435716696,-11.0
10.581395348837209,8.0,-4.014501027953764,-2.641938165296998,-1.533611790707624,8.0,-2.641938165296998,-1.533611790707624,-2.469522641025138,8.0,-1.533611790707624,-2.469522641025138,-4.014501027953764,8.0,-2.469522641025138,-4.014501027953764,-2.641938165296998,8.0,19.693457448086644,-27.720805957651493,12.0,19.693457448086644,-31.71766635016867,10.0,19.693457448086644,-29.71914133275601,20.0,-0.34899186346264344,-19.693457448086644,10.0,-0.3049271037267886,-9.609689483199594,19.391613312979967,-8.530871550240414,-11.0
10.682170542635658,8.0,-3.8849559919227925,-3.011068736989074,-1.5593550509657583,8.0,-3.011068736989074,-1.5593550509657583,-2.206224552693336,8.0,-1.5593550509657583,-2.206224552693336,-3.8849559919227925,8.0,-2.206224552693336,-3.8849559919227925,-3.011068736989074,8.0,19.599088019084974,-27.633875411101062,12.0,19.599088019084974,-31.62976692369548,10.0,19.599088019084974,-29.631693658521485,20.0,-0.45332674694364894,-19.599088019084974,10.0,-0.24337133884534556,-9.685770565733621,19.206212558992007,-8.392179405468596,-11.0
10.782945736434108,8.0,-3.6671342189658445,-3.370588021134691,-1.6449722293790254,8.0,-3.370588021134691,-1.6449722293790254,-1.981506030034657,8.0,-1.6449722293790254,-1.981506030034657,-3.6671342189658445,8.0,-1.981506030034657,-3.6671342189658445,-3.370588021134691,8.0,19.48960474410188,-27.529378627543952,12.0,19.48960474410188,-31.524510980940523,10.0,19.48960474410188,-29.52678832369193,20.0,-0.5680431804108336,-19.48960474410188,10.0,-0.19631830735318534,-9.747785933018605,18.99223465406592,-8.218710570386909,-11.0
10.883720930232558,8.0,-3.390757507949985,-3.6786170963715294,-1.7949493193991022,8.0,-3.6786170963715294,-1.7949493193991022,-1.8005422756510159,8.0,-1.7949493193991022,-1.8005422756510159,-3.390757507949985,8.0,-1.8005422756510159,-3.390757507949985,-3.6786170963715294,8.0,19.37806930821531,-27.41785144957165,12.0,19.37806930821531,-31.4127510147324,10.0,19.37806930821531,-29.41512987841935,20.0,-0.6766111870858452,-19.37806930821531,10.0,-0.16209762432032696,-9.79587566320712,18.77547850569981,-8.022977272194325,-11.0
10.984496124031008,8.0,-3.086006062056537,-3.898258053898886,-2.01203684483689,8.0,-3.898258053898886,-2.01203684483689,-1.6667437697345668,8.0,-2.01203684483689,-1.6667437697345668,-3.086006062056537,8.0,-1.6667437697345668,-3.086006062056537,-3.898258053898886,8.0,19.282286334275604,-27.3155660479269,12.0,19.282286334275604,-31.311011962693478,10.0,19.282286334275604,-29.313126343734908,20.0,-0.7598207927393765,-19.282286334275604,10.0,-0.13890173969744976,-9.83126526691628,18.590328313849586,-7.827176979712769,-11.0
11.085271317829458,8.0,-2.7785749267217574,-4.00572175925448,-2.29370396926453,8.0,-4.00572175925448,-2.29370396926453,-1.5826146411992201,8.0,-2.29370396926453,-1.5826146411992201,-2.7785749267217574,8.0,-1.5826146411992201,-2.7785749267217574,-4.00572175925448,8.0,19.219419876420027,-27.240154497509764,12.0,19.219419876420027,-31.236959198571153,10.0,19.219419876420027,-29.23843082328475,20.0,-0.8022903406282403,-19.219419876420027,10.0,-0.12523345512690684,-9.855498051216793,18.46930501930646,-7.658570905165829,-11.0
11.186046511627907,8.0,-2.4875350395129834,-3.9940223312152936,-2.6278590253256273,8.0,-3.9940223312152936,-2.6278590253256273,-1.550589250004762,8.0,-2.6278590253256273,-1.550589250004762,-2.4875350395129834,8.0,-1.550589250004762,-2.4875350395129834,-3.9940223312152936,8.0,19.200306228375354,-27.204936824984507,12.0,19.200306228375354,-31.203678016621875,10.0,19.200306228375354,-29.20424130857735,20.0,-0.7976107191123225,-19.200306228375354,10.0,-0.12021635111151652,-9.869910651686864,18.43258796316947,-7.542379780355018,-11.0
11.286821705426357,8.0,-2.2257709462613464,-3.8723684075687412,-2.98992214314429,8.0,-3.8723684075687412,-2.98992214314429,-1.5737568517904819,8.0,-2.98992214314429,-1.5737568517904819,-2.2257709462613464,8.0,-1.5737568517904819,-2.2257709462613464,-3.8723684075687412,8.0,19.22624647996343,-27.21475353166147,12.0,19.22624647996343,-31.21558668577874,10.0,19.22624647996343,-29.21517459828207,20.0,-0.7497618541968235,-19.22624647996343,10.0,-0.12383553142787443,-9.875269924277463,18.482427685415306,-7.4953750091359534,-11.0
11.387596899224807,8.0,-2.0016236797525915,-3.6625428654203462,-3.3439878075789418,8.0,-3.6625428654203462,-3.3439878075789418,-1.6561229590350912,8.0,-3.3439878075789418,-1.6561229590350912,-2.0016236797525915,8.0,-1.6561229590350912,-2.0016236797525915,-3.6625428654203462,8.0,19.289414424520196,-27.26502849577549,12.0,19.289414424520196,-31.2676640013194,10.0,19.289414424520196,-29.266416439595485,20.0,-0.6707110120520741,-19.289414424520196,10.0,-0.13713716277215734,-9.871506542898283,18.60407544204439,-7.5221978953980075,-11.0
11.488372093023255,8.0,-1.820486141706871,-3.3933419720772147,-3.6492186373159816,8.0,-3.3933419720772147,-3.6492186373159816,-1.8019622605179249,8.0,-3.6492186373159816,-1.8019622605179249,-1.820486141706871,8.0,-1.8019622605179249,-1.820486141706871,-3.3933419720772147,8.0,19.376272800536906,-27.344101178432975,12.0,19.376272800536906,-31.347935539292646,10.0,19.376272800536906,-29.346137672163938,20.0,-0.575738486973044,-19.376272800536906,10.0,-0.16235339941654348,-9.85752053531582,18.771997382041317,-7.6149865668058085,-11.0
11.589147286821705,8.0,-1.6859310867636834,-3.0943933962690737,-3.8691999909237835,8.0,-3.0943933962690737,-3.8691999909237835,-2.013855680240692,8.0,-3.8691999909237835,-2.013855680240692,-1.6859310867636834,8.0,-2.013855680240692,-1.6859310867636834,-3.0943933962690737,8.0,19.472221131657374,-27.437516020821548,12.0,19.472221131657374,-31.441872876290557,10.0,19.472221131657374,-29.43983812111926,20.0,-0.47876352454368265,-19.472221131657374,10.0,-0.20278073504188507,-9.831116844293575,18.958369790008202,-7.7561589035895215,-11.0
11.689922480620154,8.0,-1.6005707405184586,-2.7912405306635275,-3.979967341003881,8.0,-2.7912405306635275,-3.979967341003881,-2.2892987389588337,8.0,-3.979967341003881,-2.2892987389588337,-1.6005707405184586,8.0,-2.2892987389588337,-1.6005707405184586,-2.7912405306635275,8.0,19.565373133551084,-27.532233883436326,12.0,19.565373133551084,-31.536531095991446,10.0,19.565373133551084,-29.534529979981812,20.0,-0.38955118500094055,-19.565373133551084,10.0,-0.26204443580992537,-9.789271884081332,19.14019129275413,-7.9235037442010485,-11.0
11.790697674418604,8.0,-1.5668773307018087,-2.5030858949759986,-3.973852463469986,8.0,-2.5030858949759986,-3.973852463469986,-2.616591538615416,8.0,-3.973852463469986,-2.616591538615416,-1.5668773307018087,8.0,-2.616591538615416,-1.5668773307018087,-2.5030858949759986,8.0,19.64821504440038,-27.619109361692697,12.0,19.64821504440038,-31.62296941894865,10.0,19.64821504440038,-29.621175459182695,20.0,-0.31327194988138984,-19.64821504440038,10.0,-0.3423275639976895,-9.729065193274174,19.302617721550074,-8.095764309985073,-11.0
11.891472868217054,8.0,-1.58788980839108,-2.2430607686380775,-3.8591052742009855,8.0,-2.2430607686380775,-3.8591052742009855,-2.971977752731759,8.0,-3.8591052742009855,-2.971977752731759,-1.58788980839108,8.0,-2.971977752731759,-1.58788980839108,-2.2430607686380775,8.0,19.717307641050503,-27.693272430863118,12.0,19.717307641050503,-31.69651377162783,10.0,19.717307641050503,-29.695009694235445,20.0,-0.25156608059016217,-19.717307641050503,10.0,-0.44163258813662587,-9.649500808884977,19.43861103059143,-8.256658813759294,-11.0
11.992248062015504,8.0,-1.66747426693591,-2.0197486144174457,-3.6564916901943523,8.0,-2.0197486144174457,-3.6564916901943523,-3.3206441355408196,8.0,-3.6564916901943523,-3.3206441355408196,-1.66747426693591,8.0,-3.3206441355408196,-1.66747426693591,-2.0197486144174457,8.0,19.772043364397792,-27.753164560893534,12.0,19.772043364397792,-31.755746848709794,10.0,19.772043364397792,-29.754549782559803,20.0,-0.20396922327205957,-19.772043364397792,10.0,-0.5513338737450819,-9.553817995188433,19.54668494018134,-8.396310323872662,-11.0
12.093023255813954,8.0,-1.80970874889936,-1.8387377360279191,-3.3939391592470862,8.0,-1.8387377360279191,-3.3939391592470862,-3.6227446017308678,8.0,-3.3939391592470862,-3.6227446017308678,-1.80970874889936,8.0,-3.6227446017308678,-1.80970874889936,-1.8387377360279191,8.0,19.813365047845146,-27.799234042601093,12.0,19.813365047845146,-31.801195466820417,10.0,19.813365047845146,-29.800287740822988,20.0,-0.16904782309465388,-19.813365047845146,10.0,-0.6562139224685072,-9.450972644264713,19.628471725958587,-8.510517785663797,-11.0
12.193798449612403,8.0,-2.0170016041407264,-1.7037492959915326,-3.100518848006671,8.0,-1.7037492959915326,-3.100518848006671,-3.842395629877244,8.0,-3.100518848006671,-3.842395629877244,-2.0170016041407264,8.0,-3.842395629877244,-2.0170016041407264,-1.7037492959915326,8.0,19.842825220838087,-27.832862823365357,12.0,19.842825220838087,-31.83427460799409,10.0,19.842825220838087,-29.83362209255256,20.0,-0.14513808317958216,-19.842825220838087,10.0,-0.7382002088249872,-9.354786455724962,19.686885637236404,-8.599009332702702,-11.0
12.294573643410853,8.0,-2.2868366779952716,-1.6174968817865665,-2.8015756118712223,8.0,-1.6174968817865665,-2.8015756118712223,-3.9555765923364925,8.0,-2.8015756118712223,-3.9555765923364925,-2.2868366779952716,8.0,-3.9555765923364925,-2.2868366779952716,-1.6174968817865665,8.0,19.86197627112726,-27.85562980276372,12.0,19.86197627112726,-31.85656515819571,10.0,19.86197627112726,-29.856134020812114,20.0,-0.1308148081294633,-19.86197627112726,10.0,-0.7823293088920189,-9.280519440886591,19.724905069741123,-8.663621891645494,-11.0
12.395348837209303,8.0,-2.6078213887034587,-1.5824923449068784,-2.5163833333898555,8.0,-1.5824923449068784,-2.5163833333898555,-3.954082093154461,8.0,-2.5163833333898555,-3.954082093154461,-2.6078213887034587,8.0,-3.954082093154461,-2.6078213887034587,-1.5824923449068784,8.0,19.871969911462735,-27.868852543162227,12.0,19.871969911462735,-31.869368422294063,10.0,19.871969911462735,-29.86913235512636,20.0,-0.12521410108444353,-19.871969911462735,10.0,-0.7817382599702383,-9.240362320527787,19.744759408104013,-8.706834586202493,-11.0
12.496124031007751,8.0,-2.9569042390512874,-1.6017343902204972,-2.2582688250360974,8.0,-1.6017343902204972,-2.2582688250360974,-3.8453397227762682,8.0,-2.2582688250360974,-3.8453397227762682,-2.9569042390512874,8.0,-3.8453397227762682,-2.9569042390512874,-1.6017343902204972,8.0,19.87327247983126,-27.8732577489165,12.0,19.87327247983126,-31.87338136056609,10.0,19.87327247983126,-29.87332805128338,20.0,-0.1282776528407514,-19.87327247983126,10.0,-0.7393318791780534,-9.239923537779589,19.74734795288093,-8.730711213611933,-11.0
12.5968992248062,8.0,-3.300252843493195,-1.6789646778807403,-2.036022780779595,8.0,-1.6789646778807403,-2.036022780779595,-3.649203820831067,8.0,-2.036022780779595,-3.649203820831067,-3.300252843493195,8.0,-3.649203820831067,-3.300252843493195,-1.6789646778807403,8.0,19.865446136411588,-27.868742017807097,12.0,19.865446136411588,-31.86846101022098,10.0,19.865446136411588,-29.868596684848196,20.0,-0.14094611947855892,-19.865446136411588,10.0,-0.6658344262984031,-9.277033778052571,19.731797509933507,-8.736165880690569,-11.0
12.69767441860465,8.0,-3.5989587136228227,-1.818077626181272,-1.8554073256876782,8.0,-1.818077626181272,-1.8554073256876782,-3.3927911373322472,8.0,-1.8554073256876782,-3.3927911373322472,-3.5989587136228227,8.0,-3.3927911373322472,-3.5989587136228227,-1.818077626181272,8.0,19.846995966350388,-27.854194307945754,12.0,19.846995966350388,-31.853449465789723,10.0,19.846995966350388,-29.853802278068926,20.0,-0.16527031274104648,-19.846995966350388,10.0,-0.5755515850780122,-9.343076001670868,19.69516244441643,-8.722464418533132,-11.0
12.7984496124031,8.0,-3.817704332162023,-2.021306800975432,-1.720278546880855,8.0,-2.021306800975432,-1.720278546880855,-3.104619054956644,8.0,-1.720278546880855,-3.104619054956644,-3.817704332162023,8.0,-3.104619054956644,-3.817704332162023,-2.021306800975432,8.0,19.815375368762513,-27.827436900941795,12.0,19.815375368762513,-31.826120878327607,10.0,19.815375368762513,-29.82674140424228,20.0,-0.2042840591834767,-19.815375368762513,10.0,-0.4819329738199943,-9.426082061599589,19.63245505024801,-8.686971992182345,-11.0
12.89922480620155,8.0,-3.932513941949006,-2.2860926807101425,-1.6334440808483932,8.0,-2.2860926807101425,-1.6334440808483932,-2.809796470449091,8.0,-1.6334440808483932,-2.809796470449091,-3.932513941949006,8.0,-2.809796470449091,-3.932513941949006,-2.2860926807101425,8.0,19.76739461275791,-27.785472711891224,12.0,19.76739461275791,-31.783442587903398,10.0,19.76739461275791,-29.784397993815325,20.0,-0.26131098723982427,-19.76739461275791,10.0,-0.39474781026740857,-9.51419984641198,19.537494488824525,-8.62535530653559,-11.0
13.0,8.0,-3.934773345017036,-2.601277598255321,-1.5974557470806936,8.0,-2.601277598255321,-1.5974557470806936,-2.5276164365451423,8.0,-1.5974557470806936,-2.5276164365451423,-3.934773345017036,8.0,-2.5276164365451423,-3.934773345017036,-2.601277598255321,8.0,19.700390565691094,-27.72537333877235,12.0,19.700390565691094,-31.722502976355944,10.0,19.700390565691094,-29.723851207941234,20.0,-0.3383322571592486,-19.700390565691094,10.0,-0.3194422425146582,-9.598171089787533,19.405269422038536,-8.53268083843001,-11.0
