time,->1,2->1,->2,1->2,->3,4->3,"1,2,3->3",->4,5->4,"1,2,4->4",->5,3->5,"1,2,5->5",->6,"3,4->6","4,5->6",6->6,->7,6->7,7->7,->8,6->8,8->8,->9,6->9,9->9
0.0,2.0,-0.5,-1.5,0.3,3.0,-0.6000000000000001,-0.8,4.0,-0.8,-1.2000000000000002,4.5,-0.4,-1.6,20.0,1.2000000000000002,1.2000000000000002,-7.999999999999999,8.0,7.999999999999999,-8.0,12.0,7.999999999999999,-12.000000000000002,10.0,7.999999999999999,-10.0
0.10101010101010101,2.0,-0.44400928100003895,-1.5,0.35009391697529313,3.0,-0.7164999614093871,-0.9609225227924242,4.0,-1.0023984953152683,-1.4850173266704478,4.5,-0.46363159414568483,-2.0775704311881023,20.0,1.6609600965677789,1.7955462080255433,-19.474837088393063,8.0,19.474837088393063,-19.875673350710787,12.0,19.474837088393063,-25.93381226705267,10.0,19.474837088393063,-23.041100512769578
0.20202020202020202,2.0,-0.39649246788328174,-1.5,0.41069010667401595,3.0,-0.8149376969899926,-1.1346591415455884,4.0,-1.187605914960178,-1.7693442001253261,4.5,-0.5226097373333618,-2.578459243486347,20.0,2.1294718788349742,2.419562073173351,-23.700322761032172,8.0,23.700322761032172,-30.113139886314492,12.0,23.700322761032172,-34.60330363198415,10.0,23.700322761032172,-32.4075662893686
0.30303030303030304,2.0,-0.3564547439872857,-1.5,0.4839060349648047,3.0,-0.8862899779470855,-1.3191049277439186,4.0,-1.3309698581124219,-2.0383558889580726,4.5,-0.5735551302170555,-3.061063890842192,20.0,2.5416808185575595,2.9490631154867346,-25.090665314230073,8.0,25.090665314230073,-32.676131348173975,12.0,25.090665314230073,-36.75168424725208,10.0,25.090665314230073,-34.71951255683611
0.40404040404040403,2.0,-0.3230786031643835,-1.5,0.5722890358135763,3.0,-0.9280807265837165,-1.5137098331769505,4.0,-1.4173750984857758,-2.2879583405355253,4.5,-0.6140168275454522,-3.49419515496788,20.0,2.849285917215059,3.2885962781108633,-25.900715191865245,8.0,25.900715191865245,-33.681154466488444,12.0,25.900715191865245,-37.70964916489066,10.0,25.900715191865245,-35.69654798783089
0.5050505050505051,2.0,-0.295717232383859,-1.5,0.6788908881145775,3.0,-0.9429819849994158,-1.7194803566391685,4.0,-1.4442017015690676,-2.5241708395902402,4.5,-0.6423649994048429,-3.8658340027455615,20.0,3.0286931111646362,3.4046404682128326,-26.337390451783936,8.0,26.337390451783936,-34.23253588734885,12.0,26.337390451783936,-38.24665734838579,10.0,26.337390451783936,-36.240096737757675
0.6060606060606061,2.0,-0.2738964737042325,-1.5,0.807350078689664,3.0,-0.9357396024262208,-1.9386932869437847,4.0,-1.4183304117263078,-2.7589388807966078,4.5,-0.6575397875531622,-4.181811808094872,20.0,3.0764300969220884,3.3179698389444834,-26.422772217726784,8.0,26.422772217726784,-34.41806242164486,12.0,26.422772217726784,-38.42115138882424,10.0,26.422772217726784,-36.41977193758792
0.7070707070707071,2.0,-0.25732880906341077,-1.5,0.9619779925147058,3.0,-0.9107084954280134,-2.1747277236349656,4.0,-1.350915699063167,-3.005880224110446,4.5,-0.6588895316822897,-4.458826072931137,20.0,3.0002814702582317,3.075726009359749,-26.206575708378292,8.0,26.206575708378292,-34.28498393454476,12.0,26.206575708378292,-38.27892954930514,10.0,26.206575708378292,-36.281855639113445
0.8080808080808081,2.0,-0.24594542473939254,-1.5,1.1478408332279675,3.0,-0.8708140436527523,-2.432147824757527,4.0,-1.253300389627202,-3.277816062249987,4.5,-0.646146227187784,-4.717526293802353,20.0,2.8133660444418207,2.7284789505070837,-25.753365435861088,8.0,25.753365435861088,-33.89731999315015,12.0,25.753365435861088,-37.88389030679329,10.0,25.753365435861088,-35.89028742889386
0.9090909090909091,2.0,-0.23995716925540603,-1.5,1.3708206948774784,3.0,-0.8176196951325679,-2.7169379219528986,4.0,-1.135077771272934,-3.58595192724965,4.5,-0.619479011573093,-4.9782733289154155,20.0,2.5324912029170843,2.3201548532498277,-25.126235446705586,8.0,25.126235446705586,-33.31995020613458,12.0,25.126235446705586,-37.30065369641454,10.0,25.126235446705586,-35.30980606259753
1.0101010101010102,2.0,-0.2399637189700373,-1.5,1.637622813313037,3.0,-0.7519433224253014,-3.036693835907615,4.0,-1.003777253311484,-3.9398828392763043,4.5,-0.5795658767813091,-5.259392106870781,20.0,2.179003454756352,1.8869590070749513,-24.38343828745415,8.0,24.38343828745415,-32.612334890635026,12.0,24.38343828745415,-36.58850699274953,10.0,24.38343828745415,-34.599778157566746
1.1111111111111112,2.0,-0.24714815697179632,-1.5,1.955667917141346,3.0,-0.6746407303343008,-3.400568475840722,4.0,-0.865354778655969,-4.347742168331654,4.5,-0.5276674446804459,-5.576804501361089,20.0,1.7799297512642516,1.4595089496768505,-23.58099865832433,8.0,23.58099865832433,-31.830179284917982,12.0,23.58099865832433,-35.80319409271648,10.0,23.58099865832433,-33.815928100420656
1.2121212121212122,2.0,-0.26362562861094935,-1.5,2.332745587992471,3.0,-0.5873499750518992,-3.818695083448033,4.0,-0.7249115620762071,-4.816046774911813,4.5,-0.46571608765886263,-5.943999555503365,20.0,1.3676916623385056,1.064441969750734,-22.775085593906464,8.0,22.775085593906464,-31.0282789217827,12.0,22.775085593906464,-34.999735338448716,10.0,22.775085593906464,-33.0131709440011
1.3131313131313131,2.0,-0.2930832128127525,-1.5,2.7761924645704905,3.0,-0.49304550075049686,-4.300761111056067,4.0,-0.5873079421924748,-5.348921833797018,4.5,-0.39642959487849755,-6.3715504357587625,20.0,0.9772891405959272,0.7239238461325815,-22.020905067126684,8.0,22.020905067126684,-30.260740825729492,12.0,22.020905067126684,-34.23252424987568,10.0,22.020905067126684,-32.24576888499408
1.4141414141414141,2.0,-0.34198260891941956,-1.5,3.291121520141355,3.0,-0.39624055356861976,-4.8532210665059905,4.0,-0.4574904117882045,-5.946283316790354,4.5,-0.32340251877221826,-6.865444686838811,20.0,0.6407259653189484,0.45319063504823487,-21.367346985201205,8.0,21.367346985201205,-29.57729677365692,12.0,21.367346985201205,-33.55144173014778,10.0,21.367346985201205,-31.563539743210992
1.5151515151515151,2.0,-0.4218687783859927,-1.5,3.876761821876738,3.0,-0.30266973249806584,-5.474353864748613,4.0,-0.34041258980065026,-6.600156520233608,4.5,-0.2510427161482785,-7.423194766119299,20.0,0.3799151587109366,0.25758146873484156,-20.8487673719301,8.0,20.8487673719301,-29.01637599949789,12.0,20.8487673719301,-32.99469822654259,10.0,20.8487673719301,-31.00480508524916
1.6161616161616161,2.0,-0.5538266434033372,-1.5,4.51908145071843,3.0,-0.21837894885236284,-6.145746113498699,4.0,-0.24051006034045372,-7.287415327393177,4.5,-0.1841670216234857,-8.02594164560343,20.0,0.20109100297703592,0.13130583541391658,-20.477404234854834,8.0,20.477404234854834,-28.597546729898088,12.0,20.477404234854834,-32.58117450084592,10.0,20.477404234854834,-30.588776439349214
1.7171717171717171,2.0,-0.7767939429847004,-1.5,5.1764883954275245,3.0,-0.148387418674182,-6.817556017460681,4.0,-0.1608419551569982,-7.955672408901673,4.5,-0.12715952682587764,-8.623412390817268,20.0,0.0943443697276119,0.059667306350638744,-20.241084128626177,8.0,20.241084128626177,-28.317222690137736,12.0,20.241084128626177,-32.30625668083256,10.0,20.241084128626177,-30.31132493686636
1.8181818181818181,2.0,-1.160971223098944,-1.5,5.754863438489772,3.0,-0.095395864119635,-7.384079548757157,4.0,-0.10224059898853372,-8.498157197824623,4.5,-0.08288981162435193,-9.107907247579247,20.0,0.039536726033094084,0.02438332572155063,-20.109224644977473,8.0,20.109224644977473,-28.151383120436932,12.0,20.109224644977473,-32.14495176939125,10.0,20.109224644977473,-30.14790891852101
1.9191919191919191,2.0,-1.8192944810924416,-1.5,6.076499805350266,3.0,-0.059170802112484266,-7.6538293213930135,4.0,-0.06297119212380933,-8.721730914619053,4.5,-0.051925841855516214,-9.281905491708146,20.0,0.015362468564784513,0.009315139869862874,-20.04513177082501,8.0,20.04513177082501,-28.065454561491002,12.0,20.04513177082501,-32.062169682218546,10.0,20.04513177082501,-30.06367179707819
2.0202020202020203,2.0,-2.8764987062985985,-1.5,5.888372080762196,3.0,-0.03699700491346255,-7.359810497391819,4.0,-0.03926347673442019,-8.355351632304421,4.5,-0.03258880740355628,-8.86720844539254,20.0,0.006028441338166282,0.0036315776041574155,-20.017818729989312,8.0,20.017818729989312,-28.026431561353466,12.0,20.017818729989312,-32.02496290689456,10.0,20.017818729989312,-30.025630621644616
2.121212121212121,2.0,-4.3134189115085775,-1.5,5.023480853279239,3.0,-0.024993685631882742,-6.327738619078948,4.0,-0.02657849571998552,-7.220968143233771,4.5,-0.021901981378241762,-7.678838316037238,20.0,0.0027370561864156224,0.0016607364164841474,-20.00737150470514,8.0,20.00737150470514,-28.010662481074352,12.0,20.00737150470514,-32.01007623850534,10.0,20.00737150470514,-30.01034133637919
2.2222222222222223,2.0,-5.766587056885176,-1.5,3.6870783918615415,3.0,-0.01955608520310928,-4.776891052010874,4.0,-0.02095722512909119,-5.543982893769886,4.5,-0.016850212240747297,-5.941194078971036,20.0,0.0016476209313526454,0.0010246032006131253,-20.003676068460944,8.0,20.003676068460944,-28.004838717661592,12.0,20.003676068460944,-32.0046241134692,10.0,20.003676068460944,-30.004720711870956
2.323232323232323,2.0,-6.720119661352493,-1.5,2.388079097146874,3.0,-0.018195203719656113,-3.2555279001996946,4.0,-0.019771535956646893,-3.8933314024832124,4.5,-0.01521447501781558,-4.230628191987848,20.0,0.001384152362183865,0.0008993678114542402,-20.00252610150576,8.0,20.00252610150576,-28.002875997244676,12.0,20.00252610150576,-32.002805453741594,10.0,20.00252610150576,-30.00283699289076
2.4242424242424243,2.0,-6.988198009110179,-1.5,1.4546982303342377,3.0,-0.019614381521346,-2.1311989300759455,4.0,-0.02173528325037756,-2.6585906178600807,4.5,-0.015723424521087364,-2.9460638390814644,20.0,0.0015420262368934729,0.001065810345368567,-20.002457727182552,8.0,20.002457727182552,-28.002447527186135,12.0,20.002457727182552,-32.00243612254395,10.0,20.002457727182552,-30.002440860225676
2.525252525252525,2.0,-6.7421781385137125,-1.5,0.8870347039932194,3.0,-0.023397623455004818,-1.420054485705808,4.0,-0.026560280072991965,-1.8657408415270191,4.5,-0.017808421942964604,-2.1179330195596204,20.0,0.002083373754746655,0.0015536185800183347,-20.003118764488363,8.0,20.003118764488363,-28.00284638597027,12.0,20.003118764488363,-32.00287008922899,10.0,20.003118764488363,-30.002858649126296
2.6262626262626263,2.0,-6.224937140406853,-1.5,0.5631622884735357,3.0,-0.029706049644261358,-0.9967528799798289,4.0,-0.03465459110377977,-1.3885201113154004,4.5,-0.021324567281701762,-1.6198248260285109,20.0,0.0031673432715631205,0.002573627509326149,-20.004673241429497,8.0,20.004673241429497,-28.004061498861173,12.0,20.004673241429497,-32.004123586432605,10.0,20.004673241429497,-30.00409416301876
2.727272727272727,2.0,-5.605676195274954,-1.5,0.3790645467710137,3.0,-0.03911419541362389,-0.7472938388811093,4.0,-0.04698868131441723,-1.108190219694147,4.5,-0.026376155217702698,-1.3312915303078157,20.0,0.005158410447226493,0.004594811157901532,-20.007714493233138,8.0,20.007714493233138,-28.006527376334645,12.0,20.007714493233138,-32.006650845277335,10.0,20.007714493233138,-30.006592481196147
2.8282828282828283,2.0,-4.976219367118103,-1.5,0.2719012598954691,3.0,-0.052554779578749544,-0.5995304553825916,4.0,-0.06509145774992545,-0.9481164738517619,4.5,-0.03323240530288028,-1.174284887015002,20.0,0.008732608677822704,0.00855216803626705,-20.013458093141686,8.0,20.013458093141686,-28.011220750509384,12.0,20.013458093141686,-32.011454691463705,10.0,20.013458093141686,-30.011344166867833
2.929292929292929,2.0,-4.3802363332873995,-1.5,0.20753414977395596,3.0,-0.07131197171750564,-0.5125971119679635,4.0,-0.09111045180768587,-0.8643473294689438,4.5,-0.04229122889011933,-1.1043177437113323,20.0,0.015079354592553738,0.01624316490619714,-20.024196009405244,8.0,20.024196009405244,-28.020018782378415,12.0,20.024196009405244,-32.020456461893836,10.0,20.024196009405244,-30.020249714938966
3.0303030303030303,2.0,-3.8358345837955348,-1.5,0.16781008172372455,3.0,-0.09701004350092633,-0.46398106223386554,4.0,-0.12787355672886835,-0.8325941502922833,4.5,-0.05406094075380207,-1.0974819870945385,20.0,0.026222271071136696,0.031012548252214223,-20.044101882706354,8.0,20.044101882706354,-28.036374297159494,12.0,20.044101882706354,-32.03718582752279,10.0,20.044101882706354,-30.03680254453407
3.131313131313131,2.0,-3.348355127410189,-1.5,0.14295031847622194,3.0,-0.13154336378413475,-0.44125539671231756,4.0,-0.17887878674622412,-0.8395069972473028,4.5,-0.06914084023333322,-1.1416006768611693,20.0,0.04547509349577046,0.05882579329555804,-20.080513499464836,8.0,20.080513499464836,-28.066427974414534,12.0,20.080513499464836,-32.0679128210918,10.0,20.080513499464836,-30.06721167129576
3.2323232323232323,2.0,-2.9169884732551137,-1.5,0.12755473557355923,3.0,-0.17688547021122025,-0.437494999347343,4.0,-0.24811373513565407,-0.8775304530291685,4.5,-0.08818669301729634,-1.2308945338266608,20.0,0.07799472330368498,0.10971928676333083,-20.145742574588596,8.0,20.145742574588596,-28.12064783041152,12.0,20.145742574588596,-32.123307891625196,10.0,20.145742574588596,-30.12205221119525
3.3333333333333335,2.0,-2.538115602344635,-1.5,0.11856698990406894,3.0,-0.23471725081488254,-0.44879845093086673,4.0,-0.33958870551080395,-0.9418005497377329,4.5,-0.11185036853270652,-1.362596180827972,20.0,0.1312660550231416,0.1992683184132016,-20.259154943491406,8.0,20.259154943491406,-28.21587775274125,12.0,20.259154943491406,-32.22049917413319,10.0,20.259154943491406,-30.21831863097166
3.4343434343434343,2.0,-2.2069913199139033,-1.5,0.11423152735988065,3.0,-0.30585617498593987,-0.4729178551399712,4.0,-0.45649639788400287,-1.0281171373877305,4.5,-0.1406890722813785,-1.534485186842759,20.0,0.2151531075515142,0.349055605379152,-20.448600041946047,8.0,20.448600041946047,-28.377148775712428,12.0,20.448600041946047,-32.384848407848324,10.0,20.448600041946047,-30.38121758979411
3.5353535353535355,2.0,-1.9185911259073258,-1.5,0.11354775461959672,3.0,-0.3895766805574399,-0.5084721485406013,4.0,-0.6000345193159605,-1.1315993032247156,4.5,-0.175052150721429,-1.7429139829343694,20.0,0.3409811790124748,0.5843986406374774,-20.749329103494027,8.0,20.749329103494027,-28.637738388884774,12.0,20.749329103494027,-32.64988738124029,10.0,20.749329103494027,-30.644162422906
3.6363636363636362,2.0,-1.6680300802192523,-1.5,0.11597794176776946,3.0,-0.4830731912134579,-0.5544963458581401,4.0,-0.7681620694918552,-1.2460370282068298,4.5,-0.21497139591058004,-1.9813941234174082,20.0,0.5192345912106779,0.927696255696411,-21.198010731729852,8.0,21.198010731729852,-29.03516287150466,12.0,21.198010731729852,-33.05307926571397,10.0,21.198010731729852,-31.044642986154383
3.7373737373737375,2.0,-1.4507598207835282,-1.5,0.12128798430705072,3.0,-0.5814254339455299,-0.6102143194795315,4.0,-0.9548062088894302,-1.364099532223896,4.5,-0.2600940159584549,-2.2400992919627964,20.0,0.756126380476401,1.387871535843558,-21.82069137808158,8.0,21.82069137808158,-29.6011482910045,12.0,21.82069137808158,-33.625529947151826,10.0,21.82069137808158,-31.614057643714375
3.8383838383838382,2.0,-1.2626489419582012,-1.5,0.12946056773188994,3.0,-0.6783192831568445,-0.674974647050238,4.0,-1.1500807231069528,-1.4784036506310612,4.5,-0.3096910093131383,-2.5066124195212964,20.0,1.050346917187038,1.950304829176034,-22.617590869657814,8.0,22.617590869657814,-30.346615569622674,12.0,22.617590869657814,-34.376908435088325,10.0,22.617590869657814,-32.36266353463766
3.9393939393939394,2.0,-1.1000021921344705,-1.5,0.1406494557620214,3.0,-0.7673993653480955,-0.7482842520976054,4.0,-1.3417283089133336,-1.5830396000489282,4.5,-0.36274067947632416,-2.7678014100950286,20.0,1.3918348360803403,2.5741036318241637,-23.552676687325757,8.0,23.552676687325757,-31.247978754656543,12.0,23.552676687325757,-35.28213720279338,10.0,23.552676687325757,-33.266079950547116
4.040404040404041,2.0,-0.9595481381355082,-1.5,0.15515851861369898,3.0,-0.8437137593662167,-0.8298606429601971,4.0,-1.5173806508345171,-1.6748513200077235,4.5,-0.4180459688916058,-3.01214358281109,20.0,1.7635556800071457,3.2005873332628676,-24.55676379481004,8.0,24.55676379481004,-32.24453541568581,12.0,24.55676379481004,-36.27948937166699,10.0,24.55676379481004,-34.26305839794744
4.141414141414141,2.0,-0.8384115082628038,-1.5,0.17343674562762723,3.0,-0.9046191655129148,-0.9196353956755889,4.0,-1.666778151320954,-1.7538920839504575,4.5,-0.47432781744380687,-3.2315797815823126,20.0,2.145430171977894,3.7694986508578006,-25.545353819807367,8.0,25.545353819807367,-33.25229485682236,12.0,25.545353819807367,-37.28494957232969,10.0,25.545353819807367,-35.26959512210827
4.242424242424242,2.0,-0.73407915027078,-1.5,0.19608460767151364,3.0,-0.9498487659278475,-1.0176859400458418,4.0,-1.7831681600600928,-1.822970295919669,4.5,-0.5302597285420938,-3.4222949010666044,20.0,2.518332743884716,4.234350190687273,-26.44178369984337,8.0,26.44178369984337,-34.18796700472965,12.0,26.44178369984337,-38.21608414918844,10.0,26.44178369984337,-36.202857452685045
4.343434343434343,2.0,-0.6443644862037264,-1.5,0.2238693715365256,3.0,-0.9809078732257783,-1.1241214701805828,4.0,-1.8636037805972294,-1.8866582264135443,4.5,-0.5844511661544439,-3.584417557865662,20.0,2.8664637519844076,4.570059052402871,-27.193210414330167,8.0,27.193210414330167,-34.9893053192567,12.0,27.193210414330167,-39.01180400225034,10.0,27.193210414330167,-37.001216133114745
4.444444444444445,2.0,-0.567373414269928,-1.5,0.257748417266266,3.0,-1.0002054660569906,-1.238975178478196,4.0,-1.9083801620775345,-1.9502619573456288,4.5,-0.635417073668124,-3.721076675300667,20.0,3.1777381515439758,4.771930673561688,-27.774031641478775,8.0,27.774031641478775,-35.622660758327726,12.0,27.774031641478775,-39.63940243424281,10.0,27.774031641478775,-37.631523168071254
4.545454545454545,2.0,-0.5014727345158047,-1.5,0.29890003987759023,3.0,-1.0102730082281035,-1.3621493864412528,4.0,-1.9200558919374378,-2.0190672508160996,4.5,-0.6815735125909441,-3.837301342878275,20.0,3.4428766144692413,4.849451604784324,-28.179824530879504,8.0,28.179824530879504,-36.07870769777275,12.0,28.179824530879504,-40.0900826846584,10.0,28.179824530879504,-38.08473295119797
4.646464646464646,2.0,-0.4452625710014306,-1.5,0.3487623599830459,3.0,-1.0132368878358162,-1.493445941267498,4.0,-1.9024535220225165,-2.09795189744028,4.5,-0.7212817984660137,-3.939114361345499,20.0,3.654146623651621,4.819090214765955,-28.418092166371782,8.0,28.418092166371782,-36.36304237565069,12.0,28.418092166371782,-40.369614059004924,10.0,28.418092166371782,-38.366532187580646
4.747474747474747,2.0,-0.3975527550093682,-1.5,0.40908038750884257,3.0,-1.0105486822584144,-1.6326868821924383,4.0,-1.8598431252583916,-2.1912877091839684,4.5,-0.7529406432688801,-4.032909500491388,20.0,3.8044158743708483,4.698655048593096,-28.500311271634992,8.0,28.500311271634992,-36.487238307008205,12.0,28.500311271634992,-40.489526198609916,10.0,28.500311271634992,-38.488469862091684
4.848484848484849,2.0,-0.3573439944883752,-1.5,0.4819619603591421,3.0,-1.0029067256723956,-1.7799166198846177,4.0,-1.796374615852885,-2.3030243527782974,4.5,-0.7751070226699437,-4.125103941493912,20.0,3.8868002307579625,4.503990460165061,-28.437108281917038,8.0,28.437108281917038,-36.46295629530555,12.0,28.437108281917038,-40.461327452905266,10.0,28.437108281917038,-38.46212538024434
4.94949494949495,2.0,-0.3238146321596632,-1.5,0.5699432088250558,3.0,-0.990293520757216,-1.9356642637933836,4.0,-1.7157365199573562,-2.436860826863365,4.5,-0.7866168464217156,-4.221991790379478,20.0,3.894907831649495,4.247706897600759,-28.236396494293842,8.0,28.236396494293842,-36.29936997089349,12.0,28.236396494293842,-40.29402743683011,10.0,28.236396494293842,-38.296584445347506
5.05050505050505,2.0,-0.2963137024124986,-1.5,0.6760626676582044,3.0,-0.9720792566091229,-2.1012314367717173,4.0,-1.6209982069772044,-2.5964448483597984,4.5,-0.7866770188903027,-4.329721486278789,20.0,3.8235620585718317,3.9393468300078043,-27.903760582305964,8.0,27.903760582305964,-36.00301769111857,12.0,27.903760582305964,-39.99402018119217,10.0,27.903760582305964,-37.998308396482805
5.151515151515151,2.0,-0.2743627734586395,-1.5,0.8039436325740041,3.0,-0.9471632397352585,-2.2789829125368235,4.0,-1.5145931204817176,-2.7855717871285446,4.5,-0.7749105044479196,-4.454361918197027,20.0,3.6698337194888744,3.586417317190495,-27.444199780507656,8.0,27.444199780507656,-35.57927866656034,12.0,27.444199780507656,-39.5665930822305,10.0,27.444199780507656,-37.57262691100467
5.252525252525253,2.0,-0.2576695091731244,-1.5,0.9578801609375451,3.0,-0.9141492739411456,-2.4726076745648675,4.0,-1.398411940766657,-3.0083617900006145,4.5,-0.7513499599542236,-4.602015413900403,20.0,3.4342301018393115,3.1958931508061696,-26.864606606952744,8.0,26.864606606952744,-35.034715327560825,12.0,26.864606606952744,-39.01829785209079,10.0,26.864606606952744,-37.02609487995663
5.353535353535354,2.0,-0.24615919400805839,-1.5,1.1429191689052256,3.0,-0.8715606305388834,-2.687333826782573,4.0,-1.2739825929248656,-3.26939895119102,4.5,-0.716392951580856,-4.778964546125571,20.0,3.121899462967113,2.7758826799628933,-26.176479026354574,8.0,26.176479026354574,-34.37962170362595,12.0,26.176479026354574,-38.35948810470717,10.0,26.176479026354574,-36.36903637990626
5.454545454545454,2.0,-0.24003484446997925,-1.5,1.3649226413888011,3.0,-0.8181051895107556,-2.930072616239328,4.0,-1.1427147842283563,-3.5737997356792115,4.5,-0.6707448067268866,-4.991819934884225,20.0,2.7436990361032736,2.3371522377697036,-25.398404924989077,8.0,25.398404924989077,-33.63054850046593,12.0,25.398404924989077,-37.60688595995977,10.0,25.398404924989077,-35.618090477463774
5.555555555555555,2.0,-0.23988491457589053,-1.5,1.6305766205786598,3.0,-0.7529997075958299,-3.2094302671874817,4.0,-1.0061875614505227,-3.9271518377149643,4.5,-0.6153823820948952,-5.247613367145273,20.0,2.3169137688854065,1.8941473488970115,-24.55785600471291,8.0,24.55785600471291,-32.81211008050509,12.0,24.55785600471291,-36.78537907491128,10.0,24.55785600471291,-34.79801444976095
5.656565656565657,2.0,-0.2468749626610221,-1.5,1.9472870849132788,3.0,-0.6763447860700865,-3.5354936892302007,4.0,-0.8664452914394085,-4.335247672731995,4.5,-0.5515746511865703,-5.553757507451308,20.0,1.865273197292317,1.4650393882000512,-23.6916392135465,8.0,23.6916392135465,-31.95776440600793,12.0,23.6916392135465,-35.92880758926188,10.0,23.6916392135465,-33.9424674552544
5.757575757575758,2.0,-0.26309154989716094,-1.5,2.3228418560780835,3.0,-0.5895081859786279,-3.9191782914228845,4.0,-0.7262516181145239,-4.803470405225009,4.5,-0.48098301648541075,-5.917692472019997,20.0,1.4177171276742146,1.0703281848968402,-22.844263001339662,8.0,22.844263001339662,-31.108775582354816,12.0,22.844263001339662,-35.07887991449439,10.0,22.844263001339662,-33.092949657730976
5.858585858585858,2.0,-0.2921724471317967,-1.5,2.7646043459917906,3.0,-0.49542011479813475,-4.370797821080752,4.0,-0.589228703778187,-5.335616620167841,4.5,-0.4058352225110108,-6.345924138021465,20.0,1.0052946626276575,0.7297893801703639,-22.06354043659711,8.0,22.06354043659711,-30.310847610040312,12.0,22.06354043659711,-34.281710436858525,10.0,22.06354043659711,-32.29538604396313
5.959595959595959,2.0,-0.34049080152162475,-1.5,3.2777743776999717,3.0,-0.3986217840590116,-4.897326009359601,4.0,-0.4597855901555368,-5.931768657814923,4.5,-0.32910602951407847,-6.841928519881889,20.0,0.6559441631473985,0.45820138058106397,-21.39329135559448,8.0,21.39329135559448,-29.60809755132834,12.0,21.39329135559448,-33.581621570931475,10.0,21.39329135559448,-31.59400937970795
6.0606060606060606,2.0,-0.4194271454356876,-1.5,3.861790812242397,3.0,-0.3048829906931916,-5.497514759694756,4.0,-0.342738155599996,-6.584415251137391,4.5,-0.2545554430252816,-7.401955529720896,20.0,0.388048123833891,0.26123758475998804,-20.86428326004063,8.0,20.86428326004063,-29.0350387782917,12.0,20.86428326004063,-33.01294612368097,10.0,20.86428326004063,-31.023246056692532
6.161616161616162,2.0,-0.5497561591647088,-1.5,4.503076593859928,3.0,-0.22028466702772445,-6.153443726852649,4.0,-0.2425767469068213,-7.271138938646621,4.5,-0.18642324316469147,-8.006954155472046,20.0,0.20533091023381284,0.13358984480259428,-20.486360777106768,8.0,20.486360777106768,-28.60854919534257,12.0,20.486360777106768,-32.59190010426585,10.0,20.486360777106768,-30.599630371169688
6.262626262626262,2.0,-0.7698434566487682,-1.5,5.160955336647125,3.0,-0.14989414208847235,-6.815917413423982,4.0,-0.16248207363829703,-7.940647565280279,4.5,-0.12866281809284727,-8.607493691622114,20.0,0.0964290136835626,0.0608877775819213,-20.245927318953555,8.0,20.245927318953555,-28.323378168345336,12.0,20.245927318953555,-32.31223003075643,10.0,20.245927318953555,-30.317382440231388
6.363636363636363,2.0,-1.1489492290163639,-1.5,5.742961298149766,3.0,-0.09647759481874736,-7.380269559539108,4.0,-0.10340960099050747,-8.487932793807103,4.5,-0.08388740503905205,-9.09779876966083,20.0,0.040466275368769046,0.02494177396182629,-20.111604538287345,8.0,20.111604538287345,-28.15455358035075,12.0,20.111604538287345,-32.14800678797061,10.0,20.111604538287345,-30.15101719584623
6.4646464646464645,2.0,-1.7990169023877423,-1.5,6.073658760332076,3.0,-0.05986900265850092,-7.6564088720947,4.0,-0.06371850416763172,-8.722207048853614,4.5,-0.052553391653119966,-9.283033982768568,20.0,0.015731595722969394,0.009536908238519113,-20.046175937259797,8.0,20.046175937259797,-28.06692517186684,12.0,20.046175937259797,-32.06357517249515,10.0,20.046175937259797,-30.06510702076157
6.565656565656566,2.0,-2.8456957430098013,-1.5,5.900806253134923,3.0,-0.03739843470534437,-7.3771413997088535,4.0,-0.03968915357124375,-8.373209961520933,4.5,-0.03294955485613909,-8.886083566475627,20.0,0.0061613088792874,0.0037107805458613608,-20.018229653081562,8.0,20.018229653081562,-28.02704286904336,12.0,20.018229653081562,-32.02554162707836,10.0,20.018229653081562,-30.026224168824804
6.666666666666667,2.0,-4.2761966117204455,-1.5,5.051801865267492,3.0,-0.02519448378629271,-6.361476558068335,4.0,-0.026788727091205413,-7.2568504812223855,4.5,-0.022085906057159984,-7.716045652378686,20.0,0.002782215010313506,0.0016873203758869873,-20.007520372091243,8.0,20.007520372091243,-28.010893882629915,12.0,20.007520372091243,-32.01029340774599,10.0,20.007520372091243,-30.01056496289876
6.767676767676767,2.0,-5.735532225768148,-1.5,3.7211181348075306,3.0,-0.01963225139274592,-4.8167084132733855,4.0,-0.02103326815248911,-5.586708676249305,4.5,-0.016926393684523238,-5.9853930823648485,20.0,0.001661516079935735,0.0010323260199517565,-20.003726246597385,8.0,20.003726246597385,-28.00492014265488,12.0,20.003726246597385,-32.004699944003576,10.0,20.003726246597385,-30.00479907771365
6.8686868686868685,2.0,-6.705287798405573,-1.5,2.415810258915371,3.0,-0.01819213878073898,-3.288534439290105,4.0,-0.019760076836066544,-3.9291873866221767,4.5,-0.015225915442082209,-4.267834892792296,20.0,0.001384959833930781,0.0008986951502994704,-20.002538380951165,8.0,20.002538380951165,-28.00290057711768,12.0,20.002538380951165,-32.00282788918319,10.0,20.002538380951165,-30.002860397980044
6.96969696969697,2.0,-6.9888211611104865,-1.5,1.4725851438694417,3.0,-0.01955165878764179,-2.153237335973026,4.0,-0.021654160914427335,-2.6829136071883752,4.5,-0.015691657595294124,-2.971422711523854,20.0,0.001533989675578492,0.0010584369138289314,-20.002450629703176,8.0,20.002450629703176,-28.00244712254397,12.0,20.002450629703176,-32.00243472097226,10.0,20.002450629703176,-30.002439910117616
7.070707070707071,2.0,-6.752224440500853,-1.5,0.8974112396484674,3.0,-0.02327754902782983,-1.4333913482778033,4.0,-0.02640734818905316,-1.8806776386239883,4.5,-0.0177413910286167,-2.1335454680015387,20.0,0.0020648804974526275,0.0015367458554141455,-20.003093671799743,8.0,20.003093671799743,-28.002827979202923,12.0,20.003093671799743,-32.00285088054705,10.0,20.003093671799743,-30.00283980939217
7.171717171717171,2.0,-6.239195282380381,-1.5,0.5690318905586768,3.0,-0.02951942851054335,-1.0046122377161577,4.0,-0.034413062860000905,-1.3973714550864598,4.5,-0.02122240226400232,-1.6290231264296293,20.0,0.0031323659322710497,0.002539634872311578,-20.004621395868945,8.0,20.004621395868945,-28.004019947032784,12.0,20.004621395868945,-32.004080931676725,10.0,20.004621395868945,-30.004052025609116
7.2727272727272725,2.0,-5.621067542106994,-1.5,0.3824354832154717,3.0,-0.038842772315153574,-0.7519405519724353,4.0,-0.0466285647894589,-1.1133351987906215,4.5,-0.02623419764912066,-1.3364963249273767,20.0,0.005095044830777655,0.004527956813748347,-20.0076154147434,8.0,20.0076154147434,-28.006446620792133,12.0,20.0076154147434,-32.006568058783614,10.0,20.0076154147434,-30.00651067504665
7.373737373737374,2.0,-4.99120124324342,-1.5,0.27389639357149437,3.0,-0.05217177682945236,-0.6022871456305614,4.0,-0.06456863948377532,-0.9509676845756353,4.5,-0.033042542936785074,-1.1769330722012386,20.0,0.008619440879877741,0.008421651623322228,-20.01327201580584,8.0,20.01327201580584,-28.011068510576038,12.0,20.01327201580584,-32.01129887933539,10.0,20.01327201580584,-30.01119007499211
7.474747474747475,2.0,-4.394120975066343,-1.5,0.20875172942413756,3.0,-0.07078209990581008,-0.514196477165754,4.0,-0.09036495445459905,-0.8656937276885212,4.5,-0.04204247443855494,-1.10519996409126,20.0,0.01487927312998631,0.015990553085473518,-20.023849222257734,8.0,20.023849222257734,-28.019734332652295,12.0,20.023849222257734,-32.0201656778956,10.0,20.023849222257734,-30.01996179769001
7.575757575757575,2.0,-3.8483702845350174,-1.5,0.1685693831400781,3.0,-0.09629023542029583,-0.46482614331075445,4.0,-0.12682854901337723,-0.832868688596189,4.5,-0.053739826435714934,-1.097011829208429,20.0,0.025873102694704136,0.030530877106281547,-20.043462018758113,8.0,20.043462018758113,-28.035847740300447,12.0,20.043462018758113,-32.036646981369515,10.0,20.043462018758113,-30.0362696869397
7.6767676767676765,2.0,-3.359503586158711,-1.5,0.14342549407971508,3.0,-0.1305856410992513,-0.4415697347316452,4.0,-0.17744239861471928,-0.8389491257111505,4.5,-0.06873201858465425,-1.1399809652024728,20.0,0.04487707355461365,0.05792857345323004,-20.07935206530646,8.0,20.07935206530646,-28.065466786703915,12.0,20.07935206530646,-32.06693308448347,10.0,20.07935206530646,-30.0662393558293
7.777777777777778,2.0,-2.926811793682182,-1.5,0.12784335865583218,3.0,-0.17564351283420698,-0.43740399449347944,4.0,-0.246186356274593,-0.8762818552309786,4.5,-0.08767404421525771,-1.228218643135913,20.0,0.07699688555174722,0.1081025910698078,-20.14368579941604,8.0,20.14368579941604,-28.118931486713766,12.0,20.14368579941604,-32.12155483927131,10.0,20.14368579941604,-30.120316682026235
7.878787878787879,2.0,-2.546719536503751,-1.5,0.11872486282068984,3.0,-0.23315785688979732,-0.4483733874663638,4.0,-0.337078533512197,-0.9399647943202567,4.5,-0.1112188230237669,-1.3589160521934383,20.0,0.1296577121101357,0.19648127119314895,-20.255635600578586,8.0,20.255635600578586,-28.212906441743986,12.0,20.255635600578586,-32.21746847883782,10.0,20.255635600578586,-30.21531590750762
7.979797979797979,2.0,-2.214496632901245,-1.5,0.11429070607588362,3.0,-0.30397499465247924,-0.47220067214634587,4.0,-0.4533442309698189,-1.025799625402137,4.5,-0.13992712927177442,-1.5298638061947152,20.0,0.21267174186062202,0.34451327546195754,-20.44284276846956,8.0,20.44284276846956,-28.372212064914873,12.0,20.44284276846956,-32.37982147740601,10.0,20.44284276846956,-30.376233137480437
8.080808080808081,2.0,-1.9251191266928773,-1.5,0.11352620449767556,3.0,-0.38741447014443176,-0.5074903148662048,4.0,-0.5962449627615157,-1.1289333472336562,4.5,-0.17415473811549054,-1.7374694892800957,20.0,0.3373503279507752,0.5774848158113477,-20.740425922086164,8.0,20.740425922086164,-28.62995250242565,12.0,20.740425922086164,-32.64197684519931,10.0,20.740425922086164,-30.636310522795224
8.181818181818182,2.0,-1.6736957656290343,-1.5,0.11588464683382645,3.0,-0.4807242687157908,-0.5532705409248141,4.0,-0.7638306028435924,-1.2431891267162107,4.5,-0.213942167343928,-1.9753234065860057,20.0,0.5142359597194056,0.917979769936819,-21.185138073778642,8.0,21.185138073778642,-29.023631408665686,12.0,21.185138073778642,-33.041395503555975,10.0,21.185138073778642,-31.033030791992363
8.282828282828282,2.0,-1.455668732418783,-1.5,0.12112581343871254,3.0,-0.5790301543890644,-0.6087619585744092,4.0,-0.9501285962536798,-1.3612540284651562,4.5,-0.25894618013139786,-2.2336770708857094,20.0,0.7496882332997089,1.375382769445583,-21.803464312007225,8.0,21.803464312007225,-29.58528270252816,12.0,21.803464312007225,-33.60950614325,10.0,21.803464312007225,-31.598108217380556
8.383838383838384,2.0,-1.26689612660233,-1.5,0.12922779827317185,3.0,-0.6760375553783345,-0.6733099138056562,4.0,-1.1453327601375107,-1.475728663013502,4.5,-0.3084461253274501,-2.5001575273098497,20.0,1.0426058226614436,1.9357198981452077,-22.59641135837946,8.0,22.59641135837946,-30.326519960198027,12.0,22.59641135837946,-34.356687832797284,10.0,22.59641135837946,-32.34250150484657
8.484848484848484,2.0,-1.1036721632098139,-1.5,0.14034053928971285,3.0,-0.7653739654149216,-0.7464167366065841,4.0,-1.33721841841938,-1.5806497682644272,4.5,-0.3614260091126496,-2.761622525333299,20.0,1.3831302889931911,2.558680408828777,-23.528858081583476,8.0,23.528858081583476,-31.22468884213669,12.0,23.528858081583476,-35.25878785925709,10.0,23.528858081583476,-33.2427584592985
8.585858585858587,2.0,-0.962715413127477,-1.5,0.15476437491409484,3.0,-0.842039505307178,-0.827794455776907,4.0,-1.5133916832094667,-1.6727850056737166,4.5,-0.41669170376002934,-3.0064847307378737,20.0,1.7543543804985011,3.185838960664242,-24.532258001404028,8.0,24.532258001404028,-32.21988068077993,12.0,24.532258001404028,-36.25485388162715,10.0,24.532258001404028,-34.23841392709103
8.686868686868687,2.0,-0.8411414144044373,-1.5,0.17294475250410032,3.0,-0.9033308355515635,-0.9173700301275475,4.0,-1.6635211280232252,-1.7521124575902147,4.5,-0.47296543794045365,-3.2265876212388473,20.0,2.1362213212088057,3.756774826337249,-25.522207460030483,8.0,25.522207460030483,-33.22840859660739,12.0,25.522207460030483,-37.26115022738033,10.0,25.522207460030483,-35.24575505207661
8.787878787878787,2.0,-0.7364285896878852,-1.5,0.19547829453110452,3.0,-0.9489282585806701,-1.0152184112528306,4.0,-1.7807606621227965,-1.8213830815975667,4.5,-0.5289219213698829,-3.418011122586051,20.0,2.5095447888533253,4.224535285142866,-26.421607294726087,8.0,26.421607294726087,-34.16667477496688,12.0,26.421607294726087,-38.194918973826795,10.0,26.421607294726087,-36.1816326687
8.88888888888889,2.0,-0.6463829251415262,-1.5,0.22312800607772065,3.0,-0.9803046556253213,-1.1214496293850749,4.0,-1.8620759699388612,-1.8851406651644778,4.5,-0.5831725520809139,-3.580800226148252,20.0,2.8584338391891,4.563504356147753,-27.17695817289624,8.0,27.17695817289624,-34.97178740998038,12.0,27.17695817289624,-38.99442775535123,10.0,27.17695817289624,-36.983773254480454
8.98989898989899,2.0,-0.5691035852283238,-1.5,0.2568463167300851,3.0,-0.9998568912849102,-1.2360995731772173,4.0,-1.9076939478627015,-1.9486832159176526,4.5,-0.6342347829857865,-3.7180232588389788,20.0,3.1707200923046406,4.7685523505825955,-27.762037101954775,8.0,27.762037101954775,-35.60940610884195,12.0,27.762037101954775,-39.626284025316416,10.0,27.762037101954775,-37.61834060971998
9.09090909090909,2.0,-0.5029513696660635,-1.5,0.29780572091870106,3.0,-1.0101208652989697,-1.3590736703380586,4.0,-1.9201305725143802,-2.017302888056205,4.5,-0.6805267964543148,-3.8346747230410116,20.0,3.4370715824678406,4.8489098884880795,-28.17201797836651,8.0,28.17201797836651,-36.06972211729254,12.0,28.17201797836651,-40.081219856699796,10.0,28.17201797836651,-38.07581222700705
9.191919191919192,2.0,-0.44652107536848173,-1.5,0.34743755059027137,3.0,-1.0132368435694084,-1.4901753471059758,4.0,-1.9031884595002193,-2.0958897153145872,4.5,-0.7204103126389809,-3.9367628051502828,20.0,3.6497313562658587,4.820951668554318,-28.414212370922264,8.0,28.414212370922264,-36.35809929586137,12.0,28.414212370922264,-40.36478176332848,10.0,28.414212370922264,-38.361647498631505
9.292929292929292,2.0,-0.3986176443353971,-1.5,0.4074786939458997,3.0,-1.0106744525319618,-1.6292237114121815,4.0,-1.8611343978228156,-2.1888270556979865,4.5,-0.7522818115287389,-4.030676063928638,20.0,3.8015600400828022,4.702502471519941,-28.50007932799018,8.0,28.50007932799018,-36.4860309093419,12.0,28.50007932799018,-40.48841831064782,10.0,28.50007932799018,-38.487314807124804
9.393939393939394,2.0,-0.3582373897601122,-1.5,0.480027530287233,3.0,-1.0031499963830537,-1.7762554288577457,4.0,-1.7981261648069573,-2.3000732645455524,4.5,-0.7746929867410481,-4.122835002606176,20.0,3.8856663342362974,4.509475639305934,-28.440295113510437,8.0,28.440295113510437,-36.465229012581446,12.0,28.440295113510437,-40.463693368762804,10.0,28.440295113510437,-38.464447050646626
9.494949494949495,2.0,-0.32455442928252753,-1.5,0.5676089256083771,3.0,-0.9906624245058651,-1.9317842537321717,4.0,-1.717865877806794,-2.4333309711183624,4.5,-0.7864717521533892,-4.2195364851752855,20.0,3.8956400639682616,4.254562938709936,-28.242842835838708,8.0,28.242842835838708,-36.30492986472143,12.0,28.242842835838708,-40.2996762111512,10.0,28.242842835838708,-38.30219111305838
9.595959595959595,2.0,-0.2969136670170958,-1.5,0.6732482591923646,3.0,-0.9725953010360707,-2.09708942310638,4.0,-1.623438703117964,-2.5922467072507,4.5,-0.786815279988879,-4.326931898702248,20.0,3.82626422050282,3.9473721354315607,-27.913347248538347,8.0,27.913347248538347,-36.01172937455644,12.0,27.913347248538347,-40.00282052614476,10.0,27.913347248538347,-38.00706675687356
9.696969696969697,2.0,-0.2748323991295694,-1.5,0.8005536642958642,3.0,-0.9478573021495578,-2.274506984602084,4.0,-1.5172926403539766,-2.7806099693976942,4.5,-0.7753363750660244,-4.4510909318250125,20.0,3.674541223642498,3.595442271643249,-27.45679304526008,8.0,27.45679304526008,-35.59101193493092,12.0,27.45679304526008,-39.57841748192971,10.0,27.45679304526008,-37.58440813709389
9.797979797979798,2.0,-0.2580134892908303,-1.5,0.9538019114894645,3.0,-0.9150571364318992,-2.4676909382885275,4.0,-1.4013297978826815,-3.002531342087293,4.5,-0.7520581623702489,-4.598113572612673,20.0,3.4408809424437816,3.2057420801180463,-26.879996334842076,8.0,26.879996334842076,-35.049274234518776,12.0,26.879996334842076,-39.03294759575642,10.0,26.879996334842076,-37.040701746948734
9.8989898989899,2.0,-0.24637637862299902,-1.5,1.1380208023564526,3.0,-0.8727171115198001,-2.681830110362066,4.0,-1.2770842079253841,-3.2625824533758347,4.5,-0.7173700775225731,-4.774276192436274,20.0,3.130305709731175,2.7863331027704827,-26.194312439590345,8.0,26.194312439590345,-34.396693450740976,12.0,26.194312439590345,-38.37664825379871,10.0,26.194312439590345,-36.38615499161013
10.0,2.0,-0.24011632576994763,-1.5,1.3590521639263973,3.0,-0.8195370385527397,-2.92379416712666,4.0,-1.1459651187070499,-3.565866979406916,4.5,-0.6719705549597624,-4.986179982256686,20.0,2.7535237930318237,2.3479021491747862,-25.418132022861542,8.0,25.418132022861542,-33.64964147086581,12.0,25.418132022861542,-37.626060453713535,10.0,25.418132022861542,-35.63722680352002
